game_id,project,experiment,iteration,dev_mode,condition,randomization,prolific_id,browser,browser_width,browser_height,is_mobile_device,start_experiment_ts,end_experiment_ts,experiment_duration_ms,comprehension_attempts,design_trial_order,age,gender,race,ethnicity,judged_difficulty,judged_effort,input_device,feedback,technical_difficulties
0013-97b95bb2-3451-49be-8b59-da525f0ca6eb,environment_design,overcooked_design,prolific-run-01132026,False,communicative,fully-interleaved,664770af0e8f4c4cc2b8a6e8,chrome,2560.0,1271.0,False,1768354432836.0,1768354924443.0,491607.0,0.0,"[""ccd95ed1-36b4-46f6-a2fc-fd3f110cda80_Salad"",""908ba92f-7e3f-40cf-a293-86847bd7f04f_SaladOL"",""e5abe513-7271-4d97-8f41-c67d5dc744c7_Salad"",""74b431e8-e8ca-48fd-b5b4-ab6f32563faf_SaladOL"",""b69ccfaa-7ae4-4bf8-ac1f-a0a9d5fcb40f_Salad"",""6be479f8-4a3f-4d97-8f06-0f301b0acd64_Salad"",""9ea49cb3-212e-452f-908a-09b81601fe45_SaladOL"",""94e306f0-ad75-49ba-b2f1-553a5ce7c9c5_Salad"",""9869c018-45e4-4d69-80fb-dc3e7ac8cb03_SaladOL"",""74b431e8-e8ca-48fd-b5b4-ab6f32563faf_Salad"",""e9fc4a2f-efaf-4341-b11b-bf9fbb625dc5_Salad"",""6be479f8-4a3f-4d97-8f06-0f301b0acd64_SaladOL"",""b69ccfaa-7ae4-4bf8-ac1f-a0a9d5fcb40f_SaladOL"",""923da982-5016-4456-980f-fe08463be1e4_Salad"",""e5abe513-7271-4d97-8f41-c67d5dc744c7_SaladOL"",""e9fc4a2f-efaf-4341-b11b-bf9fbb625dc5_SaladOL"",""9ea49cb3-212e-452f-908a-09b81601fe45_Salad"",""9869c018-45e4-4d69-80fb-dc3e7ac8cb03_Salad"",""a3f0e9a9-0cec-4adb-855a-238beeba7bf9_SaladOL"",""94e306f0-ad75-49ba-b2f1-553a5ce7c9c5_SaladOL"",""908ba92f-7e3f-40cf-a293-86847bd7f04f_Salad"",""923da982-5016-4456-980f-fe08463be1e4_SaladOL"",""a3f0e9a9-0cec-4adb-855a-238beeba7bf9_Salad"",""ccd95ed1-36b4-46f6-a2fc-fd3f110cda80_SaladOL""]",35,Male,Asian,Non-Hispanic,3,5,Mouse,Trying to focus on minimizing dead space or unnecessary movements.,N/A
0030-765a5735-1ed2-422d-898a-c19e5bfaf77a,environment_design,overcooked_design,prolific-run-01132026,False,base,fully-interleaved,692a268e1eab9d860c677fa2,chrome,1920.0,1080.0,False,1768355024015.0,1768355510300.0,486285.0,0.0,"[""908ba92f-7e3f-40cf-a293-86847bd7f04f_SaladOL"",""a3f0e9a9-0cec-4adb-855a-238beeba7bf9_SaladOL"",""a3f0e9a9-0cec-4adb-855a-238beeba7bf9_Salad"",""9ea49cb3-212e-452f-908a-09b81601fe45_Salad"",""94e306f0-ad75-49ba-b2f1-553a5ce7c9c5_Salad"",""e9fc4a2f-efaf-4341-b11b-bf9fbb625dc5_Salad"",""9869c018-45e4-4d69-80fb-dc3e7ac8cb03_Salad"",""923da982-5016-4456-980f-fe08463be1e4_SaladOL"",""9ea49cb3-212e-452f-908a-09b81601fe45_SaladOL"",""e5abe513-7271-4d97-8f41-c67d5dc744c7_Salad"",""74b431e8-e8ca-48fd-b5b4-ab6f32563faf_SaladOL"",""6be479f8-4a3f-4d97-8f06-0f301b0acd64_SaladOL"",""ccd95ed1-36b4-46f6-a2fc-fd3f110cda80_Salad"",""e5abe513-7271-4d97-8f41-c67d5dc744c7_SaladOL"",""b69ccfaa-7ae4-4bf8-ac1f-a0a9d5fcb40f_SaladOL"",""6be479f8-4a3f-4d97-8f06-0f301b0acd64_Salad"",""9869c018-45e4-4d69-80fb-dc3e7ac8cb03_SaladOL"",""e9fc4a2f-efaf-4341-b11b-bf9fbb625dc5_SaladOL"",""b69ccfaa-7ae4-4bf8-ac1f-a0a9d5fcb40f_Salad"",""923da982-5016-4456-980f-fe08463be1e4_Salad"",""94e306f0-ad75-49ba-b2f1-553a5ce7c9c5_SaladOL"",""ccd95ed1-36b4-46f6-a2fc-fd3f110cda80_SaladOL"",""74b431e8-e8ca-48fd-b5b4-ab6f32563faf_Salad"",""908ba92f-7e3f-40cf-a293-86847bd7f04f_Salad""]",46,Male,White,Non-Hispanic,1,5,Mouse,"Just what looked it it would take the least steps to reach each ingredient, the knife, the plate, and the goal",
0079-22827ac2-3c8f-499b-ab17-a9a58700d117,environment_design,overcooked_design,prolific-run-01132026,False,base,fully-interleaved,5a4ff86beedc32000141f232,chrome,1600.0,739.0,False,1768346484260.0,1768348792699.0,2308439.0,0.0,"[""e9fc4a2f-efaf-4341-b11b-bf9fbb625dc5_SaladOL"",""9ea49cb3-212e-452f-908a-09b81601fe45_SaladOL"",""b69ccfaa-7ae4-4bf8-ac1f-a0a9d5fcb40f_SaladOL"",""a3f0e9a9-0cec-4adb-855a-238beeba7bf9_SaladOL"",""74b431e8-e8ca-48fd-b5b4-ab6f32563faf_SaladOL"",""9869c018-45e4-4d69-80fb-dc3e7ac8cb03_Salad"",""923da982-5016-4456-980f-fe08463be1e4_Salad"",""6be479f8-4a3f-4d97-8f06-0f301b0acd64_Salad"",""923da982-5016-4456-980f-fe08463be1e4_SaladOL"",""e9fc4a2f-efaf-4341-b11b-bf9fbb625dc5_Salad"",""9ea49cb3-212e-452f-908a-09b81601fe45_Salad"",""6be479f8-4a3f-4d97-8f06-0f301b0acd64_SaladOL"",""94e306f0-ad75-49ba-b2f1-553a5ce7c9c5_SaladOL"",""a3f0e9a9-0cec-4adb-855a-238beeba7bf9_Salad"",""b69ccfaa-7ae4-4bf8-ac1f-a0a9d5fcb40f_Salad"",""74b431e8-e8ca-48fd-b5b4-ab6f32563faf_Salad"",""ccd95ed1-36b4-46f6-a2fc-fd3f110cda80_SaladOL"",""908ba92f-7e3f-40cf-a293-86847bd7f04f_Salad"",""ccd95ed1-36b4-46f6-a2fc-fd3f110cda80_Salad"",""e5abe513-7271-4d97-8f41-c67d5dc744c7_Salad"",""908ba92f-7e3f-40cf-a293-86847bd7f04f_SaladOL"",""94e306f0-ad75-49ba-b2f1-553a5ce7c9c5_Salad"",""9869c018-45e4-4d69-80fb-dc3e7ac8cb03_SaladOL"",""e5abe513-7271-4d97-8f41-c67d5dc744c7_SaladOL""]",47,Female,White,Non-Hispanic,3,5,Mouse,I was interesting and kind of hard to figure out what was best.,
0201-5d04c66f-713b-4d0a-a057-66a1e20fb3ac,environment_design,overcooked_design,prolific-run-01132026,False,communicative,fully-interleaved,60ff140bb12e7cc7e6927299,chrome,1429.0,700.0,False,1768354246823.0,1768354715868.0,469045.0,0.0,"[""908ba92f-7e3f-40cf-a293-86847bd7f04f_SaladOL"",""e5abe513-7271-4d97-8f41-c67d5dc744c7_Salad"",""94e306f0-ad75-49ba-b2f1-553a5ce7c9c5_SaladOL"",""a3f0e9a9-0cec-4adb-855a-238beeba7bf9_Salad"",""e5abe513-7271-4d97-8f41-c67d5dc744c7_SaladOL"",""923da982-5016-4456-980f-fe08463be1e4_Salad"",""ccd95ed1-36b4-46f6-a2fc-fd3f110cda80_Salad"",""74b431e8-e8ca-48fd-b5b4-ab6f32563faf_SaladOL"",""6be479f8-4a3f-4d97-8f06-0f301b0acd64_Salad"",""74b431e8-e8ca-48fd-b5b4-ab6f32563faf_Salad"",""908ba92f-7e3f-40cf-a293-86847bd7f04f_Salad"",""6be479f8-4a3f-4d97-8f06-0f301b0acd64_SaladOL"",""ccd95ed1-36b4-46f6-a2fc-fd3f110cda80_SaladOL"",""9869c018-45e4-4d69-80fb-dc3e7ac8cb03_Salad"",""94e306f0-ad75-49ba-b2f1-553a5ce7c9c5_Salad"",""e9fc4a2f-efaf-4341-b11b-bf9fbb625dc5_Salad"",""a3f0e9a9-0cec-4adb-855a-238beeba7bf9_SaladOL"",""923da982-5016-4456-980f-fe08463be1e4_SaladOL"",""b69ccfaa-7ae4-4bf8-ac1f-a0a9d5fcb40f_Salad"",""e9fc4a2f-efaf-4341-b11b-bf9fbb625dc5_SaladOL"",""b69ccfaa-7ae4-4bf8-ac1f-a0a9d5fcb40f_SaladOL"",""9ea49cb3-212e-452f-908a-09b81601fe45_Salad"",""9ea49cb3-212e-452f-908a-09b81601fe45_SaladOL"",""9869c018-45e4-4d69-80fb-dc3e7ac8cb03_SaladOL""]",24,Female,White,Non-Hispanic,2,5,Trackpad,Access to the ingredient they needed,I did not encounter any
0224-67fc234c-362c-4b28-af35-38ce42e2c8fb,environment_design,overcooked_design,prolific-run-01132026,False,base,fully-interleaved,5eea9a9ea8d6d71ba912a73e,chrome,1280.0,585.0,False,1768342032568.0,1768342653478.0,620910.0,0.0,"[""e5abe513-7271-4d97-8f41-c67d5dc744c7_Salad"",""e5abe513-7271-4d97-8f41-c67d5dc744c7_SaladOL"",""6be479f8-4a3f-4d97-8f06-0f301b0acd64_Salad"",""908ba92f-7e3f-40cf-a293-86847bd7f04f_Salad"",""923da982-5016-4456-980f-fe08463be1e4_SaladOL"",""a3f0e9a9-0cec-4adb-855a-238beeba7bf9_SaladOL"",""9ea49cb3-212e-452f-908a-09b81601fe45_Salad"",""a3f0e9a9-0cec-4adb-855a-238beeba7bf9_Salad"",""74b431e8-e8ca-48fd-b5b4-ab6f32563faf_Salad"",""b69ccfaa-7ae4-4bf8-ac1f-a0a9d5fcb40f_Salad"",""74b431e8-e8ca-48fd-b5b4-ab6f32563faf_SaladOL"",""923da982-5016-4456-980f-fe08463be1e4_Salad"",""6be479f8-4a3f-4d97-8f06-0f301b0acd64_SaladOL"",""e9fc4a2f-efaf-4341-b11b-bf9fbb625dc5_Salad"",""9869c018-45e4-4d69-80fb-dc3e7ac8cb03_Salad"",""94e306f0-ad75-49ba-b2f1-553a5ce7c9c5_Salad"",""9ea49cb3-212e-452f-908a-09b81601fe45_SaladOL"",""ccd95ed1-36b4-46f6-a2fc-fd3f110cda80_Salad"",""9869c018-45e4-4d69-80fb-dc3e7ac8cb03_SaladOL"",""908ba92f-7e3f-40cf-a293-86847bd7f04f_SaladOL"",""b69ccfaa-7ae4-4bf8-ac1f-a0a9d5fcb40f_SaladOL"",""e9fc4a2f-efaf-4341-b11b-bf9fbb625dc5_SaladOL"",""ccd95ed1-36b4-46f6-a2fc-fd3f110cda80_SaladOL"",""94e306f0-ad75-49ba-b2f1-553a5ce7c9c5_SaladOL""]",39,Male,White,Non-Hispanic,2,5,Trackpad,Tried to make it so the least amount of steps were necessary,no
0237-3c29a0dc-37a8-4a61-aa7a-75213db843a5,environment_design,overcooked_design,prolific-run-01132026,False,communicative,fully-interleaved,65ca7b52b557f4aa965301ef,chrome,1366.0,633.0,False,1768354166700.0,1768354959500.0,792800.0,0.0,"[""e5abe513-7271-4d97-8f41-c67d5dc744c7_Salad"",""e5abe513-7271-4d97-8f41-c67d5dc744c7_SaladOL"",""6be479f8-4a3f-4d97-8f06-0f301b0acd64_SaladOL"",""94e306f0-ad75-49ba-b2f1-553a5ce7c9c5_SaladOL"",""b69ccfaa-7ae4-4bf8-ac1f-a0a9d5fcb40f_SaladOL"",""908ba92f-7e3f-40cf-a293-86847bd7f04f_Salad"",""9ea49cb3-212e-452f-908a-09b81601fe45_Salad"",""e9fc4a2f-efaf-4341-b11b-bf9fbb625dc5_SaladOL"",""6be479f8-4a3f-4d97-8f06-0f301b0acd64_Salad"",""e9fc4a2f-efaf-4341-b11b-bf9fbb625dc5_Salad"",""923da982-5016-4456-980f-fe08463be1e4_SaladOL"",""923da982-5016-4456-980f-fe08463be1e4_Salad"",""74b431e8-e8ca-48fd-b5b4-ab6f32563faf_Salad"",""b69ccfaa-7ae4-4bf8-ac1f-a0a9d5fcb40f_Salad"",""9869c018-45e4-4d69-80fb-dc3e7ac8cb03_Salad"",""908ba92f-7e3f-40cf-a293-86847bd7f04f_SaladOL"",""74b431e8-e8ca-48fd-b5b4-ab6f32563faf_SaladOL"",""a3f0e9a9-0cec-4adb-855a-238beeba7bf9_SaladOL"",""ccd95ed1-36b4-46f6-a2fc-fd3f110cda80_SaladOL"",""9869c018-45e4-4d69-80fb-dc3e7ac8cb03_SaladOL"",""94e306f0-ad75-49ba-b2f1-553a5ce7c9c5_Salad"",""a3f0e9a9-0cec-4adb-855a-238beeba7bf9_Salad"",""9ea49cb3-212e-452f-908a-09b81601fe45_SaladOL"",""ccd95ed1-36b4-46f6-a2fc-fd3f110cda80_Salad""]",42,Female,Black/African American,Non-Hispanic,2,5,Mouse,I tried to get the ingredients and utensils as close as possible to each other.,
0263-dd1c0e35-d792-4a96-8122-2ce2f7148a3f,environment_design,overcooked_design,prolific-run-01132026,False,communicative,fully-interleaved,5484949efdf99b0379939cc6,firefox,1536.0,694.0,False,1768354140191.0,1768354780648.0,640457.0,0.0,"[""923da982-5016-4456-980f-fe08463be1e4_SaladOL"",""b69ccfaa-7ae4-4bf8-ac1f-a0a9d5fcb40f_SaladOL"",""923da982-5016-4456-980f-fe08463be1e4_Salad"",""6be479f8-4a3f-4d97-8f06-0f301b0acd64_Salad"",""908ba92f-7e3f-40cf-a293-86847bd7f04f_SaladOL"",""9ea49cb3-212e-452f-908a-09b81601fe45_SaladOL"",""6be479f8-4a3f-4d97-8f06-0f301b0acd64_SaladOL"",""e5abe513-7271-4d97-8f41-c67d5dc744c7_Salad"",""e9fc4a2f-efaf-4341-b11b-bf9fbb625dc5_Salad"",""908ba92f-7e3f-40cf-a293-86847bd7f04f_Salad"",""b69ccfaa-7ae4-4bf8-ac1f-a0a9d5fcb40f_Salad"",""94e306f0-ad75-49ba-b2f1-553a5ce7c9c5_SaladOL"",""ccd95ed1-36b4-46f6-a2fc-fd3f110cda80_SaladOL"",""9869c018-45e4-4d69-80fb-dc3e7ac8cb03_SaladOL"",""a3f0e9a9-0cec-4adb-855a-238beeba7bf9_SaladOL"",""e5abe513-7271-4d97-8f41-c67d5dc744c7_SaladOL"",""74b431e8-e8ca-48fd-b5b4-ab6f32563faf_Salad"",""a3f0e9a9-0cec-4adb-855a-238beeba7bf9_Salad"",""9ea49cb3-212e-452f-908a-09b81601fe45_Salad"",""74b431e8-e8ca-48fd-b5b4-ab6f32563faf_SaladOL"",""9869c018-45e4-4d69-80fb-dc3e7ac8cb03_Salad"",""e9fc4a2f-efaf-4341-b11b-bf9fbb625dc5_SaladOL"",""ccd95ed1-36b4-46f6-a2fc-fd3f110cda80_Salad"",""94e306f0-ad75-49ba-b2f1-553a5ce7c9c5_Salad""]",41,Male,White,Non-Hispanic,4,4,Mouse,I tried to reduce the steps needed to get to the important ingredient,
0433-5e8862ea-ac53-4acb-a00c-28ebae29f70a,environment_design,overcooked_design,prolific-run-01132026,False,communicative,fully-interleaved,677e687b4fe041287b17a704,chrome,1504.0,876.0,False,1768356054220.0,1768357697778.0,1643558.0,0.0,"[""74b431e8-e8ca-48fd-b5b4-ab6f32563faf_SaladOL"",""923da982-5016-4456-980f-fe08463be1e4_SaladOL"",""e5abe513-7271-4d97-8f41-c67d5dc744c7_Salad"",""b69ccfaa-7ae4-4bf8-ac1f-a0a9d5fcb40f_Salad"",""9ea49cb3-212e-452f-908a-09b81601fe45_Salad"",""ccd95ed1-36b4-46f6-a2fc-fd3f110cda80_Salad"",""e5abe513-7271-4d97-8f41-c67d5dc744c7_SaladOL"",""94e306f0-ad75-49ba-b2f1-553a5ce7c9c5_Salad"",""9869c018-45e4-4d69-80fb-dc3e7ac8cb03_SaladOL"",""a3f0e9a9-0cec-4adb-855a-238beeba7bf9_Salad"",""9ea49cb3-212e-452f-908a-09b81601fe45_SaladOL"",""908ba92f-7e3f-40cf-a293-86847bd7f04f_SaladOL"",""a3f0e9a9-0cec-4adb-855a-238beeba7bf9_SaladOL"",""74b431e8-e8ca-48fd-b5b4-ab6f32563faf_Salad"",""6be479f8-4a3f-4d97-8f06-0f301b0acd64_SaladOL"",""b69ccfaa-7ae4-4bf8-ac1f-a0a9d5fcb40f_SaladOL"",""94e306f0-ad75-49ba-b2f1-553a5ce7c9c5_SaladOL"",""923da982-5016-4456-980f-fe08463be1e4_Salad"",""e9fc4a2f-efaf-4341-b11b-bf9fbb625dc5_SaladOL"",""9869c018-45e4-4d69-80fb-dc3e7ac8cb03_Salad"",""e9fc4a2f-efaf-4341-b11b-bf9fbb625dc5_Salad"",""ccd95ed1-36b4-46f6-a2fc-fd3f110cda80_SaladOL"",""6be479f8-4a3f-4d97-8f06-0f301b0acd64_Salad"",""908ba92f-7e3f-40cf-a293-86847bd7f04f_Salad""]",53,Female,Black/African American,Non-Hispanic,4,5,Mouse,EASIEST LAYOUT OF FURNITURE,NONE
0676-360c571f-8eac-43dc-9727-971dec8031a1,environment_design,overcooked_design,prolific-run-01132026,False,base,fully-interleaved,67cadeb08bf55a9b89a9f487,chrome,1920.0,919.0,False,1768347623616.0,1768348182846.0,559230.0,0.0,"[""9869c018-45e4-4d69-80fb-dc3e7ac8cb03_Salad"",""9ea49cb3-212e-452f-908a-09b81601fe45_SaladOL"",""b69ccfaa-7ae4-4bf8-ac1f-a0a9d5fcb40f_Salad"",""923da982-5016-4456-980f-fe08463be1e4_Salad"",""908ba92f-7e3f-40cf-a293-86847bd7f04f_Salad"",""e5abe513-7271-4d97-8f41-c67d5dc744c7_SaladOL"",""b69ccfaa-7ae4-4bf8-ac1f-a0a9d5fcb40f_SaladOL"",""a3f0e9a9-0cec-4adb-855a-238beeba7bf9_Salad"",""923da982-5016-4456-980f-fe08463be1e4_SaladOL"",""94e306f0-ad75-49ba-b2f1-553a5ce7c9c5_Salad"",""94e306f0-ad75-49ba-b2f1-553a5ce7c9c5_SaladOL"",""6be479f8-4a3f-4d97-8f06-0f301b0acd64_Salad"",""ccd95ed1-36b4-46f6-a2fc-fd3f110cda80_SaladOL"",""74b431e8-e8ca-48fd-b5b4-ab6f32563faf_SaladOL"",""9869c018-45e4-4d69-80fb-dc3e7ac8cb03_SaladOL"",""9ea49cb3-212e-452f-908a-09b81601fe45_Salad"",""74b431e8-e8ca-48fd-b5b4-ab6f32563faf_Salad"",""a3f0e9a9-0cec-4adb-855a-238beeba7bf9_SaladOL"",""e9fc4a2f-efaf-4341-b11b-bf9fbb625dc5_Salad"",""ccd95ed1-36b4-46f6-a2fc-fd3f110cda80_Salad"",""e9fc4a2f-efaf-4341-b11b-bf9fbb625dc5_SaladOL"",""e5abe513-7271-4d97-8f41-c67d5dc744c7_Salad"",""6be479f8-4a3f-4d97-8f06-0f301b0acd64_SaladOL"",""908ba92f-7e3f-40cf-a293-86847bd7f04f_SaladOL""]",51,Female,White,Non-Hispanic,2,3,Trackpad,efficiency ,i did not encounter any difficulties !
0687-9c9c6983-8c61-4a87-9e14-694a4848ee32,environment_design,overcooked_design,prolific-run-01132026,False,base,fully-interleaved,5f2df42324e8d813b1c620d2,chrome,1528.0,732.0,False,1768346350264.0,1768346942357.0,592093.0,1.0,"[""e5abe513-7271-4d97-8f41-c67d5dc744c7_SaladOL"",""923da982-5016-4456-980f-fe08463be1e4_SaladOL"",""9869c018-45e4-4d69-80fb-dc3e7ac8cb03_Salad"",""ccd95ed1-36b4-46f6-a2fc-fd3f110cda80_Salad"",""ccd95ed1-36b4-46f6-a2fc-fd3f110cda80_SaladOL"",""a3f0e9a9-0cec-4adb-855a-238beeba7bf9_SaladOL"",""e5abe513-7271-4d97-8f41-c67d5dc744c7_Salad"",""908ba92f-7e3f-40cf-a293-86847bd7f04f_Salad"",""923da982-5016-4456-980f-fe08463be1e4_Salad"",""9ea49cb3-212e-452f-908a-09b81601fe45_Salad"",""b69ccfaa-7ae4-4bf8-ac1f-a0a9d5fcb40f_Salad"",""e9fc4a2f-efaf-4341-b11b-bf9fbb625dc5_SaladOL"",""74b431e8-e8ca-48fd-b5b4-ab6f32563faf_Salad"",""9869c018-45e4-4d69-80fb-dc3e7ac8cb03_SaladOL"",""e9fc4a2f-efaf-4341-b11b-bf9fbb625dc5_Salad"",""a3f0e9a9-0cec-4adb-855a-238beeba7bf9_Salad"",""908ba92f-7e3f-40cf-a293-86847bd7f04f_SaladOL"",""94e306f0-ad75-49ba-b2f1-553a5ce7c9c5_SaladOL"",""6be479f8-4a3f-4d97-8f06-0f301b0acd64_Salad"",""6be479f8-4a3f-4d97-8f06-0f301b0acd64_SaladOL"",""9ea49cb3-212e-452f-908a-09b81601fe45_SaladOL"",""74b431e8-e8ca-48fd-b5b4-ab6f32563faf_SaladOL"",""b69ccfaa-7ae4-4bf8-ac1f-a0a9d5fcb40f_SaladOL"",""94e306f0-ad75-49ba-b2f1-553a5ce7c9c5_Salad""]",33,Female,Asian,Non-Hispanic,2,5,Trackpad,I just wanted the vegetable dispensers to be close and easily accesible.,none
0708-982232c0-b657-46b2-8850-359c0c666d69,environment_design,overcooked_design,prolific-run-01132026,False,base,fully-interleaved,5cc027d9c33b090015faffdf,firefox,1869.0,893.0,False,1768353922672.0,1768354670173.0,747501.0,1.0,"[""e9fc4a2f-efaf-4341-b11b-bf9fbb625dc5_SaladOL"",""74b431e8-e8ca-48fd-b5b4-ab6f32563faf_SaladOL"",""9869c018-45e4-4d69-80fb-dc3e7ac8cb03_SaladOL"",""9ea49cb3-212e-452f-908a-09b81601fe45_SaladOL"",""9869c018-45e4-4d69-80fb-dc3e7ac8cb03_Salad"",""74b431e8-e8ca-48fd-b5b4-ab6f32563faf_Salad"",""9ea49cb3-212e-452f-908a-09b81601fe45_Salad"",""e9fc4a2f-efaf-4341-b11b-bf9fbb625dc5_Salad"",""908ba92f-7e3f-40cf-a293-86847bd7f04f_Salad"",""6be479f8-4a3f-4d97-8f06-0f301b0acd64_SaladOL"",""e5abe513-7271-4d97-8f41-c67d5dc744c7_Salad"",""ccd95ed1-36b4-46f6-a2fc-fd3f110cda80_SaladOL"",""923da982-5016-4456-980f-fe08463be1e4_SaladOL"",""908ba92f-7e3f-40cf-a293-86847bd7f04f_SaladOL"",""6be479f8-4a3f-4d97-8f06-0f301b0acd64_Salad"",""ccd95ed1-36b4-46f6-a2fc-fd3f110cda80_Salad"",""a3f0e9a9-0cec-4adb-855a-238beeba7bf9_SaladOL"",""b69ccfaa-7ae4-4bf8-ac1f-a0a9d5fcb40f_SaladOL"",""a3f0e9a9-0cec-4adb-855a-238beeba7bf9_Salad"",""94e306f0-ad75-49ba-b2f1-553a5ce7c9c5_Salad"",""94e306f0-ad75-49ba-b2f1-553a5ce7c9c5_SaladOL"",""e5abe513-7271-4d97-8f41-c67d5dc744c7_SaladOL"",""923da982-5016-4456-980f-fe08463be1e4_Salad"",""b69ccfaa-7ae4-4bf8-ac1f-a0a9d5fcb40f_Salad""]",40,Male,Black/African American,Non-Hispanic,1,5,Mouse,I noted how close I could make the plates to the finishing star tile. The salad type was also a major factor and close I can keep the needed ingredients to each other.,
0749-bc5afc2b-7d9a-42b1-a9b0-705f25fb6cf8,environment_design,overcooked_design,prolific-run-01132026,False,communicative,fully-interleaved,663140c398e19ff9b77d4663,chrome,535.0,670.0,False,1768348196155.0,1768348873185.0,677030.0,1.0,"[""6be479f8-4a3f-4d97-8f06-0f301b0acd64_SaladOL"",""94e306f0-ad75-49ba-b2f1-553a5ce7c9c5_Salad"",""9ea49cb3-212e-452f-908a-09b81601fe45_Salad"",""74b431e8-e8ca-48fd-b5b4-ab6f32563faf_Salad"",""9869c018-45e4-4d69-80fb-dc3e7ac8cb03_Salad"",""e5abe513-7271-4d97-8f41-c67d5dc744c7_SaladOL"",""9ea49cb3-212e-452f-908a-09b81601fe45_SaladOL"",""a3f0e9a9-0cec-4adb-855a-238beeba7bf9_SaladOL"",""908ba92f-7e3f-40cf-a293-86847bd7f04f_Salad"",""e5abe513-7271-4d97-8f41-c67d5dc744c7_Salad"",""923da982-5016-4456-980f-fe08463be1e4_Salad"",""e9fc4a2f-efaf-4341-b11b-bf9fbb625dc5_SaladOL"",""b69ccfaa-7ae4-4bf8-ac1f-a0a9d5fcb40f_SaladOL"",""94e306f0-ad75-49ba-b2f1-553a5ce7c9c5_SaladOL"",""b69ccfaa-7ae4-4bf8-ac1f-a0a9d5fcb40f_Salad"",""a3f0e9a9-0cec-4adb-855a-238beeba7bf9_Salad"",""74b431e8-e8ca-48fd-b5b4-ab6f32563faf_SaladOL"",""9869c018-45e4-4d69-80fb-dc3e7ac8cb03_SaladOL"",""908ba92f-7e3f-40cf-a293-86847bd7f04f_SaladOL"",""ccd95ed1-36b4-46f6-a2fc-fd3f110cda80_SaladOL"",""923da982-5016-4456-980f-fe08463be1e4_SaladOL"",""e9fc4a2f-efaf-4341-b11b-bf9fbb625dc5_Salad"",""6be479f8-4a3f-4d97-8f06-0f301b0acd64_Salad"",""ccd95ed1-36b4-46f6-a2fc-fd3f110cda80_Salad""]",34,Female,Asian,Non-Hispanic,1,3,Trackpad,Making sure it made sense,none
0782-1c5540bb-4bda-4caf-a12c-ccb6bdb23afc,environment_design,overcooked_design,prolific-run-01132026,False,communicative,fully-interleaved,66a4c9927aaee29994fcdd8f,chrome,1536.0,730.0,False,1768356649282.0,1768357061155.0,411873.0,0.0,"[""74b431e8-e8ca-48fd-b5b4-ab6f32563faf_Salad"",""ccd95ed1-36b4-46f6-a2fc-fd3f110cda80_SaladOL"",""b69ccfaa-7ae4-4bf8-ac1f-a0a9d5fcb40f_Salad"",""b69ccfaa-7ae4-4bf8-ac1f-a0a9d5fcb40f_SaladOL"",""e5abe513-7271-4d97-8f41-c67d5dc744c7_Salad"",""e9fc4a2f-efaf-4341-b11b-bf9fbb625dc5_SaladOL"",""923da982-5016-4456-980f-fe08463be1e4_SaladOL"",""94e306f0-ad75-49ba-b2f1-553a5ce7c9c5_Salad"",""e9fc4a2f-efaf-4341-b11b-bf9fbb625dc5_Salad"",""a3f0e9a9-0cec-4adb-855a-238beeba7bf9_SaladOL"",""6be479f8-4a3f-4d97-8f06-0f301b0acd64_Salad"",""908ba92f-7e3f-40cf-a293-86847bd7f04f_Salad"",""9869c018-45e4-4d69-80fb-dc3e7ac8cb03_SaladOL"",""94e306f0-ad75-49ba-b2f1-553a5ce7c9c5_SaladOL"",""9ea49cb3-212e-452f-908a-09b81601fe45_SaladOL"",""ccd95ed1-36b4-46f6-a2fc-fd3f110cda80_Salad"",""908ba92f-7e3f-40cf-a293-86847bd7f04f_SaladOL"",""9ea49cb3-212e-452f-908a-09b81601fe45_Salad"",""a3f0e9a9-0cec-4adb-855a-238beeba7bf9_Salad"",""e5abe513-7271-4d97-8f41-c67d5dc744c7_SaladOL"",""923da982-5016-4456-980f-fe08463be1e4_Salad"",""74b431e8-e8ca-48fd-b5b4-ab6f32563faf_SaladOL"",""9869c018-45e4-4d69-80fb-dc3e7ac8cb03_Salad"",""6be479f8-4a3f-4d97-8f06-0f301b0acd64_SaladOL""]",30,Female,Black/African American,Non-Hispanic,1,5,Mouse,I positioned the table closer to the chopping board. Great experience,NO
0785-9d0a2aa3-3cc5-4aa3-800d-a39dbf9bca62,environment_design,overcooked_design,prolific-run-01132026,False,communicative,fully-interleaved,672a3b3af4fe3ca8478cd6c6,chrome,1280.0,598.0,False,1768356026985.0,1768357372967.0,1345982.0,0.0,"[""9869c018-45e4-4d69-80fb-dc3e7ac8cb03_SaladOL"",""ccd95ed1-36b4-46f6-a2fc-fd3f110cda80_Salad"",""e5abe513-7271-4d97-8f41-c67d5dc744c7_SaladOL"",""9ea49cb3-212e-452f-908a-09b81601fe45_SaladOL"",""ccd95ed1-36b4-46f6-a2fc-fd3f110cda80_SaladOL"",""e9fc4a2f-efaf-4341-b11b-bf9fbb625dc5_SaladOL"",""94e306f0-ad75-49ba-b2f1-553a5ce7c9c5_SaladOL"",""e9fc4a2f-efaf-4341-b11b-bf9fbb625dc5_Salad"",""9ea49cb3-212e-452f-908a-09b81601fe45_Salad"",""b69ccfaa-7ae4-4bf8-ac1f-a0a9d5fcb40f_SaladOL"",""923da982-5016-4456-980f-fe08463be1e4_SaladOL"",""908ba92f-7e3f-40cf-a293-86847bd7f04f_Salad"",""6be479f8-4a3f-4d97-8f06-0f301b0acd64_SaladOL"",""923da982-5016-4456-980f-fe08463be1e4_Salad"",""e5abe513-7271-4d97-8f41-c67d5dc744c7_Salad"",""74b431e8-e8ca-48fd-b5b4-ab6f32563faf_SaladOL"",""a3f0e9a9-0cec-4adb-855a-238beeba7bf9_SaladOL"",""94e306f0-ad75-49ba-b2f1-553a5ce7c9c5_Salad"",""a3f0e9a9-0cec-4adb-855a-238beeba7bf9_Salad"",""9869c018-45e4-4d69-80fb-dc3e7ac8cb03_Salad"",""74b431e8-e8ca-48fd-b5b4-ab6f32563faf_Salad"",""6be479f8-4a3f-4d97-8f06-0f301b0acd64_Salad"",""b69ccfaa-7ae4-4bf8-ac1f-a0a9d5fcb40f_Salad"",""908ba92f-7e3f-40cf-a293-86847bd7f04f_SaladOL""]",22,Non-binary,White,Non-Hispanic,1,4,Mouse,I tried to think if it would be the minimum amount of steps more than I considered anything else.,
0913-717d6b26-cea5-4278-9d74-e1091018b1fa,environment_design,overcooked_design,prolific-run-01132026,False,base,fully-interleaved,662692c1abc4830626fccb23,chrome,1440.0,608.0,False,1768354079794.0,1768355131719.0,1051925.0,2.0,"[""e5abe513-7271-4d97-8f41-c67d5dc744c7_Salad"",""9ea49cb3-212e-452f-908a-09b81601fe45_SaladOL"",""74b431e8-e8ca-48fd-b5b4-ab6f32563faf_Salad"",""a3f0e9a9-0cec-4adb-855a-238beeba7bf9_SaladOL"",""6be479f8-4a3f-4d97-8f06-0f301b0acd64_Salad"",""6be479f8-4a3f-4d97-8f06-0f301b0acd64_SaladOL"",""e9fc4a2f-efaf-4341-b11b-bf9fbb625dc5_Salad"",""923da982-5016-4456-980f-fe08463be1e4_Salad"",""e9fc4a2f-efaf-4341-b11b-bf9fbb625dc5_SaladOL"",""e5abe513-7271-4d97-8f41-c67d5dc744c7_SaladOL"",""74b431e8-e8ca-48fd-b5b4-ab6f32563faf_SaladOL"",""b69ccfaa-7ae4-4bf8-ac1f-a0a9d5fcb40f_Salad"",""9869c018-45e4-4d69-80fb-dc3e7ac8cb03_SaladOL"",""a3f0e9a9-0cec-4adb-855a-238beeba7bf9_Salad"",""94e306f0-ad75-49ba-b2f1-553a5ce7c9c5_Salad"",""ccd95ed1-36b4-46f6-a2fc-fd3f110cda80_Salad"",""ccd95ed1-36b4-46f6-a2fc-fd3f110cda80_SaladOL"",""923da982-5016-4456-980f-fe08463be1e4_SaladOL"",""94e306f0-ad75-49ba-b2f1-553a5ce7c9c5_SaladOL"",""9ea49cb3-212e-452f-908a-09b81601fe45_Salad"",""908ba92f-7e3f-40cf-a293-86847bd7f04f_Salad"",""9869c018-45e4-4d69-80fb-dc3e7ac8cb03_Salad"",""908ba92f-7e3f-40cf-a293-86847bd7f04f_SaladOL"",""b69ccfaa-7ae4-4bf8-ac1f-a0a9d5fcb40f_SaladOL""]",38,Female,White,Non-Hispanic,1,5,Trackpad,I tried to achieve the directive of the fewest steps possible. ,
0976-85996330-3b05-4f88-bc81-3ac44a281462,environment_design,overcooked_design,prolific-run-01132026,False,communicative,fully-interleaved,66521f2814361783a20f817a,chrome,1275.0,703.0,False,1768349658441.0,1768350400288.0,741847.0,1.0,"[""e9fc4a2f-efaf-4341-b11b-bf9fbb625dc5_Salad"",""b69ccfaa-7ae4-4bf8-ac1f-a0a9d5fcb40f_Salad"",""b69ccfaa-7ae4-4bf8-ac1f-a0a9d5fcb40f_SaladOL"",""ccd95ed1-36b4-46f6-a2fc-fd3f110cda80_SaladOL"",""a3f0e9a9-0cec-4adb-855a-238beeba7bf9_Salad"",""9ea49cb3-212e-452f-908a-09b81601fe45_SaladOL"",""e5abe513-7271-4d97-8f41-c67d5dc744c7_Salad"",""6be479f8-4a3f-4d97-8f06-0f301b0acd64_SaladOL"",""9869c018-45e4-4d69-80fb-dc3e7ac8cb03_Salad"",""74b431e8-e8ca-48fd-b5b4-ab6f32563faf_SaladOL"",""908ba92f-7e3f-40cf-a293-86847bd7f04f_SaladOL"",""9ea49cb3-212e-452f-908a-09b81601fe45_Salad"",""9869c018-45e4-4d69-80fb-dc3e7ac8cb03_SaladOL"",""6be479f8-4a3f-4d97-8f06-0f301b0acd64_Salad"",""a3f0e9a9-0cec-4adb-855a-238beeba7bf9_SaladOL"",""ccd95ed1-36b4-46f6-a2fc-fd3f110cda80_Salad"",""923da982-5016-4456-980f-fe08463be1e4_SaladOL"",""94e306f0-ad75-49ba-b2f1-553a5ce7c9c5_SaladOL"",""94e306f0-ad75-49ba-b2f1-553a5ce7c9c5_Salad"",""908ba92f-7e3f-40cf-a293-86847bd7f04f_Salad"",""e9fc4a2f-efaf-4341-b11b-bf9fbb625dc5_SaladOL"",""e5abe513-7271-4d97-8f41-c67d5dc744c7_SaladOL"",""923da982-5016-4456-980f-fe08463be1e4_Salad"",""74b431e8-e8ca-48fd-b5b4-ab6f32563faf_Salad""]",24,Female,White,Non-Hispanic,2,5,Mouse,I considered the salad being made and how to keep everything needed close,
1014-ed9e9e05-ac2f-484d-82dc-a13208394358,environment_design,overcooked_design,prolific-run-01132026,False,base,fully-interleaved,6568ead5dfb561c3ba7850a4,firefox,2352.0,1150.0,False,1768355886838.0,1768356434661.0,547823.0,0.0,"[""908ba92f-7e3f-40cf-a293-86847bd7f04f_SaladOL"",""6be479f8-4a3f-4d97-8f06-0f301b0acd64_SaladOL"",""9ea49cb3-212e-452f-908a-09b81601fe45_SaladOL"",""a3f0e9a9-0cec-4adb-855a-238beeba7bf9_SaladOL"",""b69ccfaa-7ae4-4bf8-ac1f-a0a9d5fcb40f_SaladOL"",""a3f0e9a9-0cec-4adb-855a-238beeba7bf9_Salad"",""74b431e8-e8ca-48fd-b5b4-ab6f32563faf_Salad"",""ccd95ed1-36b4-46f6-a2fc-fd3f110cda80_SaladOL"",""6be479f8-4a3f-4d97-8f06-0f301b0acd64_Salad"",""923da982-5016-4456-980f-fe08463be1e4_SaladOL"",""e9fc4a2f-efaf-4341-b11b-bf9fbb625dc5_SaladOL"",""b69ccfaa-7ae4-4bf8-ac1f-a0a9d5fcb40f_Salad"",""9ea49cb3-212e-452f-908a-09b81601fe45_Salad"",""e5abe513-7271-4d97-8f41-c67d5dc744c7_SaladOL"",""74b431e8-e8ca-48fd-b5b4-ab6f32563faf_SaladOL"",""908ba92f-7e3f-40cf-a293-86847bd7f04f_Salad"",""94e306f0-ad75-49ba-b2f1-553a5ce7c9c5_Salad"",""ccd95ed1-36b4-46f6-a2fc-fd3f110cda80_Salad"",""9869c018-45e4-4d69-80fb-dc3e7ac8cb03_Salad"",""94e306f0-ad75-49ba-b2f1-553a5ce7c9c5_SaladOL"",""e9fc4a2f-efaf-4341-b11b-bf9fbb625dc5_Salad"",""e5abe513-7271-4d97-8f41-c67d5dc744c7_Salad"",""9869c018-45e4-4d69-80fb-dc3e7ac8cb03_SaladOL"",""923da982-5016-4456-980f-fe08463be1e4_Salad""]",45,Female,White,Non-Hispanic,2,3,Mouse,I just tried to put the ingrediats and the plates close togther. ,none
1041-fd3c26b6-55be-4763-91d1-a32a2f5f4898,environment_design,overcooked_design,prolific-run-01132026,False,base,fully-interleaved,5ebb96b6cd673a0008ace9ce,chrome,1536.0,864.0,False,1768355747410.0,1768356624249.0,876839.0,0.0,"[""94e306f0-ad75-49ba-b2f1-553a5ce7c9c5_Salad"",""9869c018-45e4-4d69-80fb-dc3e7ac8cb03_SaladOL"",""a3f0e9a9-0cec-4adb-855a-238beeba7bf9_Salad"",""e5abe513-7271-4d97-8f41-c67d5dc744c7_Salad"",""ccd95ed1-36b4-46f6-a2fc-fd3f110cda80_SaladOL"",""9869c018-45e4-4d69-80fb-dc3e7ac8cb03_Salad"",""e9fc4a2f-efaf-4341-b11b-bf9fbb625dc5_SaladOL"",""e9fc4a2f-efaf-4341-b11b-bf9fbb625dc5_Salad"",""e5abe513-7271-4d97-8f41-c67d5dc744c7_SaladOL"",""74b431e8-e8ca-48fd-b5b4-ab6f32563faf_Salad"",""908ba92f-7e3f-40cf-a293-86847bd7f04f_SaladOL"",""b69ccfaa-7ae4-4bf8-ac1f-a0a9d5fcb40f_Salad"",""74b431e8-e8ca-48fd-b5b4-ab6f32563faf_SaladOL"",""6be479f8-4a3f-4d97-8f06-0f301b0acd64_SaladOL"",""6be479f8-4a3f-4d97-8f06-0f301b0acd64_Salad"",""94e306f0-ad75-49ba-b2f1-553a5ce7c9c5_SaladOL"",""908ba92f-7e3f-40cf-a293-86847bd7f04f_Salad"",""b69ccfaa-7ae4-4bf8-ac1f-a0a9d5fcb40f_SaladOL"",""923da982-5016-4456-980f-fe08463be1e4_Salad"",""ccd95ed1-36b4-46f6-a2fc-fd3f110cda80_Salad"",""9ea49cb3-212e-452f-908a-09b81601fe45_Salad"",""9ea49cb3-212e-452f-908a-09b81601fe45_SaladOL"",""923da982-5016-4456-980f-fe08463be1e4_SaladOL"",""a3f0e9a9-0cec-4adb-855a-238beeba7bf9_SaladOL""]",28,Male,Asian,Non-Hispanic,3,4,Trackpad,I tried to make the platform I moved into the kitchen close to the finishing area and near the slicers so there was less movement from the end. I also tried to reduce movement after salads were built.,
1108-b4e4acd8-863f-4918-bb28-1736e03cb3a4,environment_design,overcooked_design,prolific-run-01132026,False,communicative,fully-interleaved,675c611268e0e1825a5fe25d,chrome,1920.0,917.0,False,1768342634201.0,1768343286035.0,651834.0,0.0,"[""923da982-5016-4456-980f-fe08463be1e4_Salad"",""908ba92f-7e3f-40cf-a293-86847bd7f04f_SaladOL"",""6be479f8-4a3f-4d97-8f06-0f301b0acd64_SaladOL"",""74b431e8-e8ca-48fd-b5b4-ab6f32563faf_SaladOL"",""923da982-5016-4456-980f-fe08463be1e4_SaladOL"",""9869c018-45e4-4d69-80fb-dc3e7ac8cb03_SaladOL"",""74b431e8-e8ca-48fd-b5b4-ab6f32563faf_Salad"",""e5abe513-7271-4d97-8f41-c67d5dc744c7_SaladOL"",""a3f0e9a9-0cec-4adb-855a-238beeba7bf9_Salad"",""9869c018-45e4-4d69-80fb-dc3e7ac8cb03_Salad"",""ccd95ed1-36b4-46f6-a2fc-fd3f110cda80_SaladOL"",""ccd95ed1-36b4-46f6-a2fc-fd3f110cda80_Salad"",""b69ccfaa-7ae4-4bf8-ac1f-a0a9d5fcb40f_SaladOL"",""9ea49cb3-212e-452f-908a-09b81601fe45_Salad"",""a3f0e9a9-0cec-4adb-855a-238beeba7bf9_SaladOL"",""6be479f8-4a3f-4d97-8f06-0f301b0acd64_Salad"",""94e306f0-ad75-49ba-b2f1-553a5ce7c9c5_SaladOL"",""94e306f0-ad75-49ba-b2f1-553a5ce7c9c5_Salad"",""e9fc4a2f-efaf-4341-b11b-bf9fbb625dc5_Salad"",""b69ccfaa-7ae4-4bf8-ac1f-a0a9d5fcb40f_Salad"",""9ea49cb3-212e-452f-908a-09b81601fe45_SaladOL"",""e9fc4a2f-efaf-4341-b11b-bf9fbb625dc5_SaladOL"",""e5abe513-7271-4d97-8f41-c67d5dc744c7_Salad"",""908ba92f-7e3f-40cf-a293-86847bd7f04f_Salad""]",32,Male,White,Non-Hispanic,3,4,Trackpad,Just thought about what would take less steps,
1145-1bd66578-dd12-4d0b-8edd-85599265243a,environment_design,overcooked_design,prolific-run-01132026,False,base,fully-interleaved,67745cfb4893225ef8d4bc4a,chrome,1920.0,951.0,False,1768354930494.0,1768355418420.0,487926.0,0.0,"[""74b431e8-e8ca-48fd-b5b4-ab6f32563faf_SaladOL"",""6be479f8-4a3f-4d97-8f06-0f301b0acd64_SaladOL"",""74b431e8-e8ca-48fd-b5b4-ab6f32563faf_Salad"",""ccd95ed1-36b4-46f6-a2fc-fd3f110cda80_Salad"",""9ea49cb3-212e-452f-908a-09b81601fe45_SaladOL"",""9869c018-45e4-4d69-80fb-dc3e7ac8cb03_SaladOL"",""923da982-5016-4456-980f-fe08463be1e4_Salad"",""908ba92f-7e3f-40cf-a293-86847bd7f04f_Salad"",""e9fc4a2f-efaf-4341-b11b-bf9fbb625dc5_SaladOL"",""ccd95ed1-36b4-46f6-a2fc-fd3f110cda80_SaladOL"",""923da982-5016-4456-980f-fe08463be1e4_SaladOL"",""a3f0e9a9-0cec-4adb-855a-238beeba7bf9_Salad"",""94e306f0-ad75-49ba-b2f1-553a5ce7c9c5_SaladOL"",""b69ccfaa-7ae4-4bf8-ac1f-a0a9d5fcb40f_SaladOL"",""908ba92f-7e3f-40cf-a293-86847bd7f04f_SaladOL"",""9869c018-45e4-4d69-80fb-dc3e7ac8cb03_Salad"",""e9fc4a2f-efaf-4341-b11b-bf9fbb625dc5_Salad"",""e5abe513-7271-4d97-8f41-c67d5dc744c7_Salad"",""b69ccfaa-7ae4-4bf8-ac1f-a0a9d5fcb40f_Salad"",""a3f0e9a9-0cec-4adb-855a-238beeba7bf9_SaladOL"",""6be479f8-4a3f-4d97-8f06-0f301b0acd64_Salad"",""94e306f0-ad75-49ba-b2f1-553a5ce7c9c5_Salad"",""e5abe513-7271-4d97-8f41-c67d5dc744c7_SaladOL"",""9ea49cb3-212e-452f-908a-09b81601fe45_Salad""]",23,Male,White,Non-Hispanic,2,4,Trackpad,how many would it take,n/a
1160-7b4a65e9-e8b3-4b0f-850d-20482aa52986,environment_design,overcooked_design,prolific-run-01132026,False,base,fully-interleaved,61112c05608ea60cb93f04f0,chrome,1536.0,737.0,False,1768354292167.0,1768354981397.0,689230.0,0.0,"[""9ea49cb3-212e-452f-908a-09b81601fe45_Salad"",""6be479f8-4a3f-4d97-8f06-0f301b0acd64_SaladOL"",""a3f0e9a9-0cec-4adb-855a-238beeba7bf9_SaladOL"",""6be479f8-4a3f-4d97-8f06-0f301b0acd64_Salad"",""74b431e8-e8ca-48fd-b5b4-ab6f32563faf_SaladOL"",""923da982-5016-4456-980f-fe08463be1e4_Salad"",""e9fc4a2f-efaf-4341-b11b-bf9fbb625dc5_SaladOL"",""ccd95ed1-36b4-46f6-a2fc-fd3f110cda80_SaladOL"",""74b431e8-e8ca-48fd-b5b4-ab6f32563faf_Salad"",""94e306f0-ad75-49ba-b2f1-553a5ce7c9c5_SaladOL"",""b69ccfaa-7ae4-4bf8-ac1f-a0a9d5fcb40f_SaladOL"",""923da982-5016-4456-980f-fe08463be1e4_SaladOL"",""a3f0e9a9-0cec-4adb-855a-238beeba7bf9_Salad"",""e9fc4a2f-efaf-4341-b11b-bf9fbb625dc5_Salad"",""94e306f0-ad75-49ba-b2f1-553a5ce7c9c5_Salad"",""b69ccfaa-7ae4-4bf8-ac1f-a0a9d5fcb40f_Salad"",""e5abe513-7271-4d97-8f41-c67d5dc744c7_Salad"",""9869c018-45e4-4d69-80fb-dc3e7ac8cb03_SaladOL"",""9ea49cb3-212e-452f-908a-09b81601fe45_SaladOL"",""ccd95ed1-36b4-46f6-a2fc-fd3f110cda80_Salad"",""9869c018-45e4-4d69-80fb-dc3e7ac8cb03_Salad"",""e5abe513-7271-4d97-8f41-c67d5dc744c7_SaladOL"",""908ba92f-7e3f-40cf-a293-86847bd7f04f_Salad"",""908ba92f-7e3f-40cf-a293-86847bd7f04f_SaladOL""]",54,Female,White,Non-Hispanic,2,4,Trackpad,proximity to what I needed,
1235-037c2d31-ff88-417f-a34b-9b63c812fc13,environment_design,overcooked_design,prolific-run-01132026,False,base,fully-interleaved,66d4ec6fe6d7a979e98b5ff3,chrome,1366.0,633.0,False,1768357386193.0,1768358702914.0,1316721.0,0.0,"[""923da982-5016-4456-980f-fe08463be1e4_SaladOL"",""9869c018-45e4-4d69-80fb-dc3e7ac8cb03_Salad"",""b69ccfaa-7ae4-4bf8-ac1f-a0a9d5fcb40f_Salad"",""908ba92f-7e3f-40cf-a293-86847bd7f04f_Salad"",""94e306f0-ad75-49ba-b2f1-553a5ce7c9c5_Salad"",""6be479f8-4a3f-4d97-8f06-0f301b0acd64_SaladOL"",""923da982-5016-4456-980f-fe08463be1e4_Salad"",""a3f0e9a9-0cec-4adb-855a-238beeba7bf9_SaladOL"",""e5abe513-7271-4d97-8f41-c67d5dc744c7_SaladOL"",""74b431e8-e8ca-48fd-b5b4-ab6f32563faf_Salad"",""94e306f0-ad75-49ba-b2f1-553a5ce7c9c5_SaladOL"",""ccd95ed1-36b4-46f6-a2fc-fd3f110cda80_Salad"",""e9fc4a2f-efaf-4341-b11b-bf9fbb625dc5_SaladOL"",""9ea49cb3-212e-452f-908a-09b81601fe45_Salad"",""9869c018-45e4-4d69-80fb-dc3e7ac8cb03_SaladOL"",""74b431e8-e8ca-48fd-b5b4-ab6f32563faf_SaladOL"",""a3f0e9a9-0cec-4adb-855a-238beeba7bf9_Salad"",""ccd95ed1-36b4-46f6-a2fc-fd3f110cda80_SaladOL"",""9ea49cb3-212e-452f-908a-09b81601fe45_SaladOL"",""e5abe513-7271-4d97-8f41-c67d5dc744c7_Salad"",""6be479f8-4a3f-4d97-8f06-0f301b0acd64_Salad"",""b69ccfaa-7ae4-4bf8-ac1f-a0a9d5fcb40f_SaladOL"",""908ba92f-7e3f-40cf-a293-86847bd7f04f_SaladOL"",""e9fc4a2f-efaf-4341-b11b-bf9fbb625dc5_Salad""]",53,Male,White,Non-Hispanic,3,5,Mouse,just tried to make it easier to navigate,none
1296-ec1dae29-04e9-46d5-82e0-72da78e4811a,environment_design,overcooked_design,prolific-run-01132026,False,communicative,fully-interleaved,58effc65c31d4d00015aa5b9,chrome,1280.0,631.0,False,1768354265748.0,1768355179519.0,913771.0,1.0,"[""9869c018-45e4-4d69-80fb-dc3e7ac8cb03_SaladOL"",""a3f0e9a9-0cec-4adb-855a-238beeba7bf9_SaladOL"",""6be479f8-4a3f-4d97-8f06-0f301b0acd64_SaladOL"",""908ba92f-7e3f-40cf-a293-86847bd7f04f_SaladOL"",""b69ccfaa-7ae4-4bf8-ac1f-a0a9d5fcb40f_Salad"",""908ba92f-7e3f-40cf-a293-86847bd7f04f_Salad"",""923da982-5016-4456-980f-fe08463be1e4_Salad"",""923da982-5016-4456-980f-fe08463be1e4_SaladOL"",""a3f0e9a9-0cec-4adb-855a-238beeba7bf9_Salad"",""e5abe513-7271-4d97-8f41-c67d5dc744c7_SaladOL"",""94e306f0-ad75-49ba-b2f1-553a5ce7c9c5_Salad"",""b69ccfaa-7ae4-4bf8-ac1f-a0a9d5fcb40f_SaladOL"",""74b431e8-e8ca-48fd-b5b4-ab6f32563faf_SaladOL"",""74b431e8-e8ca-48fd-b5b4-ab6f32563faf_Salad"",""e9fc4a2f-efaf-4341-b11b-bf9fbb625dc5_SaladOL"",""9ea49cb3-212e-452f-908a-09b81601fe45_SaladOL"",""e9fc4a2f-efaf-4341-b11b-bf9fbb625dc5_Salad"",""9ea49cb3-212e-452f-908a-09b81601fe45_Salad"",""ccd95ed1-36b4-46f6-a2fc-fd3f110cda80_SaladOL"",""e5abe513-7271-4d97-8f41-c67d5dc744c7_Salad"",""94e306f0-ad75-49ba-b2f1-553a5ce7c9c5_SaladOL"",""6be479f8-4a3f-4d97-8f06-0f301b0acd64_Salad"",""ccd95ed1-36b4-46f6-a2fc-fd3f110cda80_Salad"",""9869c018-45e4-4d69-80fb-dc3e7ac8cb03_Salad""]",51,Female,White,Non-Hispanic,3,5,Mouse,steps that the cook would need to take to make the dish,none
1370-70e55174-3587-430b-97b3-5bacd17030e3,environment_design,overcooked_design,prolific-run-01132026,False,communicative,fully-interleaved,55dbdc9d50a1f7001190d753,chrome,1830.0,880.0,False,1768354460520.0,1768355693780.0,1233260.0,0.0,"[""a3f0e9a9-0cec-4adb-855a-238beeba7bf9_Salad"",""9ea49cb3-212e-452f-908a-09b81601fe45_SaladOL"",""b69ccfaa-7ae4-4bf8-ac1f-a0a9d5fcb40f_SaladOL"",""e5abe513-7271-4d97-8f41-c67d5dc744c7_SaladOL"",""e5abe513-7271-4d97-8f41-c67d5dc744c7_Salad"",""908ba92f-7e3f-40cf-a293-86847bd7f04f_SaladOL"",""a3f0e9a9-0cec-4adb-855a-238beeba7bf9_SaladOL"",""923da982-5016-4456-980f-fe08463be1e4_Salad"",""ccd95ed1-36b4-46f6-a2fc-fd3f110cda80_SaladOL"",""e9fc4a2f-efaf-4341-b11b-bf9fbb625dc5_SaladOL"",""94e306f0-ad75-49ba-b2f1-553a5ce7c9c5_Salad"",""74b431e8-e8ca-48fd-b5b4-ab6f32563faf_Salad"",""e9fc4a2f-efaf-4341-b11b-bf9fbb625dc5_Salad"",""ccd95ed1-36b4-46f6-a2fc-fd3f110cda80_Salad"",""9869c018-45e4-4d69-80fb-dc3e7ac8cb03_Salad"",""b69ccfaa-7ae4-4bf8-ac1f-a0a9d5fcb40f_Salad"",""9ea49cb3-212e-452f-908a-09b81601fe45_Salad"",""923da982-5016-4456-980f-fe08463be1e4_SaladOL"",""908ba92f-7e3f-40cf-a293-86847bd7f04f_Salad"",""6be479f8-4a3f-4d97-8f06-0f301b0acd64_Salad"",""94e306f0-ad75-49ba-b2f1-553a5ce7c9c5_SaladOL"",""9869c018-45e4-4d69-80fb-dc3e7ac8cb03_SaladOL"",""74b431e8-e8ca-48fd-b5b4-ab6f32563faf_SaladOL"",""6be479f8-4a3f-4d97-8f06-0f301b0acd64_SaladOL""]",35,Male,White,Hispanic,3,5,Mouse,"The factors that I considered was what setup would lead to cook to try to cook one salad over the other, and which would allow them to do it as fast as possible with the space and actions",none
1386-f14ce1f1-73b4-4953-b045-c578a12057bc,environment_design,overcooked_design,prolific-run-01132026,False,communicative,fully-interleaved,69457dc95341cec41fca5695,firefox,1230.0,580.0,False,1768355278955.0,1768356439178.0,1160223.0,1.0,"[""6be479f8-4a3f-4d97-8f06-0f301b0acd64_SaladOL"",""9ea49cb3-212e-452f-908a-09b81601fe45_SaladOL"",""e9fc4a2f-efaf-4341-b11b-bf9fbb625dc5_Salad"",""ccd95ed1-36b4-46f6-a2fc-fd3f110cda80_Salad"",""908ba92f-7e3f-40cf-a293-86847bd7f04f_Salad"",""74b431e8-e8ca-48fd-b5b4-ab6f32563faf_SaladOL"",""9ea49cb3-212e-452f-908a-09b81601fe45_Salad"",""923da982-5016-4456-980f-fe08463be1e4_SaladOL"",""b69ccfaa-7ae4-4bf8-ac1f-a0a9d5fcb40f_Salad"",""9869c018-45e4-4d69-80fb-dc3e7ac8cb03_Salad"",""94e306f0-ad75-49ba-b2f1-553a5ce7c9c5_SaladOL"",""b69ccfaa-7ae4-4bf8-ac1f-a0a9d5fcb40f_SaladOL"",""ccd95ed1-36b4-46f6-a2fc-fd3f110cda80_SaladOL"",""a3f0e9a9-0cec-4adb-855a-238beeba7bf9_SaladOL"",""74b431e8-e8ca-48fd-b5b4-ab6f32563faf_Salad"",""6be479f8-4a3f-4d97-8f06-0f301b0acd64_Salad"",""e9fc4a2f-efaf-4341-b11b-bf9fbb625dc5_SaladOL"",""9869c018-45e4-4d69-80fb-dc3e7ac8cb03_SaladOL"",""a3f0e9a9-0cec-4adb-855a-238beeba7bf9_Salad"",""e5abe513-7271-4d97-8f41-c67d5dc744c7_SaladOL"",""e5abe513-7271-4d97-8f41-c67d5dc744c7_Salad"",""94e306f0-ad75-49ba-b2f1-553a5ce7c9c5_Salad"",""923da982-5016-4456-980f-fe08463be1e4_Salad"",""908ba92f-7e3f-40cf-a293-86847bd7f04f_SaladOL""]",42,Male,White,Hispanic,2,5,Trackpad,I tried to place the necessary ingredients for the particular dish as close to one another as possible.,No issues
1392-daba2973-1592-48eb-a3f3-45ffcd549020,environment_design,overcooked_design,prolific-run-01132026,False,base,fully-interleaved,695bfaac39d75f3dd960b53f,chrome,1366.0,679.0,False,1768354231121.0,1768355512065.0,1280944.0,0.0,"[""94e306f0-ad75-49ba-b2f1-553a5ce7c9c5_SaladOL"",""6be479f8-4a3f-4d97-8f06-0f301b0acd64_Salad"",""b69ccfaa-7ae4-4bf8-ac1f-a0a9d5fcb40f_Salad"",""ccd95ed1-36b4-46f6-a2fc-fd3f110cda80_SaladOL"",""9869c018-45e4-4d69-80fb-dc3e7ac8cb03_Salad"",""e5abe513-7271-4d97-8f41-c67d5dc744c7_Salad"",""a3f0e9a9-0cec-4adb-855a-238beeba7bf9_SaladOL"",""9869c018-45e4-4d69-80fb-dc3e7ac8cb03_SaladOL"",""908ba92f-7e3f-40cf-a293-86847bd7f04f_Salad"",""9ea49cb3-212e-452f-908a-09b81601fe45_SaladOL"",""6be479f8-4a3f-4d97-8f06-0f301b0acd64_SaladOL"",""74b431e8-e8ca-48fd-b5b4-ab6f32563faf_SaladOL"",""923da982-5016-4456-980f-fe08463be1e4_Salad"",""923da982-5016-4456-980f-fe08463be1e4_SaladOL"",""a3f0e9a9-0cec-4adb-855a-238beeba7bf9_Salad"",""b69ccfaa-7ae4-4bf8-ac1f-a0a9d5fcb40f_SaladOL"",""e9fc4a2f-efaf-4341-b11b-bf9fbb625dc5_SaladOL"",""94e306f0-ad75-49ba-b2f1-553a5ce7c9c5_Salad"",""74b431e8-e8ca-48fd-b5b4-ab6f32563faf_Salad"",""e9fc4a2f-efaf-4341-b11b-bf9fbb625dc5_Salad"",""ccd95ed1-36b4-46f6-a2fc-fd3f110cda80_Salad"",""908ba92f-7e3f-40cf-a293-86847bd7f04f_SaladOL"",""e5abe513-7271-4d97-8f41-c67d5dc744c7_SaladOL"",""9ea49cb3-212e-452f-908a-09b81601fe45_Salad""]",44,Female,White,Non-Hispanic,3,5,Trackpad,"I tried to keep the vegetables near the cutting board to minimize tiles moved, I had a lot of fun!",
1414-8ba2a250-2456-4819-a12b-feaf6d06ae10,environment_design,overcooked_design,prolific-run-01132026,False,communicative,fully-interleaved,664f96491b1f7c4bf98dfc87,chrome,1163.0,1188.0,False,1768347471794.0,1768348110485.0,638691.0,0.0,"[""a3f0e9a9-0cec-4adb-855a-238beeba7bf9_Salad"",""6be479f8-4a3f-4d97-8f06-0f301b0acd64_SaladOL"",""923da982-5016-4456-980f-fe08463be1e4_SaladOL"",""a3f0e9a9-0cec-4adb-855a-238beeba7bf9_SaladOL"",""74b431e8-e8ca-48fd-b5b4-ab6f32563faf_SaladOL"",""b69ccfaa-7ae4-4bf8-ac1f-a0a9d5fcb40f_Salad"",""e9fc4a2f-efaf-4341-b11b-bf9fbb625dc5_SaladOL"",""74b431e8-e8ca-48fd-b5b4-ab6f32563faf_Salad"",""9ea49cb3-212e-452f-908a-09b81601fe45_SaladOL"",""908ba92f-7e3f-40cf-a293-86847bd7f04f_SaladOL"",""94e306f0-ad75-49ba-b2f1-553a5ce7c9c5_SaladOL"",""b69ccfaa-7ae4-4bf8-ac1f-a0a9d5fcb40f_SaladOL"",""6be479f8-4a3f-4d97-8f06-0f301b0acd64_Salad"",""9869c018-45e4-4d69-80fb-dc3e7ac8cb03_Salad"",""e5abe513-7271-4d97-8f41-c67d5dc744c7_Salad"",""908ba92f-7e3f-40cf-a293-86847bd7f04f_Salad"",""ccd95ed1-36b4-46f6-a2fc-fd3f110cda80_Salad"",""923da982-5016-4456-980f-fe08463be1e4_Salad"",""94e306f0-ad75-49ba-b2f1-553a5ce7c9c5_Salad"",""ccd95ed1-36b4-46f6-a2fc-fd3f110cda80_SaladOL"",""9869c018-45e4-4d69-80fb-dc3e7ac8cb03_SaladOL"",""e5abe513-7271-4d97-8f41-c67d5dc744c7_SaladOL"",""9ea49cb3-212e-452f-908a-09b81601fe45_Salad"",""e9fc4a2f-efaf-4341-b11b-bf9fbb625dc5_Salad""]",33,Male,Asian,Non-Hispanic,1,5,Mouse,I wanted the kitchen to be as balanced and efficent as possible with as many pathways. Reminds me of overcooked and plateup,None
1457-f04b339b-945e-4f9c-90ed-ab18e9062c97,environment_design,overcooked_design,prolific-run-01132026,False,base,fully-interleaved,694143b40f7bc8578aacfc33,safari,1382.0,752.0,False,1768353939753.0,1768354758519.0,818766.0,1.0,"[""9869c018-45e4-4d69-80fb-dc3e7ac8cb03_Salad"",""908ba92f-7e3f-40cf-a293-86847bd7f04f_SaladOL"",""9869c018-45e4-4d69-80fb-dc3e7ac8cb03_SaladOL"",""6be479f8-4a3f-4d97-8f06-0f301b0acd64_SaladOL"",""923da982-5016-4456-980f-fe08463be1e4_SaladOL"",""9ea49cb3-212e-452f-908a-09b81601fe45_SaladOL"",""e9fc4a2f-efaf-4341-b11b-bf9fbb625dc5_SaladOL"",""6be479f8-4a3f-4d97-8f06-0f301b0acd64_Salad"",""b69ccfaa-7ae4-4bf8-ac1f-a0a9d5fcb40f_Salad"",""e5abe513-7271-4d97-8f41-c67d5dc744c7_Salad"",""b69ccfaa-7ae4-4bf8-ac1f-a0a9d5fcb40f_SaladOL"",""e9fc4a2f-efaf-4341-b11b-bf9fbb625dc5_Salad"",""94e306f0-ad75-49ba-b2f1-553a5ce7c9c5_SaladOL"",""74b431e8-e8ca-48fd-b5b4-ab6f32563faf_Salad"",""94e306f0-ad75-49ba-b2f1-553a5ce7c9c5_Salad"",""74b431e8-e8ca-48fd-b5b4-ab6f32563faf_SaladOL"",""a3f0e9a9-0cec-4adb-855a-238beeba7bf9_Salad"",""908ba92f-7e3f-40cf-a293-86847bd7f04f_Salad"",""e5abe513-7271-4d97-8f41-c67d5dc744c7_SaladOL"",""ccd95ed1-36b4-46f6-a2fc-fd3f110cda80_Salad"",""a3f0e9a9-0cec-4adb-855a-238beeba7bf9_SaladOL"",""ccd95ed1-36b4-46f6-a2fc-fd3f110cda80_SaladOL"",""923da982-5016-4456-980f-fe08463be1e4_Salad"",""9ea49cb3-212e-452f-908a-09b81601fe45_Salad""]",32,Female,White,Non-Hispanic,2,5,Trackpad,I tried to minimize the steps when making the kitchens.,
1508-c5283aa2-fd76-453a-9a9a-b4efecf145f5,environment_design,overcooked_design,prolific-run-01132026,False,communicative,fully-interleaved,5d2a3561d3edf900018016a1,chrome,1220.0,910.0,False,1768354776217.0,1768355212813.0,436596.0,0.0,"[""923da982-5016-4456-980f-fe08463be1e4_Salad"",""a3f0e9a9-0cec-4adb-855a-238beeba7bf9_SaladOL"",""e9fc4a2f-efaf-4341-b11b-bf9fbb625dc5_Salad"",""9869c018-45e4-4d69-80fb-dc3e7ac8cb03_Salad"",""923da982-5016-4456-980f-fe08463be1e4_SaladOL"",""9ea49cb3-212e-452f-908a-09b81601fe45_SaladOL"",""a3f0e9a9-0cec-4adb-855a-238beeba7bf9_Salad"",""94e306f0-ad75-49ba-b2f1-553a5ce7c9c5_SaladOL"",""9ea49cb3-212e-452f-908a-09b81601fe45_Salad"",""908ba92f-7e3f-40cf-a293-86847bd7f04f_SaladOL"",""b69ccfaa-7ae4-4bf8-ac1f-a0a9d5fcb40f_Salad"",""ccd95ed1-36b4-46f6-a2fc-fd3f110cda80_SaladOL"",""9869c018-45e4-4d69-80fb-dc3e7ac8cb03_SaladOL"",""e5abe513-7271-4d97-8f41-c67d5dc744c7_Salad"",""ccd95ed1-36b4-46f6-a2fc-fd3f110cda80_Salad"",""e9fc4a2f-efaf-4341-b11b-bf9fbb625dc5_SaladOL"",""b69ccfaa-7ae4-4bf8-ac1f-a0a9d5fcb40f_SaladOL"",""74b431e8-e8ca-48fd-b5b4-ab6f32563faf_SaladOL"",""6be479f8-4a3f-4d97-8f06-0f301b0acd64_Salad"",""74b431e8-e8ca-48fd-b5b4-ab6f32563faf_Salad"",""e5abe513-7271-4d97-8f41-c67d5dc744c7_SaladOL"",""94e306f0-ad75-49ba-b2f1-553a5ce7c9c5_Salad"",""6be479f8-4a3f-4d97-8f06-0f301b0acd64_SaladOL"",""908ba92f-7e3f-40cf-a293-86847bd7f04f_Salad""]",39,Male,White,Non-Hispanic,2,4,Mouse,It was fun trying to configure the best setup for the cook.,Everything worked perfectly. I didn't encounter any issues.
1544-38309b4b-32b2-4098-a14a-4c994a67f190,environment_design,overcooked_design,prolific-run-01132026,False,communicative,fully-interleaved,694636f370c058c438c1dc5e,chrome,1600.0,772.0,False,1768354868488.0,1768355452537.0,584049.0,1.0,"[""74b431e8-e8ca-48fd-b5b4-ab6f32563faf_SaladOL"",""908ba92f-7e3f-40cf-a293-86847bd7f04f_Salad"",""908ba92f-7e3f-40cf-a293-86847bd7f04f_SaladOL"",""9ea49cb3-212e-452f-908a-09b81601fe45_SaladOL"",""6be479f8-4a3f-4d97-8f06-0f301b0acd64_SaladOL"",""b69ccfaa-7ae4-4bf8-ac1f-a0a9d5fcb40f_SaladOL"",""b69ccfaa-7ae4-4bf8-ac1f-a0a9d5fcb40f_Salad"",""9869c018-45e4-4d69-80fb-dc3e7ac8cb03_SaladOL"",""a3f0e9a9-0cec-4adb-855a-238beeba7bf9_Salad"",""e9fc4a2f-efaf-4341-b11b-bf9fbb625dc5_SaladOL"",""9869c018-45e4-4d69-80fb-dc3e7ac8cb03_Salad"",""ccd95ed1-36b4-46f6-a2fc-fd3f110cda80_SaladOL"",""6be479f8-4a3f-4d97-8f06-0f301b0acd64_Salad"",""923da982-5016-4456-980f-fe08463be1e4_Salad"",""e9fc4a2f-efaf-4341-b11b-bf9fbb625dc5_Salad"",""923da982-5016-4456-980f-fe08463be1e4_SaladOL"",""94e306f0-ad75-49ba-b2f1-553a5ce7c9c5_Salad"",""e5abe513-7271-4d97-8f41-c67d5dc744c7_Salad"",""a3f0e9a9-0cec-4adb-855a-238beeba7bf9_SaladOL"",""ccd95ed1-36b4-46f6-a2fc-fd3f110cda80_Salad"",""74b431e8-e8ca-48fd-b5b4-ab6f32563faf_Salad"",""9ea49cb3-212e-452f-908a-09b81601fe45_Salad"",""e5abe513-7271-4d97-8f41-c67d5dc744c7_SaladOL"",""94e306f0-ad75-49ba-b2f1-553a5ce7c9c5_SaladOL""]",44,Female,White,Non-Hispanic,3,5,Mouse,It was fun and reminded me of an interactive computer game I played one time.,
1614-9b862f71-2b60-49ce-886a-7a6ef600b7e2,environment_design,overcooked_design,prolific-run-01132026,False,base,fully-interleaved,633485c40e46cf7e9a2f2ca1,chrome,1920.0,901.0,False,1768348935484.0,1768349708907.0,773423.0,0.0,"[""e5abe513-7271-4d97-8f41-c67d5dc744c7_Salad"",""e5abe513-7271-4d97-8f41-c67d5dc744c7_SaladOL"",""908ba92f-7e3f-40cf-a293-86847bd7f04f_SaladOL"",""9ea49cb3-212e-452f-908a-09b81601fe45_Salad"",""908ba92f-7e3f-40cf-a293-86847bd7f04f_Salad"",""923da982-5016-4456-980f-fe08463be1e4_SaladOL"",""74b431e8-e8ca-48fd-b5b4-ab6f32563faf_SaladOL"",""94e306f0-ad75-49ba-b2f1-553a5ce7c9c5_SaladOL"",""94e306f0-ad75-49ba-b2f1-553a5ce7c9c5_Salad"",""a3f0e9a9-0cec-4adb-855a-238beeba7bf9_Salad"",""9869c018-45e4-4d69-80fb-dc3e7ac8cb03_SaladOL"",""6be479f8-4a3f-4d97-8f06-0f301b0acd64_Salad"",""ccd95ed1-36b4-46f6-a2fc-fd3f110cda80_Salad"",""ccd95ed1-36b4-46f6-a2fc-fd3f110cda80_SaladOL"",""b69ccfaa-7ae4-4bf8-ac1f-a0a9d5fcb40f_SaladOL"",""74b431e8-e8ca-48fd-b5b4-ab6f32563faf_Salad"",""9ea49cb3-212e-452f-908a-09b81601fe45_SaladOL"",""e9fc4a2f-efaf-4341-b11b-bf9fbb625dc5_Salad"",""a3f0e9a9-0cec-4adb-855a-238beeba7bf9_SaladOL"",""b69ccfaa-7ae4-4bf8-ac1f-a0a9d5fcb40f_Salad"",""9869c018-45e4-4d69-80fb-dc3e7ac8cb03_Salad"",""6be479f8-4a3f-4d97-8f06-0f301b0acd64_SaladOL"",""e9fc4a2f-efaf-4341-b11b-bf9fbb625dc5_SaladOL"",""923da982-5016-4456-980f-fe08463be1e4_Salad""]",40,Male,White,Non-Hispanic,4,5,Mouse,most levels seemed repetitive,none
1755-49bd2cd6-f9cc-4b87-a3ae-50d1bbe1ba0b,environment_design,overcooked_design,prolific-run-01132026,False,communicative,fully-interleaved,671137bfe81fc6cf620ce313,chrome,1366.0,641.0,False,1768354057366.0,1768354730458.0,673092.0,0.0,"[""e5abe513-7271-4d97-8f41-c67d5dc744c7_Salad"",""a3f0e9a9-0cec-4adb-855a-238beeba7bf9_Salad"",""6be479f8-4a3f-4d97-8f06-0f301b0acd64_Salad"",""e9fc4a2f-efaf-4341-b11b-bf9fbb625dc5_SaladOL"",""9869c018-45e4-4d69-80fb-dc3e7ac8cb03_Salad"",""6be479f8-4a3f-4d97-8f06-0f301b0acd64_SaladOL"",""9869c018-45e4-4d69-80fb-dc3e7ac8cb03_SaladOL"",""94e306f0-ad75-49ba-b2f1-553a5ce7c9c5_Salad"",""908ba92f-7e3f-40cf-a293-86847bd7f04f_Salad"",""b69ccfaa-7ae4-4bf8-ac1f-a0a9d5fcb40f_SaladOL"",""9ea49cb3-212e-452f-908a-09b81601fe45_SaladOL"",""e9fc4a2f-efaf-4341-b11b-bf9fbb625dc5_Salad"",""923da982-5016-4456-980f-fe08463be1e4_SaladOL"",""908ba92f-7e3f-40cf-a293-86847bd7f04f_SaladOL"",""b69ccfaa-7ae4-4bf8-ac1f-a0a9d5fcb40f_Salad"",""e5abe513-7271-4d97-8f41-c67d5dc744c7_SaladOL"",""ccd95ed1-36b4-46f6-a2fc-fd3f110cda80_Salad"",""923da982-5016-4456-980f-fe08463be1e4_Salad"",""ccd95ed1-36b4-46f6-a2fc-fd3f110cda80_SaladOL"",""94e306f0-ad75-49ba-b2f1-553a5ce7c9c5_SaladOL"",""74b431e8-e8ca-48fd-b5b4-ab6f32563faf_Salad"",""9ea49cb3-212e-452f-908a-09b81601fe45_Salad"",""a3f0e9a9-0cec-4adb-855a-238beeba7bf9_SaladOL"",""74b431e8-e8ca-48fd-b5b4-ab6f32563faf_SaladOL""]",39,Female,White,Non-Hispanic,1,5,Trackpad,"It was a fun, relaxing experience.",No technical difficulties.
1756-755d7b70-b67f-4177-97bb-0a4a0f461ff2,environment_design,overcooked_design,prolific-run-01132026,False,communicative,fully-interleaved,6746c680672c3ab45f25efb7,chrome,1536.0,730.0,False,1768350718302.0,1768351670775.0,952473.0,0.0,"[""923da982-5016-4456-980f-fe08463be1e4_SaladOL"",""a3f0e9a9-0cec-4adb-855a-238beeba7bf9_Salad"",""94e306f0-ad75-49ba-b2f1-553a5ce7c9c5_SaladOL"",""e9fc4a2f-efaf-4341-b11b-bf9fbb625dc5_SaladOL"",""74b431e8-e8ca-48fd-b5b4-ab6f32563faf_Salad"",""a3f0e9a9-0cec-4adb-855a-238beeba7bf9_SaladOL"",""ccd95ed1-36b4-46f6-a2fc-fd3f110cda80_Salad"",""9ea49cb3-212e-452f-908a-09b81601fe45_SaladOL"",""908ba92f-7e3f-40cf-a293-86847bd7f04f_SaladOL"",""e5abe513-7271-4d97-8f41-c67d5dc744c7_Salad"",""74b431e8-e8ca-48fd-b5b4-ab6f32563faf_SaladOL"",""6be479f8-4a3f-4d97-8f06-0f301b0acd64_Salad"",""b69ccfaa-7ae4-4bf8-ac1f-a0a9d5fcb40f_Salad"",""6be479f8-4a3f-4d97-8f06-0f301b0acd64_SaladOL"",""9ea49cb3-212e-452f-908a-09b81601fe45_Salad"",""923da982-5016-4456-980f-fe08463be1e4_Salad"",""e5abe513-7271-4d97-8f41-c67d5dc744c7_SaladOL"",""9869c018-45e4-4d69-80fb-dc3e7ac8cb03_SaladOL"",""9869c018-45e4-4d69-80fb-dc3e7ac8cb03_Salad"",""e9fc4a2f-efaf-4341-b11b-bf9fbb625dc5_Salad"",""908ba92f-7e3f-40cf-a293-86847bd7f04f_Salad"",""b69ccfaa-7ae4-4bf8-ac1f-a0a9d5fcb40f_SaladOL"",""94e306f0-ad75-49ba-b2f1-553a5ce7c9c5_Salad"",""ccd95ed1-36b4-46f6-a2fc-fd3f110cda80_SaladOL""]",46,Female,White,Non-Hispanic,1,5,Mouse,how close the plate was to the STAR tile and how close the tomato or onion was to the cutting board ,no issues
1873-27bdc410-9503-434a-a67b-138285c495d7,environment_design,overcooked_design,prolific-run-01132026,False,communicative,fully-interleaved,664e835c732628231a08fff5,chrome,1366.0,599.0,False,1768346541257.0,1768347248540.0,707283.0,0.0,"[""9ea49cb3-212e-452f-908a-09b81601fe45_Salad"",""908ba92f-7e3f-40cf-a293-86847bd7f04f_SaladOL"",""94e306f0-ad75-49ba-b2f1-553a5ce7c9c5_SaladOL"",""9869c018-45e4-4d69-80fb-dc3e7ac8cb03_Salad"",""ccd95ed1-36b4-46f6-a2fc-fd3f110cda80_Salad"",""74b431e8-e8ca-48fd-b5b4-ab6f32563faf_Salad"",""923da982-5016-4456-980f-fe08463be1e4_Salad"",""e5abe513-7271-4d97-8f41-c67d5dc744c7_SaladOL"",""9869c018-45e4-4d69-80fb-dc3e7ac8cb03_SaladOL"",""923da982-5016-4456-980f-fe08463be1e4_SaladOL"",""b69ccfaa-7ae4-4bf8-ac1f-a0a9d5fcb40f_Salad"",""e5abe513-7271-4d97-8f41-c67d5dc744c7_Salad"",""74b431e8-e8ca-48fd-b5b4-ab6f32563faf_SaladOL"",""908ba92f-7e3f-40cf-a293-86847bd7f04f_Salad"",""94e306f0-ad75-49ba-b2f1-553a5ce7c9c5_Salad"",""6be479f8-4a3f-4d97-8f06-0f301b0acd64_SaladOL"",""e9fc4a2f-efaf-4341-b11b-bf9fbb625dc5_SaladOL"",""6be479f8-4a3f-4d97-8f06-0f301b0acd64_Salad"",""e9fc4a2f-efaf-4341-b11b-bf9fbb625dc5_Salad"",""a3f0e9a9-0cec-4adb-855a-238beeba7bf9_Salad"",""9ea49cb3-212e-452f-908a-09b81601fe45_SaladOL"",""a3f0e9a9-0cec-4adb-855a-238beeba7bf9_SaladOL"",""ccd95ed1-36b4-46f6-a2fc-fd3f110cda80_SaladOL"",""b69ccfaa-7ae4-4bf8-ac1f-a0a9d5fcb40f_SaladOL""]",31,Female,White,Non-Hispanic,3,5,Trackpad,how easy it was to get to the ingred. needed,
1899-3a8ebf71-f1e0-4e09-8f4f-22eac361a9b9,environment_design,overcooked_design,prolific-run-01132026,False,base,fully-interleaved,63cee08c60670525b4f43946,chrome,1536.0,695.0,False,1768354039051.0,1768354601543.0,562492.0,0.0,"[""6be479f8-4a3f-4d97-8f06-0f301b0acd64_SaladOL"",""94e306f0-ad75-49ba-b2f1-553a5ce7c9c5_SaladOL"",""a3f0e9a9-0cec-4adb-855a-238beeba7bf9_SaladOL"",""908ba92f-7e3f-40cf-a293-86847bd7f04f_Salad"",""b69ccfaa-7ae4-4bf8-ac1f-a0a9d5fcb40f_Salad"",""e9fc4a2f-efaf-4341-b11b-bf9fbb625dc5_SaladOL"",""ccd95ed1-36b4-46f6-a2fc-fd3f110cda80_SaladOL"",""9ea49cb3-212e-452f-908a-09b81601fe45_SaladOL"",""a3f0e9a9-0cec-4adb-855a-238beeba7bf9_Salad"",""e9fc4a2f-efaf-4341-b11b-bf9fbb625dc5_Salad"",""9869c018-45e4-4d69-80fb-dc3e7ac8cb03_SaladOL"",""94e306f0-ad75-49ba-b2f1-553a5ce7c9c5_Salad"",""9ea49cb3-212e-452f-908a-09b81601fe45_Salad"",""9869c018-45e4-4d69-80fb-dc3e7ac8cb03_Salad"",""74b431e8-e8ca-48fd-b5b4-ab6f32563faf_SaladOL"",""b69ccfaa-7ae4-4bf8-ac1f-a0a9d5fcb40f_SaladOL"",""ccd95ed1-36b4-46f6-a2fc-fd3f110cda80_Salad"",""e5abe513-7271-4d97-8f41-c67d5dc744c7_Salad"",""908ba92f-7e3f-40cf-a293-86847bd7f04f_SaladOL"",""74b431e8-e8ca-48fd-b5b4-ab6f32563faf_Salad"",""923da982-5016-4456-980f-fe08463be1e4_SaladOL"",""6be479f8-4a3f-4d97-8f06-0f301b0acd64_Salad"",""923da982-5016-4456-980f-fe08463be1e4_Salad"",""e5abe513-7271-4d97-8f41-c67d5dc744c7_SaladOL""]",35,Female,White,Non-Hispanic,2,5,Mouse,What would keep the ingredients needed close together,none
1902-e1291244-df15-4dcc-a31f-16d4729c1784,environment_design,overcooked_design,prolific-run-01132026,False,communicative,fully-interleaved,5848ad3bdb871400012da095,chrome,1280.0,551.0,False,1768348075748.0,1768348686176.0,610428.0,2.0,"[""908ba92f-7e3f-40cf-a293-86847bd7f04f_SaladOL"",""ccd95ed1-36b4-46f6-a2fc-fd3f110cda80_SaladOL"",""ccd95ed1-36b4-46f6-a2fc-fd3f110cda80_Salad"",""a3f0e9a9-0cec-4adb-855a-238beeba7bf9_Salad"",""9869c018-45e4-4d69-80fb-dc3e7ac8cb03_Salad"",""6be479f8-4a3f-4d97-8f06-0f301b0acd64_Salad"",""b69ccfaa-7ae4-4bf8-ac1f-a0a9d5fcb40f_SaladOL"",""6be479f8-4a3f-4d97-8f06-0f301b0acd64_SaladOL"",""94e306f0-ad75-49ba-b2f1-553a5ce7c9c5_Salad"",""e9fc4a2f-efaf-4341-b11b-bf9fbb625dc5_SaladOL"",""e5abe513-7271-4d97-8f41-c67d5dc744c7_Salad"",""94e306f0-ad75-49ba-b2f1-553a5ce7c9c5_SaladOL"",""923da982-5016-4456-980f-fe08463be1e4_SaladOL"",""b69ccfaa-7ae4-4bf8-ac1f-a0a9d5fcb40f_Salad"",""9ea49cb3-212e-452f-908a-09b81601fe45_Salad"",""e5abe513-7271-4d97-8f41-c67d5dc744c7_SaladOL"",""a3f0e9a9-0cec-4adb-855a-238beeba7bf9_SaladOL"",""9869c018-45e4-4d69-80fb-dc3e7ac8cb03_SaladOL"",""908ba92f-7e3f-40cf-a293-86847bd7f04f_Salad"",""74b431e8-e8ca-48fd-b5b4-ab6f32563faf_SaladOL"",""923da982-5016-4456-980f-fe08463be1e4_Salad"",""74b431e8-e8ca-48fd-b5b4-ab6f32563faf_Salad"",""e9fc4a2f-efaf-4341-b11b-bf9fbb625dc5_Salad"",""9ea49cb3-212e-452f-908a-09b81601fe45_SaladOL""]",35,Female,White,Non-Hispanic,1,5,Mouse,"I would try to ""block"" the tomato or onion depending on the salad. Or i would put the desired veg closer to the plate or star/end",none
1926-6d3c4c04-eb28-4aea-8af1-691b8e4b1dc9,environment_design,overcooked_design,prolific-run-01132026,False,base,fully-interleaved,67ddd4f85ab870ffd90cc888,chrome,1382.0,622.0,False,1768347262645.0,1768347973981.0,711336.0,0.0,"[""94e306f0-ad75-49ba-b2f1-553a5ce7c9c5_SaladOL"",""ccd95ed1-36b4-46f6-a2fc-fd3f110cda80_Salad"",""e9fc4a2f-efaf-4341-b11b-bf9fbb625dc5_Salad"",""9ea49cb3-212e-452f-908a-09b81601fe45_Salad"",""a3f0e9a9-0cec-4adb-855a-238beeba7bf9_Salad"",""923da982-5016-4456-980f-fe08463be1e4_SaladOL"",""6be479f8-4a3f-4d97-8f06-0f301b0acd64_Salad"",""74b431e8-e8ca-48fd-b5b4-ab6f32563faf_Salad"",""9869c018-45e4-4d69-80fb-dc3e7ac8cb03_SaladOL"",""908ba92f-7e3f-40cf-a293-86847bd7f04f_Salad"",""a3f0e9a9-0cec-4adb-855a-238beeba7bf9_SaladOL"",""e5abe513-7271-4d97-8f41-c67d5dc744c7_SaladOL"",""e5abe513-7271-4d97-8f41-c67d5dc744c7_Salad"",""74b431e8-e8ca-48fd-b5b4-ab6f32563faf_SaladOL"",""908ba92f-7e3f-40cf-a293-86847bd7f04f_SaladOL"",""6be479f8-4a3f-4d97-8f06-0f301b0acd64_SaladOL"",""94e306f0-ad75-49ba-b2f1-553a5ce7c9c5_Salad"",""9869c018-45e4-4d69-80fb-dc3e7ac8cb03_Salad"",""923da982-5016-4456-980f-fe08463be1e4_Salad"",""b69ccfaa-7ae4-4bf8-ac1f-a0a9d5fcb40f_SaladOL"",""ccd95ed1-36b4-46f6-a2fc-fd3f110cda80_SaladOL"",""b69ccfaa-7ae4-4bf8-ac1f-a0a9d5fcb40f_Salad"",""e9fc4a2f-efaf-4341-b11b-bf9fbb625dc5_SaladOL"",""9ea49cb3-212e-452f-908a-09b81601fe45_SaladOL""]",51,Male,White,Non-Hispanic,2,5,Mouse,I considered helping the chef make dish with few steps. It was an exciting experience., No
2018-f2bb3958-5ba8-4d42-9cc4-4c7dca158111,environment_design,overcooked_design,prolific-run-01132026,False,communicative,fully-interleaved,5e76d2652d882b2481d65066,chrome,1463.0,735.0,False,1768356018400.0,1768356664723.0,646323.0,0.0,"[""6be479f8-4a3f-4d97-8f06-0f301b0acd64_SaladOL"",""923da982-5016-4456-980f-fe08463be1e4_Salad"",""9869c018-45e4-4d69-80fb-dc3e7ac8cb03_Salad"",""ccd95ed1-36b4-46f6-a2fc-fd3f110cda80_SaladOL"",""e5abe513-7271-4d97-8f41-c67d5dc744c7_Salad"",""908ba92f-7e3f-40cf-a293-86847bd7f04f_Salad"",""74b431e8-e8ca-48fd-b5b4-ab6f32563faf_Salad"",""b69ccfaa-7ae4-4bf8-ac1f-a0a9d5fcb40f_Salad"",""a3f0e9a9-0cec-4adb-855a-238beeba7bf9_Salad"",""908ba92f-7e3f-40cf-a293-86847bd7f04f_SaladOL"",""9ea49cb3-212e-452f-908a-09b81601fe45_SaladOL"",""e9fc4a2f-efaf-4341-b11b-bf9fbb625dc5_Salad"",""74b431e8-e8ca-48fd-b5b4-ab6f32563faf_SaladOL"",""e5abe513-7271-4d97-8f41-c67d5dc744c7_SaladOL"",""6be479f8-4a3f-4d97-8f06-0f301b0acd64_Salad"",""ccd95ed1-36b4-46f6-a2fc-fd3f110cda80_Salad"",""94e306f0-ad75-49ba-b2f1-553a5ce7c9c5_SaladOL"",""923da982-5016-4456-980f-fe08463be1e4_SaladOL"",""94e306f0-ad75-49ba-b2f1-553a5ce7c9c5_Salad"",""e9fc4a2f-efaf-4341-b11b-bf9fbb625dc5_SaladOL"",""b69ccfaa-7ae4-4bf8-ac1f-a0a9d5fcb40f_SaladOL"",""9ea49cb3-212e-452f-908a-09b81601fe45_Salad"",""9869c018-45e4-4d69-80fb-dc3e7ac8cb03_SaladOL"",""a3f0e9a9-0cec-4adb-855a-238beeba7bf9_SaladOL""]",26,Female,Asian,Non-Hispanic,1,5,Trackpad,Fun game!,
2061-bb1fd09a-f899-4e49-92bd-c42c635f6ebe,environment_design,overcooked_design,prolific-run-01132026,False,base,fully-interleaved,57363f5214f69e000d7673c4,edge-chromium,1528.0,939.0,False,1768355510196.0,1768356173494.0,663298.0,0.0,"[""94e306f0-ad75-49ba-b2f1-553a5ce7c9c5_Salad"",""923da982-5016-4456-980f-fe08463be1e4_Salad"",""908ba92f-7e3f-40cf-a293-86847bd7f04f_Salad"",""ccd95ed1-36b4-46f6-a2fc-fd3f110cda80_Salad"",""e9fc4a2f-efaf-4341-b11b-bf9fbb625dc5_SaladOL"",""ccd95ed1-36b4-46f6-a2fc-fd3f110cda80_SaladOL"",""9869c018-45e4-4d69-80fb-dc3e7ac8cb03_SaladOL"",""94e306f0-ad75-49ba-b2f1-553a5ce7c9c5_SaladOL"",""923da982-5016-4456-980f-fe08463be1e4_SaladOL"",""e5abe513-7271-4d97-8f41-c67d5dc744c7_Salad"",""6be479f8-4a3f-4d97-8f06-0f301b0acd64_SaladOL"",""74b431e8-e8ca-48fd-b5b4-ab6f32563faf_Salad"",""e5abe513-7271-4d97-8f41-c67d5dc744c7_SaladOL"",""6be479f8-4a3f-4d97-8f06-0f301b0acd64_Salad"",""a3f0e9a9-0cec-4adb-855a-238beeba7bf9_SaladOL"",""a3f0e9a9-0cec-4adb-855a-238beeba7bf9_Salad"",""74b431e8-e8ca-48fd-b5b4-ab6f32563faf_SaladOL"",""b69ccfaa-7ae4-4bf8-ac1f-a0a9d5fcb40f_Salad"",""b69ccfaa-7ae4-4bf8-ac1f-a0a9d5fcb40f_SaladOL"",""9869c018-45e4-4d69-80fb-dc3e7ac8cb03_Salad"",""9ea49cb3-212e-452f-908a-09b81601fe45_Salad"",""908ba92f-7e3f-40cf-a293-86847bd7f04f_SaladOL"",""9ea49cb3-212e-452f-908a-09b81601fe45_SaladOL"",""e9fc4a2f-efaf-4341-b11b-bf9fbb625dc5_Salad""]",30,Female,White,Non-Hispanic,3,4,Trackpad,I wanted to try to keep tasks close together,N/a
2080-a43a4f94-426b-4e23-9550-4a17161881c0,environment_design,overcooked_design,prolific-run-01132026,False,communicative,fully-interleaved,666b2c85f61d65183f96d954,chrome,1536.0,730.0,False,1768353915569.0,1768355113605.0,1198036.0,0.0,"[""74b431e8-e8ca-48fd-b5b4-ab6f32563faf_Salad"",""923da982-5016-4456-980f-fe08463be1e4_Salad"",""b69ccfaa-7ae4-4bf8-ac1f-a0a9d5fcb40f_Salad"",""b69ccfaa-7ae4-4bf8-ac1f-a0a9d5fcb40f_SaladOL"",""908ba92f-7e3f-40cf-a293-86847bd7f04f_SaladOL"",""e9fc4a2f-efaf-4341-b11b-bf9fbb625dc5_SaladOL"",""9ea49cb3-212e-452f-908a-09b81601fe45_Salad"",""94e306f0-ad75-49ba-b2f1-553a5ce7c9c5_Salad"",""74b431e8-e8ca-48fd-b5b4-ab6f32563faf_SaladOL"",""908ba92f-7e3f-40cf-a293-86847bd7f04f_Salad"",""e9fc4a2f-efaf-4341-b11b-bf9fbb625dc5_Salad"",""9869c018-45e4-4d69-80fb-dc3e7ac8cb03_Salad"",""a3f0e9a9-0cec-4adb-855a-238beeba7bf9_SaladOL"",""9ea49cb3-212e-452f-908a-09b81601fe45_SaladOL"",""e5abe513-7271-4d97-8f41-c67d5dc744c7_Salad"",""ccd95ed1-36b4-46f6-a2fc-fd3f110cda80_SaladOL"",""a3f0e9a9-0cec-4adb-855a-238beeba7bf9_Salad"",""94e306f0-ad75-49ba-b2f1-553a5ce7c9c5_SaladOL"",""6be479f8-4a3f-4d97-8f06-0f301b0acd64_SaladOL"",""923da982-5016-4456-980f-fe08463be1e4_SaladOL"",""ccd95ed1-36b4-46f6-a2fc-fd3f110cda80_Salad"",""9869c018-45e4-4d69-80fb-dc3e7ac8cb03_SaladOL"",""6be479f8-4a3f-4d97-8f06-0f301b0acd64_Salad"",""e5abe513-7271-4d97-8f41-c67d5dc744c7_SaladOL""]",53,Female,White,Non-Hispanic,1,5,Mouse,"I tried to put the ingredients near each closer and close to the knife, plate, and delivery area.",
2153-50eed520-a682-4ed2-88ba-e27e73919f61,environment_design,overcooked_design,prolific-run-01132026,False,base,fully-interleaved,5bacb6b9f2d97e0001c52a63,chrome,1536.0,663.0,False,1768356047100.0,1768356961592.0,914492.0,0.0,"[""94e306f0-ad75-49ba-b2f1-553a5ce7c9c5_Salad"",""b69ccfaa-7ae4-4bf8-ac1f-a0a9d5fcb40f_Salad"",""e9fc4a2f-efaf-4341-b11b-bf9fbb625dc5_Salad"",""9869c018-45e4-4d69-80fb-dc3e7ac8cb03_SaladOL"",""923da982-5016-4456-980f-fe08463be1e4_Salad"",""a3f0e9a9-0cec-4adb-855a-238beeba7bf9_Salad"",""74b431e8-e8ca-48fd-b5b4-ab6f32563faf_SaladOL"",""9ea49cb3-212e-452f-908a-09b81601fe45_Salad"",""b69ccfaa-7ae4-4bf8-ac1f-a0a9d5fcb40f_SaladOL"",""6be479f8-4a3f-4d97-8f06-0f301b0acd64_Salad"",""e9fc4a2f-efaf-4341-b11b-bf9fbb625dc5_SaladOL"",""9869c018-45e4-4d69-80fb-dc3e7ac8cb03_Salad"",""908ba92f-7e3f-40cf-a293-86847bd7f04f_SaladOL"",""e5abe513-7271-4d97-8f41-c67d5dc744c7_SaladOL"",""9ea49cb3-212e-452f-908a-09b81601fe45_SaladOL"",""ccd95ed1-36b4-46f6-a2fc-fd3f110cda80_SaladOL"",""ccd95ed1-36b4-46f6-a2fc-fd3f110cda80_Salad"",""6be479f8-4a3f-4d97-8f06-0f301b0acd64_SaladOL"",""a3f0e9a9-0cec-4adb-855a-238beeba7bf9_SaladOL"",""e5abe513-7271-4d97-8f41-c67d5dc744c7_Salad"",""94e306f0-ad75-49ba-b2f1-553a5ce7c9c5_SaladOL"",""908ba92f-7e3f-40cf-a293-86847bd7f04f_Salad"",""923da982-5016-4456-980f-fe08463be1e4_SaladOL"",""74b431e8-e8ca-48fd-b5b4-ab6f32563faf_Salad""]",52,Male,White,Non-Hispanic,3,5,Trackpad,"Keeping the ingredients close to the chopping block and plate, leaving unobstructed paths",
2302-d8960aed-42d5-4757-ae37-fc967ec6e6a4,environment_design,overcooked_design,prolific-run-01132026,False,communicative,fully-interleaved,5c55b95b91c0ad0001cf86ab,chrome,1408.0,1299.0,False,1768354640029.0,1768355778096.0,1138067.0,0.0,"[""923da982-5016-4456-980f-fe08463be1e4_Salad"",""94e306f0-ad75-49ba-b2f1-553a5ce7c9c5_Salad"",""923da982-5016-4456-980f-fe08463be1e4_SaladOL"",""9ea49cb3-212e-452f-908a-09b81601fe45_Salad"",""e9fc4a2f-efaf-4341-b11b-bf9fbb625dc5_Salad"",""e5abe513-7271-4d97-8f41-c67d5dc744c7_SaladOL"",""74b431e8-e8ca-48fd-b5b4-ab6f32563faf_SaladOL"",""94e306f0-ad75-49ba-b2f1-553a5ce7c9c5_SaladOL"",""e5abe513-7271-4d97-8f41-c67d5dc744c7_Salad"",""9869c018-45e4-4d69-80fb-dc3e7ac8cb03_SaladOL"",""ccd95ed1-36b4-46f6-a2fc-fd3f110cda80_Salad"",""6be479f8-4a3f-4d97-8f06-0f301b0acd64_SaladOL"",""b69ccfaa-7ae4-4bf8-ac1f-a0a9d5fcb40f_SaladOL"",""908ba92f-7e3f-40cf-a293-86847bd7f04f_Salad"",""a3f0e9a9-0cec-4adb-855a-238beeba7bf9_Salad"",""908ba92f-7e3f-40cf-a293-86847bd7f04f_SaladOL"",""74b431e8-e8ca-48fd-b5b4-ab6f32563faf_Salad"",""9869c018-45e4-4d69-80fb-dc3e7ac8cb03_Salad"",""b69ccfaa-7ae4-4bf8-ac1f-a0a9d5fcb40f_Salad"",""a3f0e9a9-0cec-4adb-855a-238beeba7bf9_SaladOL"",""ccd95ed1-36b4-46f6-a2fc-fd3f110cda80_SaladOL"",""e9fc4a2f-efaf-4341-b11b-bf9fbb625dc5_SaladOL"",""6be479f8-4a3f-4d97-8f06-0f301b0acd64_Salad"",""9ea49cb3-212e-452f-908a-09b81601fe45_SaladOL""]",50,Male,White,Non-Hispanic,3,4,Mouse,I tried to make the paths to the correct ingredients as direct and obvious as possible.,
2373-260842b0-2530-4333-a1d6-ac4b58b599f8,environment_design,overcooked_design,prolific-run-01132026,False,communicative,fully-interleaved,63852fbf95d78ba25b99005e,chrome,1280.0,665.0,False,1768354790130.0,1768355840871.0,1050741.0,0.0,"[""6be479f8-4a3f-4d97-8f06-0f301b0acd64_Salad"",""908ba92f-7e3f-40cf-a293-86847bd7f04f_SaladOL"",""9869c018-45e4-4d69-80fb-dc3e7ac8cb03_Salad"",""6be479f8-4a3f-4d97-8f06-0f301b0acd64_SaladOL"",""e9fc4a2f-efaf-4341-b11b-bf9fbb625dc5_Salad"",""94e306f0-ad75-49ba-b2f1-553a5ce7c9c5_Salad"",""923da982-5016-4456-980f-fe08463be1e4_SaladOL"",""b69ccfaa-7ae4-4bf8-ac1f-a0a9d5fcb40f_SaladOL"",""a3f0e9a9-0cec-4adb-855a-238beeba7bf9_Salad"",""94e306f0-ad75-49ba-b2f1-553a5ce7c9c5_SaladOL"",""ccd95ed1-36b4-46f6-a2fc-fd3f110cda80_SaladOL"",""908ba92f-7e3f-40cf-a293-86847bd7f04f_Salad"",""9ea49cb3-212e-452f-908a-09b81601fe45_SaladOL"",""923da982-5016-4456-980f-fe08463be1e4_Salad"",""ccd95ed1-36b4-46f6-a2fc-fd3f110cda80_Salad"",""b69ccfaa-7ae4-4bf8-ac1f-a0a9d5fcb40f_Salad"",""74b431e8-e8ca-48fd-b5b4-ab6f32563faf_SaladOL"",""e5abe513-7271-4d97-8f41-c67d5dc744c7_Salad"",""74b431e8-e8ca-48fd-b5b4-ab6f32563faf_Salad"",""e9fc4a2f-efaf-4341-b11b-bf9fbb625dc5_SaladOL"",""9869c018-45e4-4d69-80fb-dc3e7ac8cb03_SaladOL"",""a3f0e9a9-0cec-4adb-855a-238beeba7bf9_SaladOL"",""e5abe513-7271-4d97-8f41-c67d5dc744c7_SaladOL"",""9ea49cb3-212e-452f-908a-09b81601fe45_Salad""]",58,Female,White,Non-Hispanic,3,4,Trackpad,creating direct pathways to all necessary places.,n/a
2382-b10a8b7b-bf21-47de-be06-cda1ffb79172,environment_design,overcooked_design,prolific-run-01132026,False,base,fully-interleaved,5a98b9554eecca0001dd722f,chrome,1920.0,911.0,False,1768354871084.0,1768355878855.0,1007771.0,0.0,"[""e5abe513-7271-4d97-8f41-c67d5dc744c7_SaladOL"",""94e306f0-ad75-49ba-b2f1-553a5ce7c9c5_SaladOL"",""9ea49cb3-212e-452f-908a-09b81601fe45_Salad"",""923da982-5016-4456-980f-fe08463be1e4_SaladOL"",""74b431e8-e8ca-48fd-b5b4-ab6f32563faf_Salad"",""ccd95ed1-36b4-46f6-a2fc-fd3f110cda80_SaladOL"",""9ea49cb3-212e-452f-908a-09b81601fe45_SaladOL"",""9869c018-45e4-4d69-80fb-dc3e7ac8cb03_Salad"",""6be479f8-4a3f-4d97-8f06-0f301b0acd64_SaladOL"",""ccd95ed1-36b4-46f6-a2fc-fd3f110cda80_Salad"",""b69ccfaa-7ae4-4bf8-ac1f-a0a9d5fcb40f_SaladOL"",""6be479f8-4a3f-4d97-8f06-0f301b0acd64_Salad"",""e9fc4a2f-efaf-4341-b11b-bf9fbb625dc5_SaladOL"",""908ba92f-7e3f-40cf-a293-86847bd7f04f_Salad"",""e5abe513-7271-4d97-8f41-c67d5dc744c7_Salad"",""908ba92f-7e3f-40cf-a293-86847bd7f04f_SaladOL"",""e9fc4a2f-efaf-4341-b11b-bf9fbb625dc5_Salad"",""74b431e8-e8ca-48fd-b5b4-ab6f32563faf_SaladOL"",""94e306f0-ad75-49ba-b2f1-553a5ce7c9c5_Salad"",""a3f0e9a9-0cec-4adb-855a-238beeba7bf9_Salad"",""a3f0e9a9-0cec-4adb-855a-238beeba7bf9_SaladOL"",""9869c018-45e4-4d69-80fb-dc3e7ac8cb03_SaladOL"",""923da982-5016-4456-980f-fe08463be1e4_Salad"",""b69ccfaa-7ae4-4bf8-ac1f-a0a9d5fcb40f_Salad""]",41,Female,Black/African American,Non-Hispanic,1,5,Trackpad,How many steps would be needed to navigate to get the most done in the least amount of steps with the furniture placement.,no
2499-8d68d1cf-3bfc-478c-9e4d-510b116e2f9d,environment_design,overcooked_design,prolific-run-01132026,False,communicative,fully-interleaved,65710e98c918d330844241d4,chrome,1920.0,957.0,False,1768356017725.0,1768356980512.0,962787.0,0.0,"[""9869c018-45e4-4d69-80fb-dc3e7ac8cb03_Salad"",""74b431e8-e8ca-48fd-b5b4-ab6f32563faf_Salad"",""94e306f0-ad75-49ba-b2f1-553a5ce7c9c5_SaladOL"",""b69ccfaa-7ae4-4bf8-ac1f-a0a9d5fcb40f_Salad"",""9ea49cb3-212e-452f-908a-09b81601fe45_Salad"",""9869c018-45e4-4d69-80fb-dc3e7ac8cb03_SaladOL"",""94e306f0-ad75-49ba-b2f1-553a5ce7c9c5_Salad"",""9ea49cb3-212e-452f-908a-09b81601fe45_SaladOL"",""e9fc4a2f-efaf-4341-b11b-bf9fbb625dc5_SaladOL"",""923da982-5016-4456-980f-fe08463be1e4_Salad"",""6be479f8-4a3f-4d97-8f06-0f301b0acd64_Salad"",""e9fc4a2f-efaf-4341-b11b-bf9fbb625dc5_Salad"",""6be479f8-4a3f-4d97-8f06-0f301b0acd64_SaladOL"",""74b431e8-e8ca-48fd-b5b4-ab6f32563faf_SaladOL"",""b69ccfaa-7ae4-4bf8-ac1f-a0a9d5fcb40f_SaladOL"",""923da982-5016-4456-980f-fe08463be1e4_SaladOL"",""ccd95ed1-36b4-46f6-a2fc-fd3f110cda80_Salad"",""ccd95ed1-36b4-46f6-a2fc-fd3f110cda80_SaladOL"",""908ba92f-7e3f-40cf-a293-86847bd7f04f_Salad"",""e5abe513-7271-4d97-8f41-c67d5dc744c7_SaladOL"",""e5abe513-7271-4d97-8f41-c67d5dc744c7_Salad"",""a3f0e9a9-0cec-4adb-855a-238beeba7bf9_Salad"",""a3f0e9a9-0cec-4adb-855a-238beeba7bf9_SaladOL"",""908ba92f-7e3f-40cf-a293-86847bd7f04f_SaladOL""]",48,Female,Black/African American,Non-Hispanic,2,5,Mouse,I tried to factor in the shortest amount of steps and clear space when trying to access the ingredients.,
2612-96332809-4ea3-416b-ae08-8c6e0cdd0a16,environment_design,overcooked_design,prolific-run-01132026,False,communicative,fully-interleaved,61512b155c1d2c5673a06ec1,firefox,1536.0,731.0,False,1768354336193.0,1768356069447.0,1733254.0,8.0,"[""6be479f8-4a3f-4d97-8f06-0f301b0acd64_SaladOL"",""908ba92f-7e3f-40cf-a293-86847bd7f04f_SaladOL"",""ccd95ed1-36b4-46f6-a2fc-fd3f110cda80_SaladOL"",""a3f0e9a9-0cec-4adb-855a-238beeba7bf9_Salad"",""923da982-5016-4456-980f-fe08463be1e4_SaladOL"",""9869c018-45e4-4d69-80fb-dc3e7ac8cb03_Salad"",""ccd95ed1-36b4-46f6-a2fc-fd3f110cda80_Salad"",""9ea49cb3-212e-452f-908a-09b81601fe45_SaladOL"",""a3f0e9a9-0cec-4adb-855a-238beeba7bf9_SaladOL"",""94e306f0-ad75-49ba-b2f1-553a5ce7c9c5_SaladOL"",""923da982-5016-4456-980f-fe08463be1e4_Salad"",""6be479f8-4a3f-4d97-8f06-0f301b0acd64_Salad"",""908ba92f-7e3f-40cf-a293-86847bd7f04f_Salad"",""b69ccfaa-7ae4-4bf8-ac1f-a0a9d5fcb40f_SaladOL"",""9869c018-45e4-4d69-80fb-dc3e7ac8cb03_SaladOL"",""e5abe513-7271-4d97-8f41-c67d5dc744c7_SaladOL"",""e5abe513-7271-4d97-8f41-c67d5dc744c7_Salad"",""e9fc4a2f-efaf-4341-b11b-bf9fbb625dc5_Salad"",""9ea49cb3-212e-452f-908a-09b81601fe45_Salad"",""b69ccfaa-7ae4-4bf8-ac1f-a0a9d5fcb40f_Salad"",""e9fc4a2f-efaf-4341-b11b-bf9fbb625dc5_SaladOL"",""74b431e8-e8ca-48fd-b5b4-ab6f32563faf_SaladOL"",""94e306f0-ad75-49ba-b2f1-553a5ce7c9c5_Salad"",""74b431e8-e8ca-48fd-b5b4-ab6f32563faf_Salad""]",33,Male,White,Non-Hispanic,1,5,Mouse,i had fun ,none
2685-59998e23-0d4e-42dd-a0ab-53885d93782a,environment_design,overcooked_design,prolific-run-01132026,False,communicative,fully-interleaved,66772da1add67a4a8e713540,chrome,1366.0,607.0,False,1768345966258.0,1768347604759.0,1638501.0,1.0,"[""ccd95ed1-36b4-46f6-a2fc-fd3f110cda80_Salad"",""908ba92f-7e3f-40cf-a293-86847bd7f04f_SaladOL"",""e5abe513-7271-4d97-8f41-c67d5dc744c7_Salad"",""a3f0e9a9-0cec-4adb-855a-238beeba7bf9_SaladOL"",""e9fc4a2f-efaf-4341-b11b-bf9fbb625dc5_Salad"",""a3f0e9a9-0cec-4adb-855a-238beeba7bf9_Salad"",""923da982-5016-4456-980f-fe08463be1e4_Salad"",""923da982-5016-4456-980f-fe08463be1e4_SaladOL"",""74b431e8-e8ca-48fd-b5b4-ab6f32563faf_SaladOL"",""6be479f8-4a3f-4d97-8f06-0f301b0acd64_Salad"",""94e306f0-ad75-49ba-b2f1-553a5ce7c9c5_Salad"",""9869c018-45e4-4d69-80fb-dc3e7ac8cb03_Salad"",""e5abe513-7271-4d97-8f41-c67d5dc744c7_SaladOL"",""74b431e8-e8ca-48fd-b5b4-ab6f32563faf_Salad"",""e9fc4a2f-efaf-4341-b11b-bf9fbb625dc5_SaladOL"",""9ea49cb3-212e-452f-908a-09b81601fe45_Salad"",""6be479f8-4a3f-4d97-8f06-0f301b0acd64_SaladOL"",""ccd95ed1-36b4-46f6-a2fc-fd3f110cda80_SaladOL"",""b69ccfaa-7ae4-4bf8-ac1f-a0a9d5fcb40f_SaladOL"",""94e306f0-ad75-49ba-b2f1-553a5ce7c9c5_SaladOL"",""b69ccfaa-7ae4-4bf8-ac1f-a0a9d5fcb40f_Salad"",""908ba92f-7e3f-40cf-a293-86847bd7f04f_Salad"",""9ea49cb3-212e-452f-908a-09b81601fe45_SaladOL"",""9869c018-45e4-4d69-80fb-dc3e7ac8cb03_SaladOL""]",42,Female,White,Non-Hispanic,1,5,Mouse,"I thought of speed and efficiency, how I would have wanted it designed.",
2690-d5b07034-7ce2-4f22-b39f-5eeea9521bda,environment_design,overcooked_design,prolific-run-01132026,False,communicative,fully-interleaved,5a501c26eedc32000141f4f2,chrome,1920.0,919.0,False,1768354159598.0,1768355239307.0,1079709.0,0.0,"[""b69ccfaa-7ae4-4bf8-ac1f-a0a9d5fcb40f_Salad"",""e5abe513-7271-4d97-8f41-c67d5dc744c7_SaladOL"",""923da982-5016-4456-980f-fe08463be1e4_Salad"",""9869c018-45e4-4d69-80fb-dc3e7ac8cb03_Salad"",""908ba92f-7e3f-40cf-a293-86847bd7f04f_Salad"",""9ea49cb3-212e-452f-908a-09b81601fe45_SaladOL"",""923da982-5016-4456-980f-fe08463be1e4_SaladOL"",""ccd95ed1-36b4-46f6-a2fc-fd3f110cda80_Salad"",""94e306f0-ad75-49ba-b2f1-553a5ce7c9c5_SaladOL"",""74b431e8-e8ca-48fd-b5b4-ab6f32563faf_Salad"",""9ea49cb3-212e-452f-908a-09b81601fe45_Salad"",""908ba92f-7e3f-40cf-a293-86847bd7f04f_SaladOL"",""ccd95ed1-36b4-46f6-a2fc-fd3f110cda80_SaladOL"",""b69ccfaa-7ae4-4bf8-ac1f-a0a9d5fcb40f_SaladOL"",""a3f0e9a9-0cec-4adb-855a-238beeba7bf9_Salad"",""6be479f8-4a3f-4d97-8f06-0f301b0acd64_Salad"",""e5abe513-7271-4d97-8f41-c67d5dc744c7_Salad"",""9869c018-45e4-4d69-80fb-dc3e7ac8cb03_SaladOL"",""a3f0e9a9-0cec-4adb-855a-238beeba7bf9_SaladOL"",""94e306f0-ad75-49ba-b2f1-553a5ce7c9c5_Salad"",""6be479f8-4a3f-4d97-8f06-0f301b0acd64_SaladOL"",""e9fc4a2f-efaf-4341-b11b-bf9fbb625dc5_SaladOL"",""e9fc4a2f-efaf-4341-b11b-bf9fbb625dc5_Salad"",""74b431e8-e8ca-48fd-b5b4-ab6f32563faf_SaladOL""]",22,Male,Asian,Non-Hispanic,2,3,Mouse,Grouping activities close to each other,
2707-d3993031-3298-4a51-9741-158f99d410e3,environment_design,overcooked_design,prolific-run-01132026,False,communicative,fully-interleaved,669ae5e518a6da2e08898e9f,chrome,1920.0,911.0,False,1768354994280.0,1768355639814.0,645534.0,0.0,"[""b69ccfaa-7ae4-4bf8-ac1f-a0a9d5fcb40f_Salad"",""ccd95ed1-36b4-46f6-a2fc-fd3f110cda80_Salad"",""e9fc4a2f-efaf-4341-b11b-bf9fbb625dc5_SaladOL"",""6be479f8-4a3f-4d97-8f06-0f301b0acd64_Salad"",""94e306f0-ad75-49ba-b2f1-553a5ce7c9c5_Salad"",""ccd95ed1-36b4-46f6-a2fc-fd3f110cda80_SaladOL"",""6be479f8-4a3f-4d97-8f06-0f301b0acd64_SaladOL"",""e5abe513-7271-4d97-8f41-c67d5dc744c7_SaladOL"",""94e306f0-ad75-49ba-b2f1-553a5ce7c9c5_SaladOL"",""b69ccfaa-7ae4-4bf8-ac1f-a0a9d5fcb40f_SaladOL"",""e9fc4a2f-efaf-4341-b11b-bf9fbb625dc5_Salad"",""923da982-5016-4456-980f-fe08463be1e4_Salad"",""9ea49cb3-212e-452f-908a-09b81601fe45_SaladOL"",""908ba92f-7e3f-40cf-a293-86847bd7f04f_SaladOL"",""9ea49cb3-212e-452f-908a-09b81601fe45_Salad"",""74b431e8-e8ca-48fd-b5b4-ab6f32563faf_Salad"",""9869c018-45e4-4d69-80fb-dc3e7ac8cb03_Salad"",""908ba92f-7e3f-40cf-a293-86847bd7f04f_Salad"",""e5abe513-7271-4d97-8f41-c67d5dc744c7_Salad"",""923da982-5016-4456-980f-fe08463be1e4_SaladOL"",""a3f0e9a9-0cec-4adb-855a-238beeba7bf9_Salad"",""a3f0e9a9-0cec-4adb-855a-238beeba7bf9_SaladOL"",""74b431e8-e8ca-48fd-b5b4-ab6f32563faf_SaladOL"",""9869c018-45e4-4d69-80fb-dc3e7ac8cb03_SaladOL""]",20,Male,White,Non-Hispanic,3,4,Mouse,How to place the furniture in the most convenient location?,
2748-dfe302b6-f65f-4e54-8669-d62fd55df3c2,environment_design,overcooked_design,prolific-run-01132026,False,communicative,fully-interleaved,5abc3250a3ba7a0001b44c37,chrome,2560.0,1271.0,False,1768342972259.0,1768343333621.0,361362.0,0.0,"[""9869c018-45e4-4d69-80fb-dc3e7ac8cb03_Salad"",""e9fc4a2f-efaf-4341-b11b-bf9fbb625dc5_SaladOL"",""9ea49cb3-212e-452f-908a-09b81601fe45_SaladOL"",""908ba92f-7e3f-40cf-a293-86847bd7f04f_Salad"",""a3f0e9a9-0cec-4adb-855a-238beeba7bf9_SaladOL"",""6be479f8-4a3f-4d97-8f06-0f301b0acd64_Salad"",""74b431e8-e8ca-48fd-b5b4-ab6f32563faf_SaladOL"",""e5abe513-7271-4d97-8f41-c67d5dc744c7_Salad"",""923da982-5016-4456-980f-fe08463be1e4_Salad"",""74b431e8-e8ca-48fd-b5b4-ab6f32563faf_Salad"",""9ea49cb3-212e-452f-908a-09b81601fe45_Salad"",""923da982-5016-4456-980f-fe08463be1e4_SaladOL"",""b69ccfaa-7ae4-4bf8-ac1f-a0a9d5fcb40f_Salad"",""908ba92f-7e3f-40cf-a293-86847bd7f04f_SaladOL"",""94e306f0-ad75-49ba-b2f1-553a5ce7c9c5_SaladOL"",""e9fc4a2f-efaf-4341-b11b-bf9fbb625dc5_Salad"",""ccd95ed1-36b4-46f6-a2fc-fd3f110cda80_SaladOL"",""6be479f8-4a3f-4d97-8f06-0f301b0acd64_SaladOL"",""ccd95ed1-36b4-46f6-a2fc-fd3f110cda80_Salad"",""a3f0e9a9-0cec-4adb-855a-238beeba7bf9_Salad"",""94e306f0-ad75-49ba-b2f1-553a5ce7c9c5_Salad"",""e5abe513-7271-4d97-8f41-c67d5dc744c7_SaladOL"",""9869c018-45e4-4d69-80fb-dc3e7ac8cb03_SaladOL"",""b69ccfaa-7ae4-4bf8-ac1f-a0a9d5fcb40f_SaladOL""]",30,Male,Asian,Non-Hispanic,2,4,Mouse,I tried to put the knife as close to the veggies as possible. ,
2776-eb443d49-ecda-44dd-8877-e6f462e1a0cd,environment_design,overcooked_design,prolific-run-01132026,False,base,fully-interleaved,694179d88301c400c4bbdb4d,chrome,1440.0,812.0,False,1768350771202.0,1768352061782.0,1290580.0,0.0,"[""a3f0e9a9-0cec-4adb-855a-238beeba7bf9_SaladOL"",""908ba92f-7e3f-40cf-a293-86847bd7f04f_SaladOL"",""b69ccfaa-7ae4-4bf8-ac1f-a0a9d5fcb40f_SaladOL"",""e5abe513-7271-4d97-8f41-c67d5dc744c7_Salad"",""e5abe513-7271-4d97-8f41-c67d5dc744c7_SaladOL"",""b69ccfaa-7ae4-4bf8-ac1f-a0a9d5fcb40f_Salad"",""923da982-5016-4456-980f-fe08463be1e4_SaladOL"",""a3f0e9a9-0cec-4adb-855a-238beeba7bf9_Salad"",""74b431e8-e8ca-48fd-b5b4-ab6f32563faf_SaladOL"",""ccd95ed1-36b4-46f6-a2fc-fd3f110cda80_SaladOL"",""9869c018-45e4-4d69-80fb-dc3e7ac8cb03_SaladOL"",""e9fc4a2f-efaf-4341-b11b-bf9fbb625dc5_Salad"",""94e306f0-ad75-49ba-b2f1-553a5ce7c9c5_Salad"",""908ba92f-7e3f-40cf-a293-86847bd7f04f_Salad"",""9ea49cb3-212e-452f-908a-09b81601fe45_SaladOL"",""94e306f0-ad75-49ba-b2f1-553a5ce7c9c5_SaladOL"",""9869c018-45e4-4d69-80fb-dc3e7ac8cb03_Salad"",""923da982-5016-4456-980f-fe08463be1e4_Salad"",""ccd95ed1-36b4-46f6-a2fc-fd3f110cda80_Salad"",""6be479f8-4a3f-4d97-8f06-0f301b0acd64_SaladOL"",""74b431e8-e8ca-48fd-b5b4-ab6f32563faf_Salad"",""6be479f8-4a3f-4d97-8f06-0f301b0acd64_Salad"",""9ea49cb3-212e-452f-908a-09b81601fe45_Salad"",""e9fc4a2f-efaf-4341-b11b-bf9fbb625dc5_SaladOL""]",34,Female,Asian,Non-Hispanic,3,5,Trackpad,"I consider the fewest steps for the cook to take, so the ingredients she needs must be placed at a nearest position, and also when she moves, she can go straight and doesn't have to walk around walls.",no issues.
2788-c2682398-de41-4637-96da-d30608ee6576,environment_design,overcooked_design,prolific-run-01132026,False,communicative,fully-interleaved,5da35e177f1f7d001405f60b,chrome,1920.0,1080.0,False,1768346406923.0,1768347213474.0,806551.0,0.0,"[""923da982-5016-4456-980f-fe08463be1e4_Salad"",""e9fc4a2f-efaf-4341-b11b-bf9fbb625dc5_Salad"",""908ba92f-7e3f-40cf-a293-86847bd7f04f_SaladOL"",""e5abe513-7271-4d97-8f41-c67d5dc744c7_Salad"",""6be479f8-4a3f-4d97-8f06-0f301b0acd64_Salad"",""e9fc4a2f-efaf-4341-b11b-bf9fbb625dc5_SaladOL"",""a3f0e9a9-0cec-4adb-855a-238beeba7bf9_Salad"",""6be479f8-4a3f-4d97-8f06-0f301b0acd64_SaladOL"",""74b431e8-e8ca-48fd-b5b4-ab6f32563faf_SaladOL"",""b69ccfaa-7ae4-4bf8-ac1f-a0a9d5fcb40f_Salad"",""94e306f0-ad75-49ba-b2f1-553a5ce7c9c5_SaladOL"",""ccd95ed1-36b4-46f6-a2fc-fd3f110cda80_SaladOL"",""ccd95ed1-36b4-46f6-a2fc-fd3f110cda80_Salad"",""9869c018-45e4-4d69-80fb-dc3e7ac8cb03_SaladOL"",""a3f0e9a9-0cec-4adb-855a-238beeba7bf9_SaladOL"",""9ea49cb3-212e-452f-908a-09b81601fe45_Salad"",""e5abe513-7271-4d97-8f41-c67d5dc744c7_SaladOL"",""923da982-5016-4456-980f-fe08463be1e4_SaladOL"",""908ba92f-7e3f-40cf-a293-86847bd7f04f_Salad"",""74b431e8-e8ca-48fd-b5b4-ab6f32563faf_Salad"",""9869c018-45e4-4d69-80fb-dc3e7ac8cb03_Salad"",""b69ccfaa-7ae4-4bf8-ac1f-a0a9d5fcb40f_SaladOL"",""94e306f0-ad75-49ba-b2f1-553a5ce7c9c5_Salad"",""9ea49cb3-212e-452f-908a-09b81601fe45_SaladOL""]",54,Female,White,Non-Hispanic,2,4,Mouse,"I tried to place the furniture with the item that was needed closest to either the knife, plate, or exit to make the walking throughout the kitchen more seamless.","No technical difficulties, thank you!"
2815-682f278b-1775-4722-b7b8-09612124e9ed,environment_design,overcooked_design,prolific-run-01132026,False,communicative,fully-interleaved,5d6b2515783298001a763157,chrome,1536.0,826.0,False,1768353930014.0,1768354687103.0,757089.0,0.0,"[""94e306f0-ad75-49ba-b2f1-553a5ce7c9c5_Salad"",""e9fc4a2f-efaf-4341-b11b-bf9fbb625dc5_Salad"",""74b431e8-e8ca-48fd-b5b4-ab6f32563faf_SaladOL"",""74b431e8-e8ca-48fd-b5b4-ab6f32563faf_Salad"",""908ba92f-7e3f-40cf-a293-86847bd7f04f_Salad"",""908ba92f-7e3f-40cf-a293-86847bd7f04f_SaladOL"",""e5abe513-7271-4d97-8f41-c67d5dc744c7_SaladOL"",""ccd95ed1-36b4-46f6-a2fc-fd3f110cda80_Salad"",""b69ccfaa-7ae4-4bf8-ac1f-a0a9d5fcb40f_Salad"",""e5abe513-7271-4d97-8f41-c67d5dc744c7_Salad"",""923da982-5016-4456-980f-fe08463be1e4_Salad"",""94e306f0-ad75-49ba-b2f1-553a5ce7c9c5_SaladOL"",""b69ccfaa-7ae4-4bf8-ac1f-a0a9d5fcb40f_SaladOL"",""ccd95ed1-36b4-46f6-a2fc-fd3f110cda80_SaladOL"",""a3f0e9a9-0cec-4adb-855a-238beeba7bf9_Salad"",""9869c018-45e4-4d69-80fb-dc3e7ac8cb03_Salad"",""6be479f8-4a3f-4d97-8f06-0f301b0acd64_Salad"",""9ea49cb3-212e-452f-908a-09b81601fe45_Salad"",""6be479f8-4a3f-4d97-8f06-0f301b0acd64_SaladOL"",""e9fc4a2f-efaf-4341-b11b-bf9fbb625dc5_SaladOL"",""923da982-5016-4456-980f-fe08463be1e4_SaladOL"",""9ea49cb3-212e-452f-908a-09b81601fe45_SaladOL"",""9869c018-45e4-4d69-80fb-dc3e7ac8cb03_SaladOL"",""a3f0e9a9-0cec-4adb-855a-238beeba7bf9_SaladOL""]",54,Female,White,Non-Hispanic,2,5,Mouse,I thought more about the fact that the chef didn't know which dish to make and wanted to provide clues to get the chef to make the right dish by placing the ingredients or equipment closer or blocking a logical path to the wrong ingredient. ,No problems
2893-b1e79f73-76a3-4b07-83ed-d26eade0a5f3,environment_design,overcooked_design,prolific-run-01132026,False,base,fully-interleaved,672fd24711f758e7a04ac043,chrome,1504.0,868.0,False,1768354004181.0,1768354774110.0,769929.0,0.0,"[""b69ccfaa-7ae4-4bf8-ac1f-a0a9d5fcb40f_SaladOL"",""74b431e8-e8ca-48fd-b5b4-ab6f32563faf_Salad"",""ccd95ed1-36b4-46f6-a2fc-fd3f110cda80_Salad"",""e9fc4a2f-efaf-4341-b11b-bf9fbb625dc5_SaladOL"",""923da982-5016-4456-980f-fe08463be1e4_SaladOL"",""9ea49cb3-212e-452f-908a-09b81601fe45_SaladOL"",""e5abe513-7271-4d97-8f41-c67d5dc744c7_SaladOL"",""9869c018-45e4-4d69-80fb-dc3e7ac8cb03_SaladOL"",""a3f0e9a9-0cec-4adb-855a-238beeba7bf9_Salad"",""6be479f8-4a3f-4d97-8f06-0f301b0acd64_SaladOL"",""e9fc4a2f-efaf-4341-b11b-bf9fbb625dc5_Salad"",""74b431e8-e8ca-48fd-b5b4-ab6f32563faf_SaladOL"",""e5abe513-7271-4d97-8f41-c67d5dc744c7_Salad"",""a3f0e9a9-0cec-4adb-855a-238beeba7bf9_SaladOL"",""923da982-5016-4456-980f-fe08463be1e4_Salad"",""6be479f8-4a3f-4d97-8f06-0f301b0acd64_Salad"",""908ba92f-7e3f-40cf-a293-86847bd7f04f_Salad"",""9869c018-45e4-4d69-80fb-dc3e7ac8cb03_Salad"",""9ea49cb3-212e-452f-908a-09b81601fe45_Salad"",""ccd95ed1-36b4-46f6-a2fc-fd3f110cda80_SaladOL"",""94e306f0-ad75-49ba-b2f1-553a5ce7c9c5_SaladOL"",""908ba92f-7e3f-40cf-a293-86847bd7f04f_SaladOL"",""b69ccfaa-7ae4-4bf8-ac1f-a0a9d5fcb40f_Salad"",""94e306f0-ad75-49ba-b2f1-553a5ce7c9c5_Salad""]",40,Male,Asian,Non-Hispanic,2,4,Trackpad,How close to the exit and efficient the chef can do it.,none
2951-a302cb51-9a38-45f8-9a5c-3e4e837fca78,environment_design,overcooked_design,prolific-run-01132026,False,communicative,fully-interleaved,6329e23d509947bfd4c50ab3,chrome,1366.0,599.0,False,1768353991856.0,1768355009375.0,1017519.0,0.0,"[""ccd95ed1-36b4-46f6-a2fc-fd3f110cda80_Salad"",""9869c018-45e4-4d69-80fb-dc3e7ac8cb03_Salad"",""94e306f0-ad75-49ba-b2f1-553a5ce7c9c5_SaladOL"",""6be479f8-4a3f-4d97-8f06-0f301b0acd64_Salad"",""923da982-5016-4456-980f-fe08463be1e4_Salad"",""923da982-5016-4456-980f-fe08463be1e4_SaladOL"",""e5abe513-7271-4d97-8f41-c67d5dc744c7_Salad"",""908ba92f-7e3f-40cf-a293-86847bd7f04f_SaladOL"",""e5abe513-7271-4d97-8f41-c67d5dc744c7_SaladOL"",""e9fc4a2f-efaf-4341-b11b-bf9fbb625dc5_Salad"",""a3f0e9a9-0cec-4adb-855a-238beeba7bf9_SaladOL"",""74b431e8-e8ca-48fd-b5b4-ab6f32563faf_Salad"",""9ea49cb3-212e-452f-908a-09b81601fe45_Salad"",""e9fc4a2f-efaf-4341-b11b-bf9fbb625dc5_SaladOL"",""a3f0e9a9-0cec-4adb-855a-238beeba7bf9_Salad"",""b69ccfaa-7ae4-4bf8-ac1f-a0a9d5fcb40f_Salad"",""ccd95ed1-36b4-46f6-a2fc-fd3f110cda80_SaladOL"",""74b431e8-e8ca-48fd-b5b4-ab6f32563faf_SaladOL"",""9ea49cb3-212e-452f-908a-09b81601fe45_SaladOL"",""b69ccfaa-7ae4-4bf8-ac1f-a0a9d5fcb40f_SaladOL"",""908ba92f-7e3f-40cf-a293-86847bd7f04f_Salad"",""94e306f0-ad75-49ba-b2f1-553a5ce7c9c5_Salad"",""9869c018-45e4-4d69-80fb-dc3e7ac8cb03_SaladOL"",""6be479f8-4a3f-4d97-8f06-0f301b0acd64_SaladOL""]",30,Female,White,Non-Hispanic,3,5,Trackpad,I tried to get the components the chef needed closer together and as close to the cutting board and star spot in an effort to help them cut down steps.,None
2952-1b16b55c-6739-4e7b-b27a-421187486c97,environment_design,overcooked_design,prolific-run-01132026,False,base,fully-interleaved,5f8cbc5c355ea745e6cef2ca,chrome,1407.0,1312.0,False,1768355189438.0,1768355746749.0,557311.0,0.0,"[""ccd95ed1-36b4-46f6-a2fc-fd3f110cda80_SaladOL"",""908ba92f-7e3f-40cf-a293-86847bd7f04f_Salad"",""74b431e8-e8ca-48fd-b5b4-ab6f32563faf_Salad"",""923da982-5016-4456-980f-fe08463be1e4_SaladOL"",""b69ccfaa-7ae4-4bf8-ac1f-a0a9d5fcb40f_SaladOL"",""9ea49cb3-212e-452f-908a-09b81601fe45_SaladOL"",""9869c018-45e4-4d69-80fb-dc3e7ac8cb03_SaladOL"",""908ba92f-7e3f-40cf-a293-86847bd7f04f_SaladOL"",""9869c018-45e4-4d69-80fb-dc3e7ac8cb03_Salad"",""94e306f0-ad75-49ba-b2f1-553a5ce7c9c5_SaladOL"",""94e306f0-ad75-49ba-b2f1-553a5ce7c9c5_Salad"",""9ea49cb3-212e-452f-908a-09b81601fe45_Salad"",""e5abe513-7271-4d97-8f41-c67d5dc744c7_SaladOL"",""6be479f8-4a3f-4d97-8f06-0f301b0acd64_SaladOL"",""a3f0e9a9-0cec-4adb-855a-238beeba7bf9_Salad"",""923da982-5016-4456-980f-fe08463be1e4_Salad"",""b69ccfaa-7ae4-4bf8-ac1f-a0a9d5fcb40f_Salad"",""ccd95ed1-36b4-46f6-a2fc-fd3f110cda80_Salad"",""e9fc4a2f-efaf-4341-b11b-bf9fbb625dc5_SaladOL"",""e5abe513-7271-4d97-8f41-c67d5dc744c7_Salad"",""e9fc4a2f-efaf-4341-b11b-bf9fbb625dc5_Salad"",""a3f0e9a9-0cec-4adb-855a-238beeba7bf9_SaladOL"",""6be479f8-4a3f-4d97-8f06-0f301b0acd64_Salad"",""74b431e8-e8ca-48fd-b5b4-ab6f32563faf_SaladOL""]",41,Female,White,Hispanic,3,4,Mouse,"I just tried to think of the path the cook would have to take, based on my design.",I had no technical difficulties.
2957-5e2a445b-ed45-47f5-9d54-10c4857a95f0,environment_design,overcooked_design,prolific-run-01132026,False,communicative,fully-interleaved,66318a453cf195962fd393ba,edge-chromium,1866.0,1026.0,False,1768355166967.0,1768355829495.0,662528.0,0.0,"[""b69ccfaa-7ae4-4bf8-ac1f-a0a9d5fcb40f_Salad"",""e9fc4a2f-efaf-4341-b11b-bf9fbb625dc5_SaladOL"",""9869c018-45e4-4d69-80fb-dc3e7ac8cb03_SaladOL"",""ccd95ed1-36b4-46f6-a2fc-fd3f110cda80_SaladOL"",""6be479f8-4a3f-4d97-8f06-0f301b0acd64_Salad"",""74b431e8-e8ca-48fd-b5b4-ab6f32563faf_SaladOL"",""908ba92f-7e3f-40cf-a293-86847bd7f04f_Salad"",""e5abe513-7271-4d97-8f41-c67d5dc744c7_SaladOL"",""b69ccfaa-7ae4-4bf8-ac1f-a0a9d5fcb40f_SaladOL"",""923da982-5016-4456-980f-fe08463be1e4_SaladOL"",""9869c018-45e4-4d69-80fb-dc3e7ac8cb03_Salad"",""6be479f8-4a3f-4d97-8f06-0f301b0acd64_SaladOL"",""923da982-5016-4456-980f-fe08463be1e4_Salad"",""a3f0e9a9-0cec-4adb-855a-238beeba7bf9_SaladOL"",""e9fc4a2f-efaf-4341-b11b-bf9fbb625dc5_Salad"",""9ea49cb3-212e-452f-908a-09b81601fe45_SaladOL"",""a3f0e9a9-0cec-4adb-855a-238beeba7bf9_Salad"",""ccd95ed1-36b4-46f6-a2fc-fd3f110cda80_Salad"",""e5abe513-7271-4d97-8f41-c67d5dc744c7_Salad"",""74b431e8-e8ca-48fd-b5b4-ab6f32563faf_Salad"",""94e306f0-ad75-49ba-b2f1-553a5ce7c9c5_Salad"",""9ea49cb3-212e-452f-908a-09b81601fe45_Salad"",""94e306f0-ad75-49ba-b2f1-553a5ce7c9c5_SaladOL"",""908ba92f-7e3f-40cf-a293-86847bd7f04f_SaladOL""]",35,Male,Asian,Non-Hispanic,2,4,Mouse,I try to block or move the unused ingredient farer away.,
3090-19200260-516a-420f-a2ed-00d61d312a2d,environment_design,overcooked_design,prolific-run-01132026,False,base,fully-interleaved,63d85df2ce828accc88ba837,chrome,1536.0,730.0,False,1768356034219.0,1768357071844.0,1037625.0,1.0,"[""923da982-5016-4456-980f-fe08463be1e4_SaladOL"",""9869c018-45e4-4d69-80fb-dc3e7ac8cb03_Salad"",""a3f0e9a9-0cec-4adb-855a-238beeba7bf9_SaladOL"",""b69ccfaa-7ae4-4bf8-ac1f-a0a9d5fcb40f_Salad"",""e9fc4a2f-efaf-4341-b11b-bf9fbb625dc5_SaladOL"",""6be479f8-4a3f-4d97-8f06-0f301b0acd64_SaladOL"",""e9fc4a2f-efaf-4341-b11b-bf9fbb625dc5_Salad"",""74b431e8-e8ca-48fd-b5b4-ab6f32563faf_Salad"",""b69ccfaa-7ae4-4bf8-ac1f-a0a9d5fcb40f_SaladOL"",""908ba92f-7e3f-40cf-a293-86847bd7f04f_Salad"",""ccd95ed1-36b4-46f6-a2fc-fd3f110cda80_SaladOL"",""923da982-5016-4456-980f-fe08463be1e4_Salad"",""94e306f0-ad75-49ba-b2f1-553a5ce7c9c5_Salad"",""74b431e8-e8ca-48fd-b5b4-ab6f32563faf_SaladOL"",""9ea49cb3-212e-452f-908a-09b81601fe45_SaladOL"",""ccd95ed1-36b4-46f6-a2fc-fd3f110cda80_Salad"",""94e306f0-ad75-49ba-b2f1-553a5ce7c9c5_SaladOL"",""9ea49cb3-212e-452f-908a-09b81601fe45_Salad"",""e5abe513-7271-4d97-8f41-c67d5dc744c7_Salad"",""908ba92f-7e3f-40cf-a293-86847bd7f04f_SaladOL"",""9869c018-45e4-4d69-80fb-dc3e7ac8cb03_SaladOL"",""6be479f8-4a3f-4d97-8f06-0f301b0acd64_Salad"",""e5abe513-7271-4d97-8f41-c67d5dc744c7_SaladOL"",""a3f0e9a9-0cec-4adb-855a-238beeba7bf9_Salad""]",39,Male,White,Hispanic,1,3,Mouse,It was very enjoyable at the same time you need to think carefully. ,none
3125-0f388240-8e5d-4b65-8121-84dff56bf66d,environment_design,overcooked_design,prolific-run-01132026,False,base,fully-interleaved,672bb3b59c2a11f87921c986,chrome,1366.0,768.0,False,1768354439929.0,1768355691842.0,1251913.0,0.0,"[""9869c018-45e4-4d69-80fb-dc3e7ac8cb03_Salad"",""b69ccfaa-7ae4-4bf8-ac1f-a0a9d5fcb40f_Salad"",""e9fc4a2f-efaf-4341-b11b-bf9fbb625dc5_SaladOL"",""9869c018-45e4-4d69-80fb-dc3e7ac8cb03_SaladOL"",""74b431e8-e8ca-48fd-b5b4-ab6f32563faf_SaladOL"",""6be479f8-4a3f-4d97-8f06-0f301b0acd64_SaladOL"",""ccd95ed1-36b4-46f6-a2fc-fd3f110cda80_Salad"",""9ea49cb3-212e-452f-908a-09b81601fe45_SaladOL"",""9ea49cb3-212e-452f-908a-09b81601fe45_Salad"",""e5abe513-7271-4d97-8f41-c67d5dc744c7_SaladOL"",""e5abe513-7271-4d97-8f41-c67d5dc744c7_Salad"",""923da982-5016-4456-980f-fe08463be1e4_SaladOL"",""a3f0e9a9-0cec-4adb-855a-238beeba7bf9_Salad"",""94e306f0-ad75-49ba-b2f1-553a5ce7c9c5_SaladOL"",""74b431e8-e8ca-48fd-b5b4-ab6f32563faf_Salad"",""a3f0e9a9-0cec-4adb-855a-238beeba7bf9_SaladOL"",""6be479f8-4a3f-4d97-8f06-0f301b0acd64_Salad"",""94e306f0-ad75-49ba-b2f1-553a5ce7c9c5_Salad"",""e9fc4a2f-efaf-4341-b11b-bf9fbb625dc5_Salad"",""ccd95ed1-36b4-46f6-a2fc-fd3f110cda80_SaladOL"",""b69ccfaa-7ae4-4bf8-ac1f-a0a9d5fcb40f_SaladOL"",""908ba92f-7e3f-40cf-a293-86847bd7f04f_Salad"",""923da982-5016-4456-980f-fe08463be1e4_Salad"",""908ba92f-7e3f-40cf-a293-86847bd7f04f_SaladOL""]",57,Female,White,Non-Hispanic,3,5,Trackpad,"I tried to picture taking the steps to see where everything was in relation to everything else. The closer I could get the chopping board to the plate, and/or the plate to the serving station, the better", n/a
3155-30a0ec2e-745e-4948-a047-fa93a6e03fb8,environment_design,overcooked_design,prolific-run-01132026,False,base,fully-interleaved,60cff3ba91773f75c9504567,chrome,1920.0,945.0,False,1768346545099.0,1768347128019.0,582920.0,0.0,"[""e9fc4a2f-efaf-4341-b11b-bf9fbb625dc5_SaladOL"",""94e306f0-ad75-49ba-b2f1-553a5ce7c9c5_SaladOL"",""6be479f8-4a3f-4d97-8f06-0f301b0acd64_Salad"",""e5abe513-7271-4d97-8f41-c67d5dc744c7_Salad"",""9ea49cb3-212e-452f-908a-09b81601fe45_Salad"",""e9fc4a2f-efaf-4341-b11b-bf9fbb625dc5_Salad"",""ccd95ed1-36b4-46f6-a2fc-fd3f110cda80_SaladOL"",""6be479f8-4a3f-4d97-8f06-0f301b0acd64_SaladOL"",""9869c018-45e4-4d69-80fb-dc3e7ac8cb03_Salad"",""a3f0e9a9-0cec-4adb-855a-238beeba7bf9_SaladOL"",""b69ccfaa-7ae4-4bf8-ac1f-a0a9d5fcb40f_Salad"",""908ba92f-7e3f-40cf-a293-86847bd7f04f_SaladOL"",""923da982-5016-4456-980f-fe08463be1e4_Salad"",""9ea49cb3-212e-452f-908a-09b81601fe45_SaladOL"",""a3f0e9a9-0cec-4adb-855a-238beeba7bf9_Salad"",""ccd95ed1-36b4-46f6-a2fc-fd3f110cda80_Salad"",""94e306f0-ad75-49ba-b2f1-553a5ce7c9c5_Salad"",""908ba92f-7e3f-40cf-a293-86847bd7f04f_Salad"",""923da982-5016-4456-980f-fe08463be1e4_SaladOL"",""74b431e8-e8ca-48fd-b5b4-ab6f32563faf_SaladOL"",""74b431e8-e8ca-48fd-b5b4-ab6f32563faf_Salad"",""e5abe513-7271-4d97-8f41-c67d5dc744c7_SaladOL"",""9869c018-45e4-4d69-80fb-dc3e7ac8cb03_SaladOL"",""b69ccfaa-7ae4-4bf8-ac1f-a0a9d5fcb40f_SaladOL""]",36,Male,White,Non-Hispanic,2,4,Mouse,I just tried to make the most direct route possible.,
3179-4f37f517-9bed-400b-bcb8-f543d5fc9f3f,environment_design,overcooked_design,prolific-run-01132026,False,base,fully-interleaved,5f0ec8be70489322b9cb26f1,chrome,1536.0,695.0,False,1768356045957.0,1768357903551.0,1857594.0,0.0,"[""923da982-5016-4456-980f-fe08463be1e4_Salad"",""e9fc4a2f-efaf-4341-b11b-bf9fbb625dc5_Salad"",""a3f0e9a9-0cec-4adb-855a-238beeba7bf9_SaladOL"",""9ea49cb3-212e-452f-908a-09b81601fe45_Salad"",""9869c018-45e4-4d69-80fb-dc3e7ac8cb03_Salad"",""923da982-5016-4456-980f-fe08463be1e4_SaladOL"",""e5abe513-7271-4d97-8f41-c67d5dc744c7_SaladOL"",""e9fc4a2f-efaf-4341-b11b-bf9fbb625dc5_SaladOL"",""a3f0e9a9-0cec-4adb-855a-238beeba7bf9_Salad"",""908ba92f-7e3f-40cf-a293-86847bd7f04f_SaladOL"",""6be479f8-4a3f-4d97-8f06-0f301b0acd64_Salad"",""908ba92f-7e3f-40cf-a293-86847bd7f04f_Salad"",""9869c018-45e4-4d69-80fb-dc3e7ac8cb03_SaladOL"",""74b431e8-e8ca-48fd-b5b4-ab6f32563faf_SaladOL"",""e5abe513-7271-4d97-8f41-c67d5dc744c7_Salad"",""b69ccfaa-7ae4-4bf8-ac1f-a0a9d5fcb40f_Salad"",""ccd95ed1-36b4-46f6-a2fc-fd3f110cda80_SaladOL"",""9ea49cb3-212e-452f-908a-09b81601fe45_SaladOL"",""94e306f0-ad75-49ba-b2f1-553a5ce7c9c5_Salad"",""74b431e8-e8ca-48fd-b5b4-ab6f32563faf_Salad"",""6be479f8-4a3f-4d97-8f06-0f301b0acd64_SaladOL"",""94e306f0-ad75-49ba-b2f1-553a5ce7c9c5_SaladOL"",""ccd95ed1-36b4-46f6-a2fc-fd3f110cda80_Salad"",""b69ccfaa-7ae4-4bf8-ac1f-a0a9d5fcb40f_SaladOL""]",30,Female,White,Non-Hispanic,2,4,Mouse,I made sure to place the veggies near the cutting board and the plate near the destination where the cook needs to bring the order.,I did not encounter difficulties.
3217-7a8f7291-fe07-4578-9a4f-f4d20367f200,environment_design,overcooked_design,prolific-run-01132026,False,communicative,fully-interleaved,672d770786fa273d84b761d2,edge-chromium,3416.0,640.0,False,1768348069075.0,1768348573757.0,504682.0,1.0,"[""908ba92f-7e3f-40cf-a293-86847bd7f04f_SaladOL"",""ccd95ed1-36b4-46f6-a2fc-fd3f110cda80_Salad"",""6be479f8-4a3f-4d97-8f06-0f301b0acd64_Salad"",""e9fc4a2f-efaf-4341-b11b-bf9fbb625dc5_Salad"",""74b431e8-e8ca-48fd-b5b4-ab6f32563faf_Salad"",""9869c018-45e4-4d69-80fb-dc3e7ac8cb03_Salad"",""9869c018-45e4-4d69-80fb-dc3e7ac8cb03_SaladOL"",""b69ccfaa-7ae4-4bf8-ac1f-a0a9d5fcb40f_SaladOL"",""9ea49cb3-212e-452f-908a-09b81601fe45_Salad"",""e5abe513-7271-4d97-8f41-c67d5dc744c7_SaladOL"",""94e306f0-ad75-49ba-b2f1-553a5ce7c9c5_Salad"",""a3f0e9a9-0cec-4adb-855a-238beeba7bf9_Salad"",""b69ccfaa-7ae4-4bf8-ac1f-a0a9d5fcb40f_Salad"",""94e306f0-ad75-49ba-b2f1-553a5ce7c9c5_SaladOL"",""ccd95ed1-36b4-46f6-a2fc-fd3f110cda80_SaladOL"",""6be479f8-4a3f-4d97-8f06-0f301b0acd64_SaladOL"",""9ea49cb3-212e-452f-908a-09b81601fe45_SaladOL"",""74b431e8-e8ca-48fd-b5b4-ab6f32563faf_SaladOL"",""e5abe513-7271-4d97-8f41-c67d5dc744c7_Salad"",""923da982-5016-4456-980f-fe08463be1e4_Salad"",""a3f0e9a9-0cec-4adb-855a-238beeba7bf9_SaladOL"",""908ba92f-7e3f-40cf-a293-86847bd7f04f_Salad"",""923da982-5016-4456-980f-fe08463be1e4_SaladOL"",""e9fc4a2f-efaf-4341-b11b-bf9fbb625dc5_SaladOL""]",24,Female,White,Non-Hispanic,2,4,Mouse,"It was fun! I do wonder how accurate it is to actual kitchens or what value it has in designing them, but it was still fun.",N/A
3260-2034b75e-5540-478b-bcaf-f659ccb78bc6,environment_design,overcooked_design,prolific-run-01132026,False,base,fully-interleaved,6751acc5dc78128951a34f1f,chrome,1470.0,712.0,False,1768356292729.0,1768357021738.0,729009.0,1.0,"[""923da982-5016-4456-980f-fe08463be1e4_Salad"",""94e306f0-ad75-49ba-b2f1-553a5ce7c9c5_SaladOL"",""e9fc4a2f-efaf-4341-b11b-bf9fbb625dc5_SaladOL"",""908ba92f-7e3f-40cf-a293-86847bd7f04f_Salad"",""a3f0e9a9-0cec-4adb-855a-238beeba7bf9_SaladOL"",""b69ccfaa-7ae4-4bf8-ac1f-a0a9d5fcb40f_Salad"",""74b431e8-e8ca-48fd-b5b4-ab6f32563faf_Salad"",""908ba92f-7e3f-40cf-a293-86847bd7f04f_SaladOL"",""6be479f8-4a3f-4d97-8f06-0f301b0acd64_SaladOL"",""ccd95ed1-36b4-46f6-a2fc-fd3f110cda80_SaladOL"",""74b431e8-e8ca-48fd-b5b4-ab6f32563faf_SaladOL"",""a3f0e9a9-0cec-4adb-855a-238beeba7bf9_Salad"",""94e306f0-ad75-49ba-b2f1-553a5ce7c9c5_Salad"",""9ea49cb3-212e-452f-908a-09b81601fe45_Salad"",""923da982-5016-4456-980f-fe08463be1e4_SaladOL"",""b69ccfaa-7ae4-4bf8-ac1f-a0a9d5fcb40f_SaladOL"",""9869c018-45e4-4d69-80fb-dc3e7ac8cb03_Salad"",""e5abe513-7271-4d97-8f41-c67d5dc744c7_SaladOL"",""e9fc4a2f-efaf-4341-b11b-bf9fbb625dc5_Salad"",""e5abe513-7271-4d97-8f41-c67d5dc744c7_Salad"",""6be479f8-4a3f-4d97-8f06-0f301b0acd64_Salad"",""9ea49cb3-212e-452f-908a-09b81601fe45_SaladOL"",""ccd95ed1-36b4-46f6-a2fc-fd3f110cda80_Salad"",""9869c018-45e4-4d69-80fb-dc3e7ac8cb03_SaladOL""]",38,Female,White,Non-Hispanic,3,5,Trackpad,I tried to make it easy for the chef to maneouver around blocks to easily get to the knife and plate,none
3265-a7a3b488-1dd8-4cb5-8451-83a0a5bb915e,environment_design,overcooked_design,prolific-run-01132026,False,communicative,fully-interleaved,696045a3e464213c52ceb0bd,chrome,1920.0,919.0,False,1768355290959.0,1768356290234.0,999275.0,0.0,"[""908ba92f-7e3f-40cf-a293-86847bd7f04f_SaladOL"",""6be479f8-4a3f-4d97-8f06-0f301b0acd64_SaladOL"",""9869c018-45e4-4d69-80fb-dc3e7ac8cb03_Salad"",""a3f0e9a9-0cec-4adb-855a-238beeba7bf9_SaladOL"",""e9fc4a2f-efaf-4341-b11b-bf9fbb625dc5_SaladOL"",""e9fc4a2f-efaf-4341-b11b-bf9fbb625dc5_Salad"",""b69ccfaa-7ae4-4bf8-ac1f-a0a9d5fcb40f_SaladOL"",""6be479f8-4a3f-4d97-8f06-0f301b0acd64_Salad"",""ccd95ed1-36b4-46f6-a2fc-fd3f110cda80_Salad"",""e5abe513-7271-4d97-8f41-c67d5dc744c7_SaladOL"",""e5abe513-7271-4d97-8f41-c67d5dc744c7_Salad"",""9ea49cb3-212e-452f-908a-09b81601fe45_Salad"",""b69ccfaa-7ae4-4bf8-ac1f-a0a9d5fcb40f_Salad"",""923da982-5016-4456-980f-fe08463be1e4_SaladOL"",""923da982-5016-4456-980f-fe08463be1e4_Salad"",""74b431e8-e8ca-48fd-b5b4-ab6f32563faf_Salad"",""a3f0e9a9-0cec-4adb-855a-238beeba7bf9_Salad"",""ccd95ed1-36b4-46f6-a2fc-fd3f110cda80_SaladOL"",""9869c018-45e4-4d69-80fb-dc3e7ac8cb03_SaladOL"",""94e306f0-ad75-49ba-b2f1-553a5ce7c9c5_Salad"",""94e306f0-ad75-49ba-b2f1-553a5ce7c9c5_SaladOL"",""908ba92f-7e3f-40cf-a293-86847bd7f04f_Salad"",""9ea49cb3-212e-452f-908a-09b81601fe45_SaladOL"",""74b431e8-e8ca-48fd-b5b4-ab6f32563faf_SaladOL""]",37,Male,White,Non-Hispanic,2,4,Mouse,"When possible, I wanted to make it clear right away which ingredient (the onion or the tomato) to not use.  Then I just tried to optimize the setup for least amount of steps.",
3308-0934ef0f-fa27-4845-b856-b9b535972ba6,environment_design,overcooked_design,prolific-run-01132026,False,communicative,fully-interleaved,63614a46bd1e8547e0a8b8ba,chrome,1920.0,963.0,False,1768356125446.0,1768356837721.0,712275.0,0.0,"[""b69ccfaa-7ae4-4bf8-ac1f-a0a9d5fcb40f_Salad"",""94e306f0-ad75-49ba-b2f1-553a5ce7c9c5_Salad"",""9869c018-45e4-4d69-80fb-dc3e7ac8cb03_SaladOL"",""e5abe513-7271-4d97-8f41-c67d5dc744c7_Salad"",""ccd95ed1-36b4-46f6-a2fc-fd3f110cda80_Salad"",""9869c018-45e4-4d69-80fb-dc3e7ac8cb03_Salad"",""908ba92f-7e3f-40cf-a293-86847bd7f04f_Salad"",""ccd95ed1-36b4-46f6-a2fc-fd3f110cda80_SaladOL"",""923da982-5016-4456-980f-fe08463be1e4_SaladOL"",""a3f0e9a9-0cec-4adb-855a-238beeba7bf9_Salad"",""9ea49cb3-212e-452f-908a-09b81601fe45_Salad"",""923da982-5016-4456-980f-fe08463be1e4_Salad"",""e9fc4a2f-efaf-4341-b11b-bf9fbb625dc5_Salad"",""94e306f0-ad75-49ba-b2f1-553a5ce7c9c5_SaladOL"",""9ea49cb3-212e-452f-908a-09b81601fe45_SaladOL"",""908ba92f-7e3f-40cf-a293-86847bd7f04f_SaladOL"",""74b431e8-e8ca-48fd-b5b4-ab6f32563faf_SaladOL"",""6be479f8-4a3f-4d97-8f06-0f301b0acd64_SaladOL"",""74b431e8-e8ca-48fd-b5b4-ab6f32563faf_Salad"",""b69ccfaa-7ae4-4bf8-ac1f-a0a9d5fcb40f_SaladOL"",""e9fc4a2f-efaf-4341-b11b-bf9fbb625dc5_SaladOL"",""a3f0e9a9-0cec-4adb-855a-238beeba7bf9_SaladOL"",""6be479f8-4a3f-4d97-8f06-0f301b0acd64_Salad"",""e5abe513-7271-4d97-8f41-c67d5dc744c7_SaladOL""]",34,Male,White,Non-Hispanic,1,4,Mouse,I just aimed for efficiency given the set parameters.,No issues detected.
3316-bdf717de-0b24-43e0-8070-4c96c009ed14,environment_design,overcooked_design,prolific-run-01132026,False,communicative,fully-interleaved,615b448018d466d70b62a819,firefox,1391.0,785.0,False,1768356112789.0,1768356704365.0,591576.0,0.0,"[""908ba92f-7e3f-40cf-a293-86847bd7f04f_SaladOL"",""b69ccfaa-7ae4-4bf8-ac1f-a0a9d5fcb40f_SaladOL"",""e9fc4a2f-efaf-4341-b11b-bf9fbb625dc5_Salad"",""ccd95ed1-36b4-46f6-a2fc-fd3f110cda80_Salad"",""b69ccfaa-7ae4-4bf8-ac1f-a0a9d5fcb40f_Salad"",""908ba92f-7e3f-40cf-a293-86847bd7f04f_Salad"",""9869c018-45e4-4d69-80fb-dc3e7ac8cb03_Salad"",""ccd95ed1-36b4-46f6-a2fc-fd3f110cda80_SaladOL"",""923da982-5016-4456-980f-fe08463be1e4_Salad"",""74b431e8-e8ca-48fd-b5b4-ab6f32563faf_SaladOL"",""74b431e8-e8ca-48fd-b5b4-ab6f32563faf_Salad"",""e5abe513-7271-4d97-8f41-c67d5dc744c7_SaladOL"",""a3f0e9a9-0cec-4adb-855a-238beeba7bf9_Salad"",""9ea49cb3-212e-452f-908a-09b81601fe45_SaladOL"",""9ea49cb3-212e-452f-908a-09b81601fe45_Salad"",""94e306f0-ad75-49ba-b2f1-553a5ce7c9c5_Salad"",""94e306f0-ad75-49ba-b2f1-553a5ce7c9c5_SaladOL"",""e9fc4a2f-efaf-4341-b11b-bf9fbb625dc5_SaladOL"",""6be479f8-4a3f-4d97-8f06-0f301b0acd64_SaladOL"",""e5abe513-7271-4d97-8f41-c67d5dc744c7_Salad"",""6be479f8-4a3f-4d97-8f06-0f301b0acd64_Salad"",""923da982-5016-4456-980f-fe08463be1e4_SaladOL"",""a3f0e9a9-0cec-4adb-855a-238beeba7bf9_SaladOL"",""9869c018-45e4-4d69-80fb-dc3e7ac8cb03_SaladOL""]",26,Male,White,Non-Hispanic,2,4,Trackpad,"Ease of use, trying to block the wrong ingredient if possible, making a corridor for the proper ingredient",
3340-15b27437-e062-4ef7-bdb6-0cc74032d204,environment_design,overcooked_design,prolific-run-01132026,False,base,fully-interleaved,66759eb2274a4f10deeba339,chrome,1920.0,1031.0,False,1768356157363.0,1768356834503.0,677140.0,1.0,"[""ccd95ed1-36b4-46f6-a2fc-fd3f110cda80_Salad"",""a3f0e9a9-0cec-4adb-855a-238beeba7bf9_Salad"",""9ea49cb3-212e-452f-908a-09b81601fe45_SaladOL"",""9869c018-45e4-4d69-80fb-dc3e7ac8cb03_Salad"",""908ba92f-7e3f-40cf-a293-86847bd7f04f_SaladOL"",""e9fc4a2f-efaf-4341-b11b-bf9fbb625dc5_SaladOL"",""94e306f0-ad75-49ba-b2f1-553a5ce7c9c5_Salad"",""ccd95ed1-36b4-46f6-a2fc-fd3f110cda80_SaladOL"",""e5abe513-7271-4d97-8f41-c67d5dc744c7_Salad"",""b69ccfaa-7ae4-4bf8-ac1f-a0a9d5fcb40f_SaladOL"",""6be479f8-4a3f-4d97-8f06-0f301b0acd64_SaladOL"",""a3f0e9a9-0cec-4adb-855a-238beeba7bf9_SaladOL"",""9869c018-45e4-4d69-80fb-dc3e7ac8cb03_SaladOL"",""74b431e8-e8ca-48fd-b5b4-ab6f32563faf_SaladOL"",""e9fc4a2f-efaf-4341-b11b-bf9fbb625dc5_Salad"",""94e306f0-ad75-49ba-b2f1-553a5ce7c9c5_SaladOL"",""923da982-5016-4456-980f-fe08463be1e4_SaladOL"",""b69ccfaa-7ae4-4bf8-ac1f-a0a9d5fcb40f_Salad"",""74b431e8-e8ca-48fd-b5b4-ab6f32563faf_Salad"",""9ea49cb3-212e-452f-908a-09b81601fe45_Salad"",""6be479f8-4a3f-4d97-8f06-0f301b0acd64_Salad"",""923da982-5016-4456-980f-fe08463be1e4_Salad"",""e5abe513-7271-4d97-8f41-c67d5dc744c7_SaladOL"",""908ba92f-7e3f-40cf-a293-86847bd7f04f_Salad""]",27,Male,Native Hawaiian/Pacific Islander,Non-Hispanic,2,5,Mouse,whatever makes it easiest for the person to navigate the kitchen and make the cooking and chopping much simpler to move around. ,i had no technical difficulties
3342-ce84f39e-ee36-494e-aa9f-3c225c373c4f,environment_design,overcooked_design,prolific-run-01132026,False,base,fully-interleaved,64309be1d7d085ed8ee4c129,chrome,1440.0,765.0,False,1768347000780.0,1768347588196.0,587416.0,1.0,"[""a3f0e9a9-0cec-4adb-855a-238beeba7bf9_SaladOL"",""e9fc4a2f-efaf-4341-b11b-bf9fbb625dc5_Salad"",""74b431e8-e8ca-48fd-b5b4-ab6f32563faf_Salad"",""74b431e8-e8ca-48fd-b5b4-ab6f32563faf_SaladOL"",""e5abe513-7271-4d97-8f41-c67d5dc744c7_SaladOL"",""9ea49cb3-212e-452f-908a-09b81601fe45_SaladOL"",""b69ccfaa-7ae4-4bf8-ac1f-a0a9d5fcb40f_SaladOL"",""9869c018-45e4-4d69-80fb-dc3e7ac8cb03_Salad"",""9ea49cb3-212e-452f-908a-09b81601fe45_Salad"",""a3f0e9a9-0cec-4adb-855a-238beeba7bf9_Salad"",""908ba92f-7e3f-40cf-a293-86847bd7f04f_Salad"",""e9fc4a2f-efaf-4341-b11b-bf9fbb625dc5_SaladOL"",""b69ccfaa-7ae4-4bf8-ac1f-a0a9d5fcb40f_Salad"",""94e306f0-ad75-49ba-b2f1-553a5ce7c9c5_SaladOL"",""9869c018-45e4-4d69-80fb-dc3e7ac8cb03_SaladOL"",""923da982-5016-4456-980f-fe08463be1e4_SaladOL"",""6be479f8-4a3f-4d97-8f06-0f301b0acd64_SaladOL"",""ccd95ed1-36b4-46f6-a2fc-fd3f110cda80_Salad"",""6be479f8-4a3f-4d97-8f06-0f301b0acd64_Salad"",""908ba92f-7e3f-40cf-a293-86847bd7f04f_SaladOL"",""e5abe513-7271-4d97-8f41-c67d5dc744c7_Salad"",""923da982-5016-4456-980f-fe08463be1e4_Salad"",""ccd95ed1-36b4-46f6-a2fc-fd3f110cda80_SaladOL"",""94e306f0-ad75-49ba-b2f1-553a5ce7c9c5_Salad""]",31,Male,White,Hispanic,1,5,Mouse,"I factored in the furniture arrangements that would take less steps to make the assigned salad. Great study, thank you.",
3373-26cf97c7-bec8-4162-9e91-aaf81140a207,environment_design,overcooked_design,prolific-run-01132026,False,communicative,fully-interleaved,6944211fb86d1cfb660ff63f,chrome,1280.0,585.0,False,1768355186148.0,1768356209120.0,1022972.0,0.0,"[""ccd95ed1-36b4-46f6-a2fc-fd3f110cda80_SaladOL"",""923da982-5016-4456-980f-fe08463be1e4_Salad"",""9869c018-45e4-4d69-80fb-dc3e7ac8cb03_SaladOL"",""74b431e8-e8ca-48fd-b5b4-ab6f32563faf_SaladOL"",""e5abe513-7271-4d97-8f41-c67d5dc744c7_SaladOL"",""a3f0e9a9-0cec-4adb-855a-238beeba7bf9_Salad"",""74b431e8-e8ca-48fd-b5b4-ab6f32563faf_Salad"",""b69ccfaa-7ae4-4bf8-ac1f-a0a9d5fcb40f_SaladOL"",""9ea49cb3-212e-452f-908a-09b81601fe45_Salad"",""b69ccfaa-7ae4-4bf8-ac1f-a0a9d5fcb40f_Salad"",""908ba92f-7e3f-40cf-a293-86847bd7f04f_SaladOL"",""6be479f8-4a3f-4d97-8f06-0f301b0acd64_Salad"",""923da982-5016-4456-980f-fe08463be1e4_SaladOL"",""e9fc4a2f-efaf-4341-b11b-bf9fbb625dc5_SaladOL"",""9ea49cb3-212e-452f-908a-09b81601fe45_SaladOL"",""ccd95ed1-36b4-46f6-a2fc-fd3f110cda80_Salad"",""9869c018-45e4-4d69-80fb-dc3e7ac8cb03_Salad"",""e5abe513-7271-4d97-8f41-c67d5dc744c7_Salad"",""908ba92f-7e3f-40cf-a293-86847bd7f04f_Salad"",""94e306f0-ad75-49ba-b2f1-553a5ce7c9c5_Salad"",""94e306f0-ad75-49ba-b2f1-553a5ce7c9c5_SaladOL"",""e9fc4a2f-efaf-4341-b11b-bf9fbb625dc5_Salad"",""6be479f8-4a3f-4d97-8f06-0f301b0acd64_SaladOL"",""a3f0e9a9-0cec-4adb-855a-238beeba7bf9_SaladOL""]",34,Female,White,Non-Hispanic,3,5,Trackpad,I tried to make it as obvious as possible which vegetable was the wrong one by making it harder to get to if I could.,None
3373-ecd23aa0-90cd-41b0-b64f-5510d8290ad1,environment_design,overcooked_design,prolific-run-01132026,False,communicative,fully-interleaved,5e0bd25e67f1703eafedd160,chrome,1920.0,991.0,False,1768355428940.0,1768357386429.0,1957489.0,0.0,"[""94e306f0-ad75-49ba-b2f1-553a5ce7c9c5_SaladOL"",""74b431e8-e8ca-48fd-b5b4-ab6f32563faf_SaladOL"",""b69ccfaa-7ae4-4bf8-ac1f-a0a9d5fcb40f_Salad"",""74b431e8-e8ca-48fd-b5b4-ab6f32563faf_Salad"",""e9fc4a2f-efaf-4341-b11b-bf9fbb625dc5_SaladOL"",""94e306f0-ad75-49ba-b2f1-553a5ce7c9c5_Salad"",""908ba92f-7e3f-40cf-a293-86847bd7f04f_SaladOL"",""a3f0e9a9-0cec-4adb-855a-238beeba7bf9_Salad"",""a3f0e9a9-0cec-4adb-855a-238beeba7bf9_SaladOL"",""923da982-5016-4456-980f-fe08463be1e4_SaladOL"",""e9fc4a2f-efaf-4341-b11b-bf9fbb625dc5_Salad"",""ccd95ed1-36b4-46f6-a2fc-fd3f110cda80_Salad"",""ccd95ed1-36b4-46f6-a2fc-fd3f110cda80_SaladOL"",""e5abe513-7271-4d97-8f41-c67d5dc744c7_Salad"",""b69ccfaa-7ae4-4bf8-ac1f-a0a9d5fcb40f_SaladOL"",""923da982-5016-4456-980f-fe08463be1e4_Salad"",""e5abe513-7271-4d97-8f41-c67d5dc744c7_SaladOL"",""9869c018-45e4-4d69-80fb-dc3e7ac8cb03_Salad"",""9ea49cb3-212e-452f-908a-09b81601fe45_Salad"",""6be479f8-4a3f-4d97-8f06-0f301b0acd64_Salad"",""908ba92f-7e3f-40cf-a293-86847bd7f04f_Salad"",""6be479f8-4a3f-4d97-8f06-0f301b0acd64_SaladOL"",""9869c018-45e4-4d69-80fb-dc3e7ac8cb03_SaladOL"",""9ea49cb3-212e-452f-908a-09b81601fe45_SaladOL""]",65,Male,White,Non-Hispanic,3,5,Mouse,I tried to make the wrong veggie seem insignificant. Then create the easiest route for the correct one.,None
3383-4607d436-23e3-4381-8ea5-a851fe577a39,environment_design,overcooked_design,prolific-run-01132026,False,base,fully-interleaved,610008383c0a128712403745,chrome,1366.0,768.0,False,1768356121508.0,1768357541984.0,1420476.0,0.0,"[""923da982-5016-4456-980f-fe08463be1e4_Salad"",""9869c018-45e4-4d69-80fb-dc3e7ac8cb03_Salad"",""a3f0e9a9-0cec-4adb-855a-238beeba7bf9_Salad"",""b69ccfaa-7ae4-4bf8-ac1f-a0a9d5fcb40f_SaladOL"",""94e306f0-ad75-49ba-b2f1-553a5ce7c9c5_SaladOL"",""e9fc4a2f-efaf-4341-b11b-bf9fbb625dc5_SaladOL"",""e5abe513-7271-4d97-8f41-c67d5dc744c7_Salad"",""e5abe513-7271-4d97-8f41-c67d5dc744c7_SaladOL"",""a3f0e9a9-0cec-4adb-855a-238beeba7bf9_SaladOL"",""94e306f0-ad75-49ba-b2f1-553a5ce7c9c5_Salad"",""9ea49cb3-212e-452f-908a-09b81601fe45_SaladOL"",""908ba92f-7e3f-40cf-a293-86847bd7f04f_SaladOL"",""74b431e8-e8ca-48fd-b5b4-ab6f32563faf_Salad"",""ccd95ed1-36b4-46f6-a2fc-fd3f110cda80_Salad"",""6be479f8-4a3f-4d97-8f06-0f301b0acd64_SaladOL"",""ccd95ed1-36b4-46f6-a2fc-fd3f110cda80_SaladOL"",""923da982-5016-4456-980f-fe08463be1e4_SaladOL"",""b69ccfaa-7ae4-4bf8-ac1f-a0a9d5fcb40f_Salad"",""e9fc4a2f-efaf-4341-b11b-bf9fbb625dc5_Salad"",""9869c018-45e4-4d69-80fb-dc3e7ac8cb03_SaladOL"",""908ba92f-7e3f-40cf-a293-86847bd7f04f_Salad"",""9ea49cb3-212e-452f-908a-09b81601fe45_Salad"",""6be479f8-4a3f-4d97-8f06-0f301b0acd64_Salad"",""74b431e8-e8ca-48fd-b5b4-ab6f32563faf_SaladOL""]",47,Female,White,Non-Hispanic,3,5,Trackpad,I tried to make sure the needed ingredients were as close to the chef and then the serving counter as possible.,N/A
3385-57c73c77-427e-41c1-9766-16c370d44035,environment_design,overcooked_design,prolific-run-01132026,False,communicative,fully-interleaved,63c09186d75a9bbd3bec5652,chrome,1536.0,730.0,False,1768355877380.0,1768356970567.0,1093187.0,1.0,"[""9869c018-45e4-4d69-80fb-dc3e7ac8cb03_SaladOL"",""ccd95ed1-36b4-46f6-a2fc-fd3f110cda80_Salad"",""74b431e8-e8ca-48fd-b5b4-ab6f32563faf_SaladOL"",""94e306f0-ad75-49ba-b2f1-553a5ce7c9c5_Salad"",""908ba92f-7e3f-40cf-a293-86847bd7f04f_Salad"",""94e306f0-ad75-49ba-b2f1-553a5ce7c9c5_SaladOL"",""923da982-5016-4456-980f-fe08463be1e4_SaladOL"",""b69ccfaa-7ae4-4bf8-ac1f-a0a9d5fcb40f_SaladOL"",""6be479f8-4a3f-4d97-8f06-0f301b0acd64_Salad"",""9ea49cb3-212e-452f-908a-09b81601fe45_Salad"",""9ea49cb3-212e-452f-908a-09b81601fe45_SaladOL"",""b69ccfaa-7ae4-4bf8-ac1f-a0a9d5fcb40f_Salad"",""a3f0e9a9-0cec-4adb-855a-238beeba7bf9_Salad"",""923da982-5016-4456-980f-fe08463be1e4_Salad"",""74b431e8-e8ca-48fd-b5b4-ab6f32563faf_Salad"",""e9fc4a2f-efaf-4341-b11b-bf9fbb625dc5_SaladOL"",""908ba92f-7e3f-40cf-a293-86847bd7f04f_SaladOL"",""e5abe513-7271-4d97-8f41-c67d5dc744c7_Salad"",""e5abe513-7271-4d97-8f41-c67d5dc744c7_SaladOL"",""6be479f8-4a3f-4d97-8f06-0f301b0acd64_SaladOL"",""e9fc4a2f-efaf-4341-b11b-bf9fbb625dc5_Salad"",""a3f0e9a9-0cec-4adb-855a-238beeba7bf9_SaladOL"",""ccd95ed1-36b4-46f6-a2fc-fd3f110cda80_SaladOL"",""9869c018-45e4-4d69-80fb-dc3e7ac8cb03_Salad""]",51,Male,Black/African American,Non-Hispanic,2,5,Mouse,Easy movement,None
3413-6dcebd14-d0fe-49c6-ada6-a9b7887d0ab6,environment_design,overcooked_design,prolific-run-01132026,False,communicative,fully-interleaved,5deaef5dd2601a21b9371743,opera,1919.0,966.0,False,1768356070522.0,1768356878117.0,807595.0,0.0,"[""908ba92f-7e3f-40cf-a293-86847bd7f04f_SaladOL"",""94e306f0-ad75-49ba-b2f1-553a5ce7c9c5_SaladOL"",""b69ccfaa-7ae4-4bf8-ac1f-a0a9d5fcb40f_Salad"",""e5abe513-7271-4d97-8f41-c67d5dc744c7_SaladOL"",""9869c018-45e4-4d69-80fb-dc3e7ac8cb03_SaladOL"",""a3f0e9a9-0cec-4adb-855a-238beeba7bf9_SaladOL"",""74b431e8-e8ca-48fd-b5b4-ab6f32563faf_Salad"",""923da982-5016-4456-980f-fe08463be1e4_SaladOL"",""74b431e8-e8ca-48fd-b5b4-ab6f32563faf_SaladOL"",""b69ccfaa-7ae4-4bf8-ac1f-a0a9d5fcb40f_SaladOL"",""94e306f0-ad75-49ba-b2f1-553a5ce7c9c5_Salad"",""ccd95ed1-36b4-46f6-a2fc-fd3f110cda80_SaladOL"",""9ea49cb3-212e-452f-908a-09b81601fe45_SaladOL"",""a3f0e9a9-0cec-4adb-855a-238beeba7bf9_Salad"",""908ba92f-7e3f-40cf-a293-86847bd7f04f_Salad"",""e9fc4a2f-efaf-4341-b11b-bf9fbb625dc5_Salad"",""ccd95ed1-36b4-46f6-a2fc-fd3f110cda80_Salad"",""6be479f8-4a3f-4d97-8f06-0f301b0acd64_SaladOL"",""6be479f8-4a3f-4d97-8f06-0f301b0acd64_Salad"",""e9fc4a2f-efaf-4341-b11b-bf9fbb625dc5_SaladOL"",""9ea49cb3-212e-452f-908a-09b81601fe45_Salad"",""e5abe513-7271-4d97-8f41-c67d5dc744c7_Salad"",""9869c018-45e4-4d69-80fb-dc3e7ac8cb03_Salad"",""923da982-5016-4456-980f-fe08463be1e4_Salad""]",26,Male,White,Non-Hispanic,1,5,Mouse,Trying to minimize how many steps are needed,
3427-c078b0b2-2edd-4a72-a087-5cdae9c04a32,environment_design,overcooked_design,prolific-run-01132026,False,communicative,fully-interleaved,5c707aa503f85b0001af8c7b,chrome,1470.0,732.0,False,1768354533156.0,1768355275558.0,742402.0,1.0,"[""6be479f8-4a3f-4d97-8f06-0f301b0acd64_Salad"",""b69ccfaa-7ae4-4bf8-ac1f-a0a9d5fcb40f_Salad"",""e5abe513-7271-4d97-8f41-c67d5dc744c7_Salad"",""94e306f0-ad75-49ba-b2f1-553a5ce7c9c5_SaladOL"",""a3f0e9a9-0cec-4adb-855a-238beeba7bf9_Salad"",""ccd95ed1-36b4-46f6-a2fc-fd3f110cda80_SaladOL"",""e9fc4a2f-efaf-4341-b11b-bf9fbb625dc5_Salad"",""b69ccfaa-7ae4-4bf8-ac1f-a0a9d5fcb40f_SaladOL"",""908ba92f-7e3f-40cf-a293-86847bd7f04f_SaladOL"",""9869c018-45e4-4d69-80fb-dc3e7ac8cb03_Salad"",""94e306f0-ad75-49ba-b2f1-553a5ce7c9c5_Salad"",""6be479f8-4a3f-4d97-8f06-0f301b0acd64_SaladOL"",""ccd95ed1-36b4-46f6-a2fc-fd3f110cda80_Salad"",""74b431e8-e8ca-48fd-b5b4-ab6f32563faf_SaladOL"",""e9fc4a2f-efaf-4341-b11b-bf9fbb625dc5_SaladOL"",""9869c018-45e4-4d69-80fb-dc3e7ac8cb03_SaladOL"",""923da982-5016-4456-980f-fe08463be1e4_SaladOL"",""923da982-5016-4456-980f-fe08463be1e4_Salad"",""74b431e8-e8ca-48fd-b5b4-ab6f32563faf_Salad"",""a3f0e9a9-0cec-4adb-855a-238beeba7bf9_SaladOL"",""e5abe513-7271-4d97-8f41-c67d5dc744c7_SaladOL"",""9ea49cb3-212e-452f-908a-09b81601fe45_Salad"",""9ea49cb3-212e-452f-908a-09b81601fe45_SaladOL"",""908ba92f-7e3f-40cf-a293-86847bd7f04f_Salad""]",55,Female,White,Non-Hispanic,4,5,Trackpad,I tried to position in a way that would require less steps.,
3453-77392834-8212-44c0-ad28-946b7610bc67,environment_design,overcooked_design,prolific-run-01132026,False,communicative,fully-interleaved,5b0c65c11e55760001b96e90,chrome,1707.0,906.0,False,1768355128639.0,1768356077438.0,948799.0,0.0,"[""74b431e8-e8ca-48fd-b5b4-ab6f32563faf_Salad"",""923da982-5016-4456-980f-fe08463be1e4_SaladOL"",""94e306f0-ad75-49ba-b2f1-553a5ce7c9c5_Salad"",""94e306f0-ad75-49ba-b2f1-553a5ce7c9c5_SaladOL"",""a3f0e9a9-0cec-4adb-855a-238beeba7bf9_SaladOL"",""e5abe513-7271-4d97-8f41-c67d5dc744c7_SaladOL"",""ccd95ed1-36b4-46f6-a2fc-fd3f110cda80_Salad"",""e5abe513-7271-4d97-8f41-c67d5dc744c7_Salad"",""e9fc4a2f-efaf-4341-b11b-bf9fbb625dc5_Salad"",""908ba92f-7e3f-40cf-a293-86847bd7f04f_SaladOL"",""b69ccfaa-7ae4-4bf8-ac1f-a0a9d5fcb40f_Salad"",""6be479f8-4a3f-4d97-8f06-0f301b0acd64_Salad"",""6be479f8-4a3f-4d97-8f06-0f301b0acd64_SaladOL"",""e9fc4a2f-efaf-4341-b11b-bf9fbb625dc5_SaladOL"",""ccd95ed1-36b4-46f6-a2fc-fd3f110cda80_SaladOL"",""a3f0e9a9-0cec-4adb-855a-238beeba7bf9_Salad"",""9ea49cb3-212e-452f-908a-09b81601fe45_SaladOL"",""9869c018-45e4-4d69-80fb-dc3e7ac8cb03_Salad"",""74b431e8-e8ca-48fd-b5b4-ab6f32563faf_SaladOL"",""9ea49cb3-212e-452f-908a-09b81601fe45_Salad"",""908ba92f-7e3f-40cf-a293-86847bd7f04f_Salad"",""b69ccfaa-7ae4-4bf8-ac1f-a0a9d5fcb40f_SaladOL"",""923da982-5016-4456-980f-fe08463be1e4_Salad"",""9869c018-45e4-4d69-80fb-dc3e7ac8cb03_SaladOL""]",53,Female,White,Non-Hispanic,3,5,Trackpad,TO minimize the steps.,
3470-7651a10b-67f4-4d8f-84e1-b6661bcb292d,environment_design,overcooked_design,prolific-run-01132026,False,base,fully-interleaved,67918357615d385cfd59cebc,chrome,1366.0,633.0,False,1768353952162.0,1768355287796.0,1335634.0,1.0,"[""b69ccfaa-7ae4-4bf8-ac1f-a0a9d5fcb40f_SaladOL"",""74b431e8-e8ca-48fd-b5b4-ab6f32563faf_Salad"",""a3f0e9a9-0cec-4adb-855a-238beeba7bf9_Salad"",""a3f0e9a9-0cec-4adb-855a-238beeba7bf9_SaladOL"",""9ea49cb3-212e-452f-908a-09b81601fe45_Salad"",""ccd95ed1-36b4-46f6-a2fc-fd3f110cda80_SaladOL"",""e9fc4a2f-efaf-4341-b11b-bf9fbb625dc5_SaladOL"",""9869c018-45e4-4d69-80fb-dc3e7ac8cb03_SaladOL"",""6be479f8-4a3f-4d97-8f06-0f301b0acd64_SaladOL"",""908ba92f-7e3f-40cf-a293-86847bd7f04f_SaladOL"",""94e306f0-ad75-49ba-b2f1-553a5ce7c9c5_SaladOL"",""9869c018-45e4-4d69-80fb-dc3e7ac8cb03_Salad"",""e5abe513-7271-4d97-8f41-c67d5dc744c7_Salad"",""9ea49cb3-212e-452f-908a-09b81601fe45_SaladOL"",""ccd95ed1-36b4-46f6-a2fc-fd3f110cda80_Salad"",""94e306f0-ad75-49ba-b2f1-553a5ce7c9c5_Salad"",""e5abe513-7271-4d97-8f41-c67d5dc744c7_SaladOL"",""b69ccfaa-7ae4-4bf8-ac1f-a0a9d5fcb40f_Salad"",""6be479f8-4a3f-4d97-8f06-0f301b0acd64_Salad"",""908ba92f-7e3f-40cf-a293-86847bd7f04f_Salad"",""74b431e8-e8ca-48fd-b5b4-ab6f32563faf_SaladOL"",""923da982-5016-4456-980f-fe08463be1e4_Salad"",""923da982-5016-4456-980f-fe08463be1e4_SaladOL"",""e9fc4a2f-efaf-4341-b11b-bf9fbb625dc5_Salad""]",36,Male,Black/African American,Non-Hispanic,2,5,Trackpad,I wanted it to easy to move around and loved designs.,"I did not encounter any technical issues, it was flawless."
3554-a3ece51e-9416-4510-84b2-4180008ef42c,environment_design,overcooked_design,prolific-run-01132026,False,communicative,fully-interleaved,57b18b64f6b9390001af1e05,chrome,1920.0,991.0,False,1768354634707.0,1768355667027.0,1032320.0,0.0,"[""a3f0e9a9-0cec-4adb-855a-238beeba7bf9_SaladOL"",""ccd95ed1-36b4-46f6-a2fc-fd3f110cda80_Salad"",""908ba92f-7e3f-40cf-a293-86847bd7f04f_SaladOL"",""e9fc4a2f-efaf-4341-b11b-bf9fbb625dc5_Salad"",""b69ccfaa-7ae4-4bf8-ac1f-a0a9d5fcb40f_Salad"",""9869c018-45e4-4d69-80fb-dc3e7ac8cb03_Salad"",""ccd95ed1-36b4-46f6-a2fc-fd3f110cda80_SaladOL"",""94e306f0-ad75-49ba-b2f1-553a5ce7c9c5_Salad"",""e9fc4a2f-efaf-4341-b11b-bf9fbb625dc5_SaladOL"",""b69ccfaa-7ae4-4bf8-ac1f-a0a9d5fcb40f_SaladOL"",""e5abe513-7271-4d97-8f41-c67d5dc744c7_Salad"",""923da982-5016-4456-980f-fe08463be1e4_SaladOL"",""a3f0e9a9-0cec-4adb-855a-238beeba7bf9_Salad"",""9ea49cb3-212e-452f-908a-09b81601fe45_Salad"",""6be479f8-4a3f-4d97-8f06-0f301b0acd64_SaladOL"",""908ba92f-7e3f-40cf-a293-86847bd7f04f_Salad"",""9ea49cb3-212e-452f-908a-09b81601fe45_SaladOL"",""e5abe513-7271-4d97-8f41-c67d5dc744c7_SaladOL"",""74b431e8-e8ca-48fd-b5b4-ab6f32563faf_SaladOL"",""6be479f8-4a3f-4d97-8f06-0f301b0acd64_Salad"",""94e306f0-ad75-49ba-b2f1-553a5ce7c9c5_SaladOL"",""74b431e8-e8ca-48fd-b5b4-ab6f32563faf_Salad"",""923da982-5016-4456-980f-fe08463be1e4_Salad"",""9869c018-45e4-4d69-80fb-dc3e7ac8cb03_SaladOL""]",34,Female,White,Non-Hispanic,2,5,Mouse,"How to get the plate, ingredients, and cutting board as close to each other as possible so it would be faster to deliver.",None.
3632-0b4dd41c-2244-4ca4-a754-33df3d44fbe7,environment_design,overcooked_design,prolific-run-01132026,False,base,fully-interleaved,5b91dc16cc81a400017a3438,chrome,1422.0,650.0,False,1768355188714.0,1768355763801.0,575087.0,0.0,"[""ccd95ed1-36b4-46f6-a2fc-fd3f110cda80_Salad"",""6be479f8-4a3f-4d97-8f06-0f301b0acd64_SaladOL"",""e9fc4a2f-efaf-4341-b11b-bf9fbb625dc5_SaladOL"",""908ba92f-7e3f-40cf-a293-86847bd7f04f_Salad"",""923da982-5016-4456-980f-fe08463be1e4_Salad"",""74b431e8-e8ca-48fd-b5b4-ab6f32563faf_SaladOL"",""b69ccfaa-7ae4-4bf8-ac1f-a0a9d5fcb40f_SaladOL"",""9ea49cb3-212e-452f-908a-09b81601fe45_Salad"",""ccd95ed1-36b4-46f6-a2fc-fd3f110cda80_SaladOL"",""a3f0e9a9-0cec-4adb-855a-238beeba7bf9_SaladOL"",""a3f0e9a9-0cec-4adb-855a-238beeba7bf9_Salad"",""74b431e8-e8ca-48fd-b5b4-ab6f32563faf_Salad"",""94e306f0-ad75-49ba-b2f1-553a5ce7c9c5_Salad"",""94e306f0-ad75-49ba-b2f1-553a5ce7c9c5_SaladOL"",""9ea49cb3-212e-452f-908a-09b81601fe45_SaladOL"",""b69ccfaa-7ae4-4bf8-ac1f-a0a9d5fcb40f_Salad"",""908ba92f-7e3f-40cf-a293-86847bd7f04f_SaladOL"",""e5abe513-7271-4d97-8f41-c67d5dc744c7_SaladOL"",""e9fc4a2f-efaf-4341-b11b-bf9fbb625dc5_Salad"",""e5abe513-7271-4d97-8f41-c67d5dc744c7_Salad"",""9869c018-45e4-4d69-80fb-dc3e7ac8cb03_SaladOL"",""9869c018-45e4-4d69-80fb-dc3e7ac8cb03_Salad"",""923da982-5016-4456-980f-fe08463be1e4_SaladOL"",""6be479f8-4a3f-4d97-8f06-0f301b0acd64_Salad""]",30,Male,White,Non-Hispanic,1,5,Mouse,Based on where food was in relation to knife and plate. Did not want to block the cook. Plus when option was available did not want them to go around an entire block when didn't need to. ,none
3717-a686d4f0-4a75-441f-846e-9546989db265,environment_design,overcooked_design,prolific-run-01132026,False,base,fully-interleaved,67382e41c232d1004b052fc4,chrome,1952.0,1270.0,False,1768355404219.0,1768356236655.0,832436.0,0.0,"[""6be479f8-4a3f-4d97-8f06-0f301b0acd64_SaladOL"",""923da982-5016-4456-980f-fe08463be1e4_Salad"",""e9fc4a2f-efaf-4341-b11b-bf9fbb625dc5_SaladOL"",""e9fc4a2f-efaf-4341-b11b-bf9fbb625dc5_Salad"",""b69ccfaa-7ae4-4bf8-ac1f-a0a9d5fcb40f_Salad"",""a3f0e9a9-0cec-4adb-855a-238beeba7bf9_SaladOL"",""ccd95ed1-36b4-46f6-a2fc-fd3f110cda80_SaladOL"",""74b431e8-e8ca-48fd-b5b4-ab6f32563faf_SaladOL"",""a3f0e9a9-0cec-4adb-855a-238beeba7bf9_Salad"",""94e306f0-ad75-49ba-b2f1-553a5ce7c9c5_Salad"",""6be479f8-4a3f-4d97-8f06-0f301b0acd64_Salad"",""b69ccfaa-7ae4-4bf8-ac1f-a0a9d5fcb40f_SaladOL"",""74b431e8-e8ca-48fd-b5b4-ab6f32563faf_Salad"",""9ea49cb3-212e-452f-908a-09b81601fe45_Salad"",""9869c018-45e4-4d69-80fb-dc3e7ac8cb03_Salad"",""e5abe513-7271-4d97-8f41-c67d5dc744c7_SaladOL"",""908ba92f-7e3f-40cf-a293-86847bd7f04f_SaladOL"",""908ba92f-7e3f-40cf-a293-86847bd7f04f_Salad"",""923da982-5016-4456-980f-fe08463be1e4_SaladOL"",""9ea49cb3-212e-452f-908a-09b81601fe45_SaladOL"",""9869c018-45e4-4d69-80fb-dc3e7ac8cb03_SaladOL"",""94e306f0-ad75-49ba-b2f1-553a5ce7c9c5_SaladOL"",""ccd95ed1-36b4-46f6-a2fc-fd3f110cda80_Salad"",""e5abe513-7271-4d97-8f41-c67d5dc744c7_Salad""]",50,Male,White,Non-Hispanic,2,4,Mouse,"I tried to look at how many back and forth steps would be required for each task, such as the steps to pick up an ingredient, get to the cutting board, and then the plate. And tried to make sure the furniture did not create extra steps to move around, while also trying to balance that with the locations of ingredients, cutting board, plate, and the star.",
3900-2e29fa10-0d4b-4cc1-bc55-be0cda03751a,environment_design,overcooked_design,prolific-run-01132026,False,base,fully-interleaved,62d560526bd2941f33c9dad6,edge-chromium,2552.0,1354.0,False,1768355774024.0,1768356174839.0,400815.0,0.0,"[""ccd95ed1-36b4-46f6-a2fc-fd3f110cda80_SaladOL"",""923da982-5016-4456-980f-fe08463be1e4_Salad"",""9869c018-45e4-4d69-80fb-dc3e7ac8cb03_Salad"",""e5abe513-7271-4d97-8f41-c67d5dc744c7_SaladOL"",""74b431e8-e8ca-48fd-b5b4-ab6f32563faf_SaladOL"",""a3f0e9a9-0cec-4adb-855a-238beeba7bf9_SaladOL"",""e9fc4a2f-efaf-4341-b11b-bf9fbb625dc5_Salad"",""923da982-5016-4456-980f-fe08463be1e4_SaladOL"",""b69ccfaa-7ae4-4bf8-ac1f-a0a9d5fcb40f_Salad"",""9ea49cb3-212e-452f-908a-09b81601fe45_Salad"",""908ba92f-7e3f-40cf-a293-86847bd7f04f_SaladOL"",""94e306f0-ad75-49ba-b2f1-553a5ce7c9c5_SaladOL"",""a3f0e9a9-0cec-4adb-855a-238beeba7bf9_Salad"",""b69ccfaa-7ae4-4bf8-ac1f-a0a9d5fcb40f_SaladOL"",""6be479f8-4a3f-4d97-8f06-0f301b0acd64_Salad"",""6be479f8-4a3f-4d97-8f06-0f301b0acd64_SaladOL"",""e5abe513-7271-4d97-8f41-c67d5dc744c7_Salad"",""908ba92f-7e3f-40cf-a293-86847bd7f04f_Salad"",""e9fc4a2f-efaf-4341-b11b-bf9fbb625dc5_SaladOL"",""9ea49cb3-212e-452f-908a-09b81601fe45_SaladOL"",""9869c018-45e4-4d69-80fb-dc3e7ac8cb03_SaladOL"",""94e306f0-ad75-49ba-b2f1-553a5ce7c9c5_Salad"",""74b431e8-e8ca-48fd-b5b4-ab6f32563faf_Salad"",""ccd95ed1-36b4-46f6-a2fc-fd3f110cda80_Salad""]",33,Male,Multiracial/Mixed,Hispanic,1,5,Mouse,HOW close the plate was,
3987-8cb55536-3994-42ac-bdc5-01f0f1048b6f,environment_design,overcooked_design,prolific-run-01132026,False,communicative,fully-interleaved,67611f8fd06bcb2fd3c6f901,chrome,1366.0,633.0,False,1768355130204.0,1768356080828.0,950624.0,1.0,"[""923da982-5016-4456-980f-fe08463be1e4_Salad"",""b69ccfaa-7ae4-4bf8-ac1f-a0a9d5fcb40f_SaladOL"",""a3f0e9a9-0cec-4adb-855a-238beeba7bf9_Salad"",""e5abe513-7271-4d97-8f41-c67d5dc744c7_Salad"",""ccd95ed1-36b4-46f6-a2fc-fd3f110cda80_Salad"",""94e306f0-ad75-49ba-b2f1-553a5ce7c9c5_SaladOL"",""6be479f8-4a3f-4d97-8f06-0f301b0acd64_SaladOL"",""e9fc4a2f-efaf-4341-b11b-bf9fbb625dc5_SaladOL"",""908ba92f-7e3f-40cf-a293-86847bd7f04f_Salad"",""a3f0e9a9-0cec-4adb-855a-238beeba7bf9_SaladOL"",""e5abe513-7271-4d97-8f41-c67d5dc744c7_SaladOL"",""9869c018-45e4-4d69-80fb-dc3e7ac8cb03_SaladOL"",""b69ccfaa-7ae4-4bf8-ac1f-a0a9d5fcb40f_Salad"",""9869c018-45e4-4d69-80fb-dc3e7ac8cb03_Salad"",""9ea49cb3-212e-452f-908a-09b81601fe45_Salad"",""94e306f0-ad75-49ba-b2f1-553a5ce7c9c5_Salad"",""923da982-5016-4456-980f-fe08463be1e4_SaladOL"",""e9fc4a2f-efaf-4341-b11b-bf9fbb625dc5_Salad"",""ccd95ed1-36b4-46f6-a2fc-fd3f110cda80_SaladOL"",""74b431e8-e8ca-48fd-b5b4-ab6f32563faf_SaladOL"",""6be479f8-4a3f-4d97-8f06-0f301b0acd64_Salad"",""908ba92f-7e3f-40cf-a293-86847bd7f04f_SaladOL"",""9ea49cb3-212e-452f-908a-09b81601fe45_SaladOL"",""74b431e8-e8ca-48fd-b5b4-ab6f32563faf_Salad""]",39,Female,Black/African American,Non-Hispanic,5,5,Mouse,Ensuring the ingredients needed were closer to each other,
4036-24305e44-3240-4564-ae10-2c0e03766124,environment_design,overcooked_design,prolific-run-01132026,False,communicative,fully-interleaved,5c365b5e8821900001b3876c,chrome,1920.0,937.0,False,1768354044054.0,1768354838144.0,794090.0,0.0,"[""e9fc4a2f-efaf-4341-b11b-bf9fbb625dc5_SaladOL"",""94e306f0-ad75-49ba-b2f1-553a5ce7c9c5_Salad"",""a3f0e9a9-0cec-4adb-855a-238beeba7bf9_Salad"",""6be479f8-4a3f-4d97-8f06-0f301b0acd64_Salad"",""e5abe513-7271-4d97-8f41-c67d5dc744c7_SaladOL"",""6be479f8-4a3f-4d97-8f06-0f301b0acd64_SaladOL"",""9ea49cb3-212e-452f-908a-09b81601fe45_Salad"",""908ba92f-7e3f-40cf-a293-86847bd7f04f_Salad"",""e5abe513-7271-4d97-8f41-c67d5dc744c7_Salad"",""ccd95ed1-36b4-46f6-a2fc-fd3f110cda80_SaladOL"",""74b431e8-e8ca-48fd-b5b4-ab6f32563faf_Salad"",""ccd95ed1-36b4-46f6-a2fc-fd3f110cda80_Salad"",""b69ccfaa-7ae4-4bf8-ac1f-a0a9d5fcb40f_SaladOL"",""a3f0e9a9-0cec-4adb-855a-238beeba7bf9_SaladOL"",""9869c018-45e4-4d69-80fb-dc3e7ac8cb03_SaladOL"",""908ba92f-7e3f-40cf-a293-86847bd7f04f_SaladOL"",""e9fc4a2f-efaf-4341-b11b-bf9fbb625dc5_Salad"",""94e306f0-ad75-49ba-b2f1-553a5ce7c9c5_SaladOL"",""74b431e8-e8ca-48fd-b5b4-ab6f32563faf_SaladOL"",""9ea49cb3-212e-452f-908a-09b81601fe45_SaladOL"",""923da982-5016-4456-980f-fe08463be1e4_Salad"",""923da982-5016-4456-980f-fe08463be1e4_SaladOL"",""b69ccfaa-7ae4-4bf8-ac1f-a0a9d5fcb40f_Salad"",""9869c018-45e4-4d69-80fb-dc3e7ac8cb03_Salad""]",65,Female,White,Non-Hispanic,1,5,Mouse,THe fewest steps to take,
4109-60fa978f-eddb-4b62-8e14-58fd8c5cc3b7,environment_design,overcooked_design,prolific-run-01132026,False,base,fully-interleaved,5b012b19293d310001023590,chrome,1536.0,737.0,False,1768343217030.0,1768344529649.0,1312619.0,0.0,"[""a3f0e9a9-0cec-4adb-855a-238beeba7bf9_Salad"",""923da982-5016-4456-980f-fe08463be1e4_Salad"",""9869c018-45e4-4d69-80fb-dc3e7ac8cb03_SaladOL"",""ccd95ed1-36b4-46f6-a2fc-fd3f110cda80_Salad"",""908ba92f-7e3f-40cf-a293-86847bd7f04f_Salad"",""9869c018-45e4-4d69-80fb-dc3e7ac8cb03_Salad"",""ccd95ed1-36b4-46f6-a2fc-fd3f110cda80_SaladOL"",""9ea49cb3-212e-452f-908a-09b81601fe45_SaladOL"",""908ba92f-7e3f-40cf-a293-86847bd7f04f_SaladOL"",""a3f0e9a9-0cec-4adb-855a-238beeba7bf9_SaladOL"",""94e306f0-ad75-49ba-b2f1-553a5ce7c9c5_SaladOL"",""6be479f8-4a3f-4d97-8f06-0f301b0acd64_Salad"",""923da982-5016-4456-980f-fe08463be1e4_SaladOL"",""b69ccfaa-7ae4-4bf8-ac1f-a0a9d5fcb40f_SaladOL"",""9ea49cb3-212e-452f-908a-09b81601fe45_Salad"",""e9fc4a2f-efaf-4341-b11b-bf9fbb625dc5_SaladOL"",""e5abe513-7271-4d97-8f41-c67d5dc744c7_Salad"",""74b431e8-e8ca-48fd-b5b4-ab6f32563faf_Salad"",""6be479f8-4a3f-4d97-8f06-0f301b0acd64_SaladOL"",""74b431e8-e8ca-48fd-b5b4-ab6f32563faf_SaladOL"",""e5abe513-7271-4d97-8f41-c67d5dc744c7_SaladOL"",""94e306f0-ad75-49ba-b2f1-553a5ce7c9c5_Salad"",""e9fc4a2f-efaf-4341-b11b-bf9fbb625dc5_Salad"",""b69ccfaa-7ae4-4bf8-ac1f-a0a9d5fcb40f_Salad""]",35,Male,White,Non-Hispanic,2,5,Mouse,"Efficency, taking the least amount of steps",n/a
4165-3f0dc403-3351-4fd9-aca7-15878a2f513e,environment_design,overcooked_design,prolific-run-01132026,False,base,fully-interleaved,695e9f08325e63728f74cfdc,chrome,984.0,910.0,False,1768354895151.0,1768355993833.0,1098682.0,2.0,"[""74b431e8-e8ca-48fd-b5b4-ab6f32563faf_SaladOL"",""9869c018-45e4-4d69-80fb-dc3e7ac8cb03_SaladOL"",""e5abe513-7271-4d97-8f41-c67d5dc744c7_SaladOL"",""9869c018-45e4-4d69-80fb-dc3e7ac8cb03_Salad"",""e9fc4a2f-efaf-4341-b11b-bf9fbb625dc5_SaladOL"",""9ea49cb3-212e-452f-908a-09b81601fe45_Salad"",""ccd95ed1-36b4-46f6-a2fc-fd3f110cda80_Salad"",""e5abe513-7271-4d97-8f41-c67d5dc744c7_Salad"",""6be479f8-4a3f-4d97-8f06-0f301b0acd64_SaladOL"",""ccd95ed1-36b4-46f6-a2fc-fd3f110cda80_SaladOL"",""74b431e8-e8ca-48fd-b5b4-ab6f32563faf_Salad"",""94e306f0-ad75-49ba-b2f1-553a5ce7c9c5_Salad"",""a3f0e9a9-0cec-4adb-855a-238beeba7bf9_SaladOL"",""923da982-5016-4456-980f-fe08463be1e4_SaladOL"",""6be479f8-4a3f-4d97-8f06-0f301b0acd64_Salad"",""b69ccfaa-7ae4-4bf8-ac1f-a0a9d5fcb40f_Salad"",""908ba92f-7e3f-40cf-a293-86847bd7f04f_Salad"",""923da982-5016-4456-980f-fe08463be1e4_Salad"",""e9fc4a2f-efaf-4341-b11b-bf9fbb625dc5_Salad"",""94e306f0-ad75-49ba-b2f1-553a5ce7c9c5_SaladOL"",""908ba92f-7e3f-40cf-a293-86847bd7f04f_SaladOL"",""b69ccfaa-7ae4-4bf8-ac1f-a0a9d5fcb40f_SaladOL"",""9ea49cb3-212e-452f-908a-09b81601fe45_SaladOL"",""a3f0e9a9-0cec-4adb-855a-238beeba7bf9_Salad""]",40,Female,White,Non-Hispanic,2,5,Mouse,Fewest steps,
4170-b7520359-459b-416d-bfbb-63fcba514e33,environment_design,overcooked_design,prolific-run-01132026,False,base,fully-interleaved,5cfc10cc45e1a20018883d12,chrome,1512.0,772.0,False,1768346890341.0,1768347607760.0,717419.0,1.0,"[""e9fc4a2f-efaf-4341-b11b-bf9fbb625dc5_SaladOL"",""e9fc4a2f-efaf-4341-b11b-bf9fbb625dc5_Salad"",""ccd95ed1-36b4-46f6-a2fc-fd3f110cda80_SaladOL"",""6be479f8-4a3f-4d97-8f06-0f301b0acd64_Salad"",""908ba92f-7e3f-40cf-a293-86847bd7f04f_SaladOL"",""9ea49cb3-212e-452f-908a-09b81601fe45_Salad"",""a3f0e9a9-0cec-4adb-855a-238beeba7bf9_SaladOL"",""a3f0e9a9-0cec-4adb-855a-238beeba7bf9_Salad"",""94e306f0-ad75-49ba-b2f1-553a5ce7c9c5_Salad"",""74b431e8-e8ca-48fd-b5b4-ab6f32563faf_SaladOL"",""74b431e8-e8ca-48fd-b5b4-ab6f32563faf_Salad"",""9ea49cb3-212e-452f-908a-09b81601fe45_SaladOL"",""923da982-5016-4456-980f-fe08463be1e4_Salad"",""94e306f0-ad75-49ba-b2f1-553a5ce7c9c5_SaladOL"",""ccd95ed1-36b4-46f6-a2fc-fd3f110cda80_Salad"",""908ba92f-7e3f-40cf-a293-86847bd7f04f_Salad"",""9869c018-45e4-4d69-80fb-dc3e7ac8cb03_SaladOL"",""b69ccfaa-7ae4-4bf8-ac1f-a0a9d5fcb40f_SaladOL"",""e5abe513-7271-4d97-8f41-c67d5dc744c7_Salad"",""923da982-5016-4456-980f-fe08463be1e4_SaladOL"",""b69ccfaa-7ae4-4bf8-ac1f-a0a9d5fcb40f_Salad"",""6be479f8-4a3f-4d97-8f06-0f301b0acd64_SaladOL"",""e5abe513-7271-4d97-8f41-c67d5dc744c7_SaladOL"",""9869c018-45e4-4d69-80fb-dc3e7ac8cb03_Salad""]",25,Female,White,Non-Hispanic,2,5,Trackpad,Space to walk around instead of being trapped by a wall. Was a fun study!,
4187-40f6a113-7d82-410f-8770-448eb9b245e1,environment_design,overcooked_design,prolific-run-01132026,False,communicative,fully-interleaved,67e73cc7cf25bb683f36f62c,chrome,1366.0,641.0,False,1768352734086.0,1768353980477.0,1246391.0,1.0,"[""e9fc4a2f-efaf-4341-b11b-bf9fbb625dc5_Salad"",""9869c018-45e4-4d69-80fb-dc3e7ac8cb03_SaladOL"",""ccd95ed1-36b4-46f6-a2fc-fd3f110cda80_Salad"",""b69ccfaa-7ae4-4bf8-ac1f-a0a9d5fcb40f_Salad"",""9ea49cb3-212e-452f-908a-09b81601fe45_Salad"",""e5abe513-7271-4d97-8f41-c67d5dc744c7_SaladOL"",""ccd95ed1-36b4-46f6-a2fc-fd3f110cda80_SaladOL"",""e9fc4a2f-efaf-4341-b11b-bf9fbb625dc5_SaladOL"",""908ba92f-7e3f-40cf-a293-86847bd7f04f_SaladOL"",""923da982-5016-4456-980f-fe08463be1e4_Salad"",""923da982-5016-4456-980f-fe08463be1e4_SaladOL"",""74b431e8-e8ca-48fd-b5b4-ab6f32563faf_SaladOL"",""6be479f8-4a3f-4d97-8f06-0f301b0acd64_SaladOL"",""a3f0e9a9-0cec-4adb-855a-238beeba7bf9_Salad"",""e5abe513-7271-4d97-8f41-c67d5dc744c7_Salad"",""9ea49cb3-212e-452f-908a-09b81601fe45_SaladOL"",""94e306f0-ad75-49ba-b2f1-553a5ce7c9c5_Salad"",""9869c018-45e4-4d69-80fb-dc3e7ac8cb03_Salad"",""908ba92f-7e3f-40cf-a293-86847bd7f04f_Salad"",""6be479f8-4a3f-4d97-8f06-0f301b0acd64_Salad"",""b69ccfaa-7ae4-4bf8-ac1f-a0a9d5fcb40f_SaladOL"",""74b431e8-e8ca-48fd-b5b4-ab6f32563faf_Salad"",""94e306f0-ad75-49ba-b2f1-553a5ce7c9c5_SaladOL"",""a3f0e9a9-0cec-4adb-855a-238beeba7bf9_SaladOL""]",21,Male,White,Non-Hispanic,3,4,Mouse,Reducing the number of steps that the chef has to make for the salad. ,I did not encounter any difficulties. 
4196-9afc2b11-7c2e-4939-9e17-80317a0423f0,environment_design,overcooked_design,prolific-run-01132026,False,base,fully-interleaved,67363452674f3db8059e7888,chrome,1920.0,911.0,False,1768348573409.0,1768349333046.0,759637.0,0.0,"[""e9fc4a2f-efaf-4341-b11b-bf9fbb625dc5_SaladOL"",""908ba92f-7e3f-40cf-a293-86847bd7f04f_Salad"",""e5abe513-7271-4d97-8f41-c67d5dc744c7_Salad"",""9869c018-45e4-4d69-80fb-dc3e7ac8cb03_SaladOL"",""e9fc4a2f-efaf-4341-b11b-bf9fbb625dc5_Salad"",""b69ccfaa-7ae4-4bf8-ac1f-a0a9d5fcb40f_Salad"",""9ea49cb3-212e-452f-908a-09b81601fe45_Salad"",""74b431e8-e8ca-48fd-b5b4-ab6f32563faf_SaladOL"",""9ea49cb3-212e-452f-908a-09b81601fe45_SaladOL"",""ccd95ed1-36b4-46f6-a2fc-fd3f110cda80_SaladOL"",""e5abe513-7271-4d97-8f41-c67d5dc744c7_SaladOL"",""9869c018-45e4-4d69-80fb-dc3e7ac8cb03_Salad"",""923da982-5016-4456-980f-fe08463be1e4_SaladOL"",""908ba92f-7e3f-40cf-a293-86847bd7f04f_SaladOL"",""a3f0e9a9-0cec-4adb-855a-238beeba7bf9_Salad"",""6be479f8-4a3f-4d97-8f06-0f301b0acd64_SaladOL"",""a3f0e9a9-0cec-4adb-855a-238beeba7bf9_SaladOL"",""b69ccfaa-7ae4-4bf8-ac1f-a0a9d5fcb40f_SaladOL"",""ccd95ed1-36b4-46f6-a2fc-fd3f110cda80_Salad"",""923da982-5016-4456-980f-fe08463be1e4_Salad"",""94e306f0-ad75-49ba-b2f1-553a5ce7c9c5_Salad"",""6be479f8-4a3f-4d97-8f06-0f301b0acd64_Salad"",""74b431e8-e8ca-48fd-b5b4-ab6f32563faf_Salad"",""94e306f0-ad75-49ba-b2f1-553a5ce7c9c5_SaladOL""]",47,Male,White,Non-Hispanic,3,5,Mouse,I tried to imagine the design that would take the least steps for the salad needing to be made.,
4225-52908e15-23e0-4979-a105-dfbee9c3da17,environment_design,overcooked_design,prolific-run-01132026,False,communicative,fully-interleaved,5ac5a9a9f69e940001d984b5,chrome,1429.0,955.0,False,1768354579647.0,1768355156778.0,577131.0,1.0,"[""9869c018-45e4-4d69-80fb-dc3e7ac8cb03_Salad"",""b69ccfaa-7ae4-4bf8-ac1f-a0a9d5fcb40f_Salad"",""908ba92f-7e3f-40cf-a293-86847bd7f04f_SaladOL"",""9ea49cb3-212e-452f-908a-09b81601fe45_Salad"",""b69ccfaa-7ae4-4bf8-ac1f-a0a9d5fcb40f_SaladOL"",""6be479f8-4a3f-4d97-8f06-0f301b0acd64_Salad"",""74b431e8-e8ca-48fd-b5b4-ab6f32563faf_SaladOL"",""e9fc4a2f-efaf-4341-b11b-bf9fbb625dc5_SaladOL"",""908ba92f-7e3f-40cf-a293-86847bd7f04f_Salad"",""e5abe513-7271-4d97-8f41-c67d5dc744c7_SaladOL"",""923da982-5016-4456-980f-fe08463be1e4_SaladOL"",""ccd95ed1-36b4-46f6-a2fc-fd3f110cda80_Salad"",""e9fc4a2f-efaf-4341-b11b-bf9fbb625dc5_Salad"",""94e306f0-ad75-49ba-b2f1-553a5ce7c9c5_SaladOL"",""a3f0e9a9-0cec-4adb-855a-238beeba7bf9_Salad"",""e5abe513-7271-4d97-8f41-c67d5dc744c7_Salad"",""74b431e8-e8ca-48fd-b5b4-ab6f32563faf_Salad"",""ccd95ed1-36b4-46f6-a2fc-fd3f110cda80_SaladOL"",""94e306f0-ad75-49ba-b2f1-553a5ce7c9c5_Salad"",""a3f0e9a9-0cec-4adb-855a-238beeba7bf9_SaladOL"",""6be479f8-4a3f-4d97-8f06-0f301b0acd64_SaladOL"",""923da982-5016-4456-980f-fe08463be1e4_Salad"",""9ea49cb3-212e-452f-908a-09b81601fe45_SaladOL"",""9869c018-45e4-4d69-80fb-dc3e7ac8cb03_SaladOL""]",47,Male,White,Non-Hispanic,2,5,Mouse,Least amount of steps,none
4230-da1e47f7-da87-4737-ad7f-57bbbd51c3cd,environment_design,overcooked_design,prolific-run-01132026,False,base,fully-interleaved,676ca3da9773676ad989ef10,chrome,1869.0,963.0,False,1768355517099.0,1768356297063.0,779964.0,0.0,"[""94e306f0-ad75-49ba-b2f1-553a5ce7c9c5_Salad"",""74b431e8-e8ca-48fd-b5b4-ab6f32563faf_Salad"",""9ea49cb3-212e-452f-908a-09b81601fe45_SaladOL"",""e5abe513-7271-4d97-8f41-c67d5dc744c7_Salad"",""a3f0e9a9-0cec-4adb-855a-238beeba7bf9_SaladOL"",""94e306f0-ad75-49ba-b2f1-553a5ce7c9c5_SaladOL"",""e9fc4a2f-efaf-4341-b11b-bf9fbb625dc5_SaladOL"",""9ea49cb3-212e-452f-908a-09b81601fe45_Salad"",""908ba92f-7e3f-40cf-a293-86847bd7f04f_SaladOL"",""9869c018-45e4-4d69-80fb-dc3e7ac8cb03_SaladOL"",""b69ccfaa-7ae4-4bf8-ac1f-a0a9d5fcb40f_Salad"",""908ba92f-7e3f-40cf-a293-86847bd7f04f_Salad"",""923da982-5016-4456-980f-fe08463be1e4_Salad"",""ccd95ed1-36b4-46f6-a2fc-fd3f110cda80_Salad"",""b69ccfaa-7ae4-4bf8-ac1f-a0a9d5fcb40f_SaladOL"",""9869c018-45e4-4d69-80fb-dc3e7ac8cb03_Salad"",""ccd95ed1-36b4-46f6-a2fc-fd3f110cda80_SaladOL"",""a3f0e9a9-0cec-4adb-855a-238beeba7bf9_Salad"",""74b431e8-e8ca-48fd-b5b4-ab6f32563faf_SaladOL"",""e9fc4a2f-efaf-4341-b11b-bf9fbb625dc5_Salad"",""6be479f8-4a3f-4d97-8f06-0f301b0acd64_Salad"",""e5abe513-7271-4d97-8f41-c67d5dc744c7_SaladOL"",""923da982-5016-4456-980f-fe08463be1e4_SaladOL"",""6be479f8-4a3f-4d97-8f06-0f301b0acd64_SaladOL""]",56,Male,White,Non-Hispanic,2,5,Mouse,I was trying to figure out the most efficient way to design it for the cook to take the fewest steps,No issues
4253-989f1719-49a3-4143-bee7-f074bb94a85f,environment_design,overcooked_design,prolific-run-01132026,False,communicative,fully-interleaved,611e6704567a73202f78bef7,chrome,1280.0,632.0,False,1768354260519.0,1768354733453.0,472934.0,0.0,"[""e9fc4a2f-efaf-4341-b11b-bf9fbb625dc5_Salad"",""e9fc4a2f-efaf-4341-b11b-bf9fbb625dc5_SaladOL"",""923da982-5016-4456-980f-fe08463be1e4_Salad"",""94e306f0-ad75-49ba-b2f1-553a5ce7c9c5_SaladOL"",""908ba92f-7e3f-40cf-a293-86847bd7f04f_SaladOL"",""e5abe513-7271-4d97-8f41-c67d5dc744c7_SaladOL"",""e5abe513-7271-4d97-8f41-c67d5dc744c7_Salad"",""a3f0e9a9-0cec-4adb-855a-238beeba7bf9_Salad"",""ccd95ed1-36b4-46f6-a2fc-fd3f110cda80_SaladOL"",""94e306f0-ad75-49ba-b2f1-553a5ce7c9c5_Salad"",""a3f0e9a9-0cec-4adb-855a-238beeba7bf9_SaladOL"",""6be479f8-4a3f-4d97-8f06-0f301b0acd64_SaladOL"",""b69ccfaa-7ae4-4bf8-ac1f-a0a9d5fcb40f_Salad"",""9869c018-45e4-4d69-80fb-dc3e7ac8cb03_Salad"",""6be479f8-4a3f-4d97-8f06-0f301b0acd64_Salad"",""9869c018-45e4-4d69-80fb-dc3e7ac8cb03_SaladOL"",""9ea49cb3-212e-452f-908a-09b81601fe45_SaladOL"",""74b431e8-e8ca-48fd-b5b4-ab6f32563faf_SaladOL"",""ccd95ed1-36b4-46f6-a2fc-fd3f110cda80_Salad"",""908ba92f-7e3f-40cf-a293-86847bd7f04f_Salad"",""74b431e8-e8ca-48fd-b5b4-ab6f32563faf_Salad"",""9ea49cb3-212e-452f-908a-09b81601fe45_Salad"",""b69ccfaa-7ae4-4bf8-ac1f-a0a9d5fcb40f_SaladOL"",""923da982-5016-4456-980f-fe08463be1e4_SaladOL""]",43,Male,White,Non-Hispanic,1,4,Trackpad,"Total steps per task, task to task proximity",
4303-ba2a85fc-abaa-40fa-9297-b77fc2248f44,environment_design,overcooked_design,prolific-run-01132026,False,communicative,fully-interleaved,663d8f0edfd87b4c1f590b99,chrome,1920.0,953.0,False,1768346802226.0,1768347715097.0,912871.0,0.0,"[""9ea49cb3-212e-452f-908a-09b81601fe45_SaladOL"",""ccd95ed1-36b4-46f6-a2fc-fd3f110cda80_SaladOL"",""923da982-5016-4456-980f-fe08463be1e4_SaladOL"",""9869c018-45e4-4d69-80fb-dc3e7ac8cb03_Salad"",""a3f0e9a9-0cec-4adb-855a-238beeba7bf9_SaladOL"",""94e306f0-ad75-49ba-b2f1-553a5ce7c9c5_Salad"",""e9fc4a2f-efaf-4341-b11b-bf9fbb625dc5_SaladOL"",""74b431e8-e8ca-48fd-b5b4-ab6f32563faf_SaladOL"",""ccd95ed1-36b4-46f6-a2fc-fd3f110cda80_Salad"",""9ea49cb3-212e-452f-908a-09b81601fe45_Salad"",""6be479f8-4a3f-4d97-8f06-0f301b0acd64_SaladOL"",""6be479f8-4a3f-4d97-8f06-0f301b0acd64_Salad"",""e9fc4a2f-efaf-4341-b11b-bf9fbb625dc5_Salad"",""94e306f0-ad75-49ba-b2f1-553a5ce7c9c5_SaladOL"",""908ba92f-7e3f-40cf-a293-86847bd7f04f_SaladOL"",""e5abe513-7271-4d97-8f41-c67d5dc744c7_SaladOL"",""e5abe513-7271-4d97-8f41-c67d5dc744c7_Salad"",""908ba92f-7e3f-40cf-a293-86847bd7f04f_Salad"",""9869c018-45e4-4d69-80fb-dc3e7ac8cb03_SaladOL"",""923da982-5016-4456-980f-fe08463be1e4_Salad"",""74b431e8-e8ca-48fd-b5b4-ab6f32563faf_Salad"",""b69ccfaa-7ae4-4bf8-ac1f-a0a9d5fcb40f_SaladOL"",""b69ccfaa-7ae4-4bf8-ac1f-a0a9d5fcb40f_Salad"",""a3f0e9a9-0cec-4adb-855a-238beeba7bf9_Salad""]",31,Male,Multiracial/Mixed,Non-Hispanic,3,4,Mouse,How close the ingredients were and the steps needed to take.,NA
4363-7c75f2cb-5f27-499f-91d8-b875cac035c0,environment_design,overcooked_design,prolific-run-01132026,False,communicative,fully-interleaved,57529fbc947a3d0007b53d1d,chrome,1536.0,730.0,False,1768357465358.0,1768357896793.0,431435.0,0.0,"[""ccd95ed1-36b4-46f6-a2fc-fd3f110cda80_Salad"",""e9fc4a2f-efaf-4341-b11b-bf9fbb625dc5_Salad"",""a3f0e9a9-0cec-4adb-855a-238beeba7bf9_SaladOL"",""b69ccfaa-7ae4-4bf8-ac1f-a0a9d5fcb40f_SaladOL"",""e9fc4a2f-efaf-4341-b11b-bf9fbb625dc5_SaladOL"",""9ea49cb3-212e-452f-908a-09b81601fe45_Salad"",""e5abe513-7271-4d97-8f41-c67d5dc744c7_SaladOL"",""b69ccfaa-7ae4-4bf8-ac1f-a0a9d5fcb40f_Salad"",""6be479f8-4a3f-4d97-8f06-0f301b0acd64_Salad"",""9869c018-45e4-4d69-80fb-dc3e7ac8cb03_Salad"",""9869c018-45e4-4d69-80fb-dc3e7ac8cb03_SaladOL"",""a3f0e9a9-0cec-4adb-855a-238beeba7bf9_Salad"",""ccd95ed1-36b4-46f6-a2fc-fd3f110cda80_SaladOL"",""908ba92f-7e3f-40cf-a293-86847bd7f04f_SaladOL"",""923da982-5016-4456-980f-fe08463be1e4_SaladOL"",""94e306f0-ad75-49ba-b2f1-553a5ce7c9c5_Salad"",""e5abe513-7271-4d97-8f41-c67d5dc744c7_Salad"",""6be479f8-4a3f-4d97-8f06-0f301b0acd64_SaladOL"",""94e306f0-ad75-49ba-b2f1-553a5ce7c9c5_SaladOL"",""923da982-5016-4456-980f-fe08463be1e4_Salad"",""74b431e8-e8ca-48fd-b5b4-ab6f32563faf_SaladOL"",""908ba92f-7e3f-40cf-a293-86847bd7f04f_Salad"",""74b431e8-e8ca-48fd-b5b4-ab6f32563faf_Salad"",""9ea49cb3-212e-452f-908a-09b81601fe45_SaladOL""]",37,Female,White,Non-Hispanic,1,3,Mouse,I just placed things down where it wouldnt get in the way,
4436-38cd3dbd-d233-4611-88cf-ab79f2fdd706,environment_design,overcooked_design,prolific-run-01132026,False,base,fully-interleaved,62867b51e71606f873d41b05,chrome,1920.0,945.0,False,1768354635687.0,1768355330948.0,695261.0,0.0,"[""a3f0e9a9-0cec-4adb-855a-238beeba7bf9_Salad"",""ccd95ed1-36b4-46f6-a2fc-fd3f110cda80_SaladOL"",""908ba92f-7e3f-40cf-a293-86847bd7f04f_Salad"",""e9fc4a2f-efaf-4341-b11b-bf9fbb625dc5_SaladOL"",""908ba92f-7e3f-40cf-a293-86847bd7f04f_SaladOL"",""b69ccfaa-7ae4-4bf8-ac1f-a0a9d5fcb40f_SaladOL"",""9869c018-45e4-4d69-80fb-dc3e7ac8cb03_Salad"",""923da982-5016-4456-980f-fe08463be1e4_Salad"",""e5abe513-7271-4d97-8f41-c67d5dc744c7_Salad"",""74b431e8-e8ca-48fd-b5b4-ab6f32563faf_SaladOL"",""b69ccfaa-7ae4-4bf8-ac1f-a0a9d5fcb40f_Salad"",""74b431e8-e8ca-48fd-b5b4-ab6f32563faf_Salad"",""6be479f8-4a3f-4d97-8f06-0f301b0acd64_SaladOL"",""9869c018-45e4-4d69-80fb-dc3e7ac8cb03_SaladOL"",""ccd95ed1-36b4-46f6-a2fc-fd3f110cda80_Salad"",""9ea49cb3-212e-452f-908a-09b81601fe45_SaladOL"",""e9fc4a2f-efaf-4341-b11b-bf9fbb625dc5_Salad"",""94e306f0-ad75-49ba-b2f1-553a5ce7c9c5_SaladOL"",""a3f0e9a9-0cec-4adb-855a-238beeba7bf9_SaladOL"",""e5abe513-7271-4d97-8f41-c67d5dc744c7_SaladOL"",""94e306f0-ad75-49ba-b2f1-553a5ce7c9c5_Salad"",""9ea49cb3-212e-452f-908a-09b81601fe45_Salad"",""923da982-5016-4456-980f-fe08463be1e4_SaladOL"",""6be479f8-4a3f-4d97-8f06-0f301b0acd64_Salad""]",38,Male,White,Non-Hispanic,1,5,Mouse,I considered what path the chef would take and what dish needed to be made. I had a lot of fun with this study. Thank you.,No issues.
4493-d4579cd2-d015-468c-a60a-8c8c0bb4f96d,environment_design,overcooked_design,prolific-run-01132026,False,base,fully-interleaved,6444b1e677ebe8b4e2c23abd,chrome,1900.0,945.0,False,1768356340201.0,1768359249830.0,2909629.0,0.0,"[""94e306f0-ad75-49ba-b2f1-553a5ce7c9c5_Salad"",""94e306f0-ad75-49ba-b2f1-553a5ce7c9c5_SaladOL"",""6be479f8-4a3f-4d97-8f06-0f301b0acd64_SaladOL"",""9ea49cb3-212e-452f-908a-09b81601fe45_SaladOL"",""e5abe513-7271-4d97-8f41-c67d5dc744c7_Salad"",""e5abe513-7271-4d97-8f41-c67d5dc744c7_SaladOL"",""a3f0e9a9-0cec-4adb-855a-238beeba7bf9_SaladOL"",""ccd95ed1-36b4-46f6-a2fc-fd3f110cda80_Salad"",""923da982-5016-4456-980f-fe08463be1e4_Salad"",""74b431e8-e8ca-48fd-b5b4-ab6f32563faf_SaladOL"",""908ba92f-7e3f-40cf-a293-86847bd7f04f_Salad"",""e9fc4a2f-efaf-4341-b11b-bf9fbb625dc5_SaladOL"",""e9fc4a2f-efaf-4341-b11b-bf9fbb625dc5_Salad"",""a3f0e9a9-0cec-4adb-855a-238beeba7bf9_Salad"",""ccd95ed1-36b4-46f6-a2fc-fd3f110cda80_SaladOL"",""908ba92f-7e3f-40cf-a293-86847bd7f04f_SaladOL"",""b69ccfaa-7ae4-4bf8-ac1f-a0a9d5fcb40f_Salad"",""6be479f8-4a3f-4d97-8f06-0f301b0acd64_Salad"",""9869c018-45e4-4d69-80fb-dc3e7ac8cb03_Salad"",""923da982-5016-4456-980f-fe08463be1e4_SaladOL"",""74b431e8-e8ca-48fd-b5b4-ab6f32563faf_Salad"",""9869c018-45e4-4d69-80fb-dc3e7ac8cb03_SaladOL"",""b69ccfaa-7ae4-4bf8-ac1f-a0a9d5fcb40f_SaladOL"",""9ea49cb3-212e-452f-908a-09b81601fe45_Salad""]",54,Female,Black/African American,Non-Hispanic,1,5,Mouse,Fun study!,n/a
4567-ae5f5e54-32c2-4d1b-81b6-95f2e597bec5,environment_design,overcooked_design,prolific-run-01132026,False,communicative,fully-interleaved,66c3366a3b5834b89124e85a,chrome,1920.0,957.0,False,1768353934347.0,1768354564707.0,630360.0,1.0,"[""6be479f8-4a3f-4d97-8f06-0f301b0acd64_SaladOL"",""9869c018-45e4-4d69-80fb-dc3e7ac8cb03_SaladOL"",""b69ccfaa-7ae4-4bf8-ac1f-a0a9d5fcb40f_SaladOL"",""a3f0e9a9-0cec-4adb-855a-238beeba7bf9_SaladOL"",""94e306f0-ad75-49ba-b2f1-553a5ce7c9c5_SaladOL"",""9869c018-45e4-4d69-80fb-dc3e7ac8cb03_Salad"",""b69ccfaa-7ae4-4bf8-ac1f-a0a9d5fcb40f_Salad"",""908ba92f-7e3f-40cf-a293-86847bd7f04f_Salad"",""923da982-5016-4456-980f-fe08463be1e4_SaladOL"",""74b431e8-e8ca-48fd-b5b4-ab6f32563faf_Salad"",""9ea49cb3-212e-452f-908a-09b81601fe45_Salad"",""94e306f0-ad75-49ba-b2f1-553a5ce7c9c5_Salad"",""74b431e8-e8ca-48fd-b5b4-ab6f32563faf_SaladOL"",""e5abe513-7271-4d97-8f41-c67d5dc744c7_SaladOL"",""ccd95ed1-36b4-46f6-a2fc-fd3f110cda80_Salad"",""e9fc4a2f-efaf-4341-b11b-bf9fbb625dc5_SaladOL"",""6be479f8-4a3f-4d97-8f06-0f301b0acd64_Salad"",""e9fc4a2f-efaf-4341-b11b-bf9fbb625dc5_Salad"",""9ea49cb3-212e-452f-908a-09b81601fe45_SaladOL"",""ccd95ed1-36b4-46f6-a2fc-fd3f110cda80_SaladOL"",""e5abe513-7271-4d97-8f41-c67d5dc744c7_Salad"",""923da982-5016-4456-980f-fe08463be1e4_Salad"",""a3f0e9a9-0cec-4adb-855a-238beeba7bf9_Salad"",""908ba92f-7e3f-40cf-a293-86847bd7f04f_SaladOL""]",49,Female,White,Non-Hispanic,3,5,Mouse,try to keep all items as close as possible so there would be the least steps when preparing ,no
4582-860f0754-3087-4f33-8311-5789504c0d32,environment_design,overcooked_design,prolific-run-01132026,False,base,fully-interleaved,663298e9fb8d4ab0415f49fb,chrome,2010.0,1006.0,False,1768356047134.0,1768357546783.0,1499649.0,1.0,"[""a3f0e9a9-0cec-4adb-855a-238beeba7bf9_SaladOL"",""9869c018-45e4-4d69-80fb-dc3e7ac8cb03_Salad"",""94e306f0-ad75-49ba-b2f1-553a5ce7c9c5_SaladOL"",""b69ccfaa-7ae4-4bf8-ac1f-a0a9d5fcb40f_SaladOL"",""ccd95ed1-36b4-46f6-a2fc-fd3f110cda80_Salad"",""e9fc4a2f-efaf-4341-b11b-bf9fbb625dc5_Salad"",""a3f0e9a9-0cec-4adb-855a-238beeba7bf9_Salad"",""b69ccfaa-7ae4-4bf8-ac1f-a0a9d5fcb40f_Salad"",""9869c018-45e4-4d69-80fb-dc3e7ac8cb03_SaladOL"",""6be479f8-4a3f-4d97-8f06-0f301b0acd64_Salad"",""6be479f8-4a3f-4d97-8f06-0f301b0acd64_SaladOL"",""74b431e8-e8ca-48fd-b5b4-ab6f32563faf_Salad"",""e9fc4a2f-efaf-4341-b11b-bf9fbb625dc5_SaladOL"",""e5abe513-7271-4d97-8f41-c67d5dc744c7_Salad"",""94e306f0-ad75-49ba-b2f1-553a5ce7c9c5_Salad"",""9ea49cb3-212e-452f-908a-09b81601fe45_Salad"",""74b431e8-e8ca-48fd-b5b4-ab6f32563faf_SaladOL"",""923da982-5016-4456-980f-fe08463be1e4_Salad"",""908ba92f-7e3f-40cf-a293-86847bd7f04f_SaladOL"",""e5abe513-7271-4d97-8f41-c67d5dc744c7_SaladOL"",""923da982-5016-4456-980f-fe08463be1e4_SaladOL"",""ccd95ed1-36b4-46f6-a2fc-fd3f110cda80_SaladOL"",""9ea49cb3-212e-452f-908a-09b81601fe45_SaladOL"",""908ba92f-7e3f-40cf-a293-86847bd7f04f_Salad""]",53,Male,White,Non-Hispanic,1,5,Mouse,"I Tried to get the plate (or ingredient) as close as possible to the ingredients, if not possible, closest to the cutting board. If not, then the center square of the grid.",Nonr
4632-bb5352e0-1217-4b63-a028-c5e04694aa6b,environment_design,overcooked_design,prolific-run-01132026,False,base,fully-interleaved,59e29e405de9b000017ecebf,chrome,1920.0,911.0,False,1768355058552.0,1768355829279.0,770727.0,0.0,"[""923da982-5016-4456-980f-fe08463be1e4_Salad"",""6be479f8-4a3f-4d97-8f06-0f301b0acd64_SaladOL"",""e5abe513-7271-4d97-8f41-c67d5dc744c7_SaladOL"",""94e306f0-ad75-49ba-b2f1-553a5ce7c9c5_SaladOL"",""908ba92f-7e3f-40cf-a293-86847bd7f04f_SaladOL"",""6be479f8-4a3f-4d97-8f06-0f301b0acd64_Salad"",""74b431e8-e8ca-48fd-b5b4-ab6f32563faf_Salad"",""9869c018-45e4-4d69-80fb-dc3e7ac8cb03_Salad"",""ccd95ed1-36b4-46f6-a2fc-fd3f110cda80_SaladOL"",""9ea49cb3-212e-452f-908a-09b81601fe45_Salad"",""ccd95ed1-36b4-46f6-a2fc-fd3f110cda80_Salad"",""923da982-5016-4456-980f-fe08463be1e4_SaladOL"",""a3f0e9a9-0cec-4adb-855a-238beeba7bf9_Salad"",""94e306f0-ad75-49ba-b2f1-553a5ce7c9c5_Salad"",""b69ccfaa-7ae4-4bf8-ac1f-a0a9d5fcb40f_SaladOL"",""b69ccfaa-7ae4-4bf8-ac1f-a0a9d5fcb40f_Salad"",""a3f0e9a9-0cec-4adb-855a-238beeba7bf9_SaladOL"",""908ba92f-7e3f-40cf-a293-86847bd7f04f_Salad"",""74b431e8-e8ca-48fd-b5b4-ab6f32563faf_SaladOL"",""9ea49cb3-212e-452f-908a-09b81601fe45_SaladOL"",""9869c018-45e4-4d69-80fb-dc3e7ac8cb03_SaladOL"",""e9fc4a2f-efaf-4341-b11b-bf9fbb625dc5_Salad"",""e9fc4a2f-efaf-4341-b11b-bf9fbb625dc5_SaladOL"",""e5abe513-7271-4d97-8f41-c67d5dc744c7_Salad""]",37,Female,White,Hispanic,3,5,Mouse,"I went with a bit of gut and logical ideas, sometimes, some spots just seemed like a good placement and other times I knew they were good placement because of the path the cook would have to take. Like having the ingredients/plates/chopping near other was key.",
4701-710cf419-4c49-4067-b52b-99fe6720f64d,environment_design,overcooked_design,prolific-run-01132026,False,communicative,fully-interleaved,67439be8ee2236a7c078d523,chrome,1920.0,957.0,False,1768354588990.0,1768355175430.0,586440.0,1.0,"[""9ea49cb3-212e-452f-908a-09b81601fe45_Salad"",""e5abe513-7271-4d97-8f41-c67d5dc744c7_SaladOL"",""ccd95ed1-36b4-46f6-a2fc-fd3f110cda80_Salad"",""923da982-5016-4456-980f-fe08463be1e4_Salad"",""74b431e8-e8ca-48fd-b5b4-ab6f32563faf_SaladOL"",""ccd95ed1-36b4-46f6-a2fc-fd3f110cda80_SaladOL"",""908ba92f-7e3f-40cf-a293-86847bd7f04f_Salad"",""74b431e8-e8ca-48fd-b5b4-ab6f32563faf_Salad"",""94e306f0-ad75-49ba-b2f1-553a5ce7c9c5_Salad"",""9869c018-45e4-4d69-80fb-dc3e7ac8cb03_Salad"",""b69ccfaa-7ae4-4bf8-ac1f-a0a9d5fcb40f_Salad"",""6be479f8-4a3f-4d97-8f06-0f301b0acd64_SaladOL"",""94e306f0-ad75-49ba-b2f1-553a5ce7c9c5_SaladOL"",""923da982-5016-4456-980f-fe08463be1e4_SaladOL"",""9ea49cb3-212e-452f-908a-09b81601fe45_SaladOL"",""b69ccfaa-7ae4-4bf8-ac1f-a0a9d5fcb40f_SaladOL"",""e5abe513-7271-4d97-8f41-c67d5dc744c7_Salad"",""a3f0e9a9-0cec-4adb-855a-238beeba7bf9_Salad"",""a3f0e9a9-0cec-4adb-855a-238beeba7bf9_SaladOL"",""6be479f8-4a3f-4d97-8f06-0f301b0acd64_Salad"",""e9fc4a2f-efaf-4341-b11b-bf9fbb625dc5_Salad"",""9869c018-45e4-4d69-80fb-dc3e7ac8cb03_SaladOL"",""e9fc4a2f-efaf-4341-b11b-bf9fbb625dc5_SaladOL"",""908ba92f-7e3f-40cf-a293-86847bd7f04f_SaladOL""]",36,Male,Multiracial/Mixed,Non-Hispanic,3,4,Mouse,Wanted to make it harder to get the wrong ingredient at that time.,
4714-ba5b37c0-6e60-4ff0-be6c-3378e6dccd72,environment_design,overcooked_design,prolific-run-01132026,False,base,fully-interleaved,65612a45629022b7c905ef6c,chrome,1366.0,641.0,False,1768349177718.0,1768351353493.0,2175775.0,0.0,"[""9869c018-45e4-4d69-80fb-dc3e7ac8cb03_Salad"",""9ea49cb3-212e-452f-908a-09b81601fe45_SaladOL"",""6be479f8-4a3f-4d97-8f06-0f301b0acd64_SaladOL"",""908ba92f-7e3f-40cf-a293-86847bd7f04f_SaladOL"",""e9fc4a2f-efaf-4341-b11b-bf9fbb625dc5_SaladOL"",""b69ccfaa-7ae4-4bf8-ac1f-a0a9d5fcb40f_Salad"",""908ba92f-7e3f-40cf-a293-86847bd7f04f_Salad"",""94e306f0-ad75-49ba-b2f1-553a5ce7c9c5_Salad"",""e9fc4a2f-efaf-4341-b11b-bf9fbb625dc5_Salad"",""9ea49cb3-212e-452f-908a-09b81601fe45_Salad"",""9869c018-45e4-4d69-80fb-dc3e7ac8cb03_SaladOL"",""e5abe513-7271-4d97-8f41-c67d5dc744c7_SaladOL"",""a3f0e9a9-0cec-4adb-855a-238beeba7bf9_SaladOL"",""923da982-5016-4456-980f-fe08463be1e4_SaladOL"",""74b431e8-e8ca-48fd-b5b4-ab6f32563faf_Salad"",""94e306f0-ad75-49ba-b2f1-553a5ce7c9c5_SaladOL"",""e5abe513-7271-4d97-8f41-c67d5dc744c7_Salad"",""a3f0e9a9-0cec-4adb-855a-238beeba7bf9_Salad"",""6be479f8-4a3f-4d97-8f06-0f301b0acd64_Salad"",""923da982-5016-4456-980f-fe08463be1e4_Salad"",""ccd95ed1-36b4-46f6-a2fc-fd3f110cda80_SaladOL"",""74b431e8-e8ca-48fd-b5b4-ab6f32563faf_SaladOL"",""b69ccfaa-7ae4-4bf8-ac1f-a0a9d5fcb40f_SaladOL"",""ccd95ed1-36b4-46f6-a2fc-fd3f110cda80_Salad""]",49,Female,Black/African American,Non-Hispanic,3,5,Mouse,Guessing,None
4729-35877120-2193-4242-9e4d-d5463485301c,environment_design,overcooked_design,prolific-run-01132026,False,communicative,fully-interleaved,5efe6daf6a2551378201893e,chrome,1366.0,641.0,False,1768346150998.0,1768346881218.0,730220.0,1.0,"[""923da982-5016-4456-980f-fe08463be1e4_Salad"",""b69ccfaa-7ae4-4bf8-ac1f-a0a9d5fcb40f_SaladOL"",""e5abe513-7271-4d97-8f41-c67d5dc744c7_Salad"",""e5abe513-7271-4d97-8f41-c67d5dc744c7_SaladOL"",""6be479f8-4a3f-4d97-8f06-0f301b0acd64_SaladOL"",""6be479f8-4a3f-4d97-8f06-0f301b0acd64_Salad"",""e9fc4a2f-efaf-4341-b11b-bf9fbb625dc5_SaladOL"",""ccd95ed1-36b4-46f6-a2fc-fd3f110cda80_SaladOL"",""908ba92f-7e3f-40cf-a293-86847bd7f04f_Salad"",""9ea49cb3-212e-452f-908a-09b81601fe45_Salad"",""9869c018-45e4-4d69-80fb-dc3e7ac8cb03_Salad"",""a3f0e9a9-0cec-4adb-855a-238beeba7bf9_SaladOL"",""74b431e8-e8ca-48fd-b5b4-ab6f32563faf_SaladOL"",""94e306f0-ad75-49ba-b2f1-553a5ce7c9c5_Salad"",""a3f0e9a9-0cec-4adb-855a-238beeba7bf9_Salad"",""9ea49cb3-212e-452f-908a-09b81601fe45_SaladOL"",""9869c018-45e4-4d69-80fb-dc3e7ac8cb03_SaladOL"",""b69ccfaa-7ae4-4bf8-ac1f-a0a9d5fcb40f_Salad"",""e9fc4a2f-efaf-4341-b11b-bf9fbb625dc5_Salad"",""908ba92f-7e3f-40cf-a293-86847bd7f04f_SaladOL"",""94e306f0-ad75-49ba-b2f1-553a5ce7c9c5_SaladOL"",""74b431e8-e8ca-48fd-b5b4-ab6f32563faf_Salad"",""923da982-5016-4456-980f-fe08463be1e4_SaladOL"",""ccd95ed1-36b4-46f6-a2fc-fd3f110cda80_Salad""]",54,Male,White,Non-Hispanic,4,5,Mouse,none,
4785-dc0f6333-42ed-4667-b9a4-6715eff31a3b,environment_design,overcooked_design,prolific-run-01132026,False,base,fully-interleaved,66fa0c80835daf2b640a6711,chrome,1920.0,919.0,False,1768356692036.0,1768357506918.0,814882.0,0.0,"[""e9fc4a2f-efaf-4341-b11b-bf9fbb625dc5_Salad"",""b69ccfaa-7ae4-4bf8-ac1f-a0a9d5fcb40f_Salad"",""e5abe513-7271-4d97-8f41-c67d5dc744c7_SaladOL"",""b69ccfaa-7ae4-4bf8-ac1f-a0a9d5fcb40f_SaladOL"",""94e306f0-ad75-49ba-b2f1-553a5ce7c9c5_SaladOL"",""e5abe513-7271-4d97-8f41-c67d5dc744c7_Salad"",""a3f0e9a9-0cec-4adb-855a-238beeba7bf9_SaladOL"",""9869c018-45e4-4d69-80fb-dc3e7ac8cb03_Salad"",""6be479f8-4a3f-4d97-8f06-0f301b0acd64_SaladOL"",""9ea49cb3-212e-452f-908a-09b81601fe45_Salad"",""a3f0e9a9-0cec-4adb-855a-238beeba7bf9_Salad"",""908ba92f-7e3f-40cf-a293-86847bd7f04f_SaladOL"",""74b431e8-e8ca-48fd-b5b4-ab6f32563faf_Salad"",""9869c018-45e4-4d69-80fb-dc3e7ac8cb03_SaladOL"",""923da982-5016-4456-980f-fe08463be1e4_SaladOL"",""908ba92f-7e3f-40cf-a293-86847bd7f04f_Salad"",""ccd95ed1-36b4-46f6-a2fc-fd3f110cda80_SaladOL"",""e9fc4a2f-efaf-4341-b11b-bf9fbb625dc5_SaladOL"",""923da982-5016-4456-980f-fe08463be1e4_Salad"",""ccd95ed1-36b4-46f6-a2fc-fd3f110cda80_Salad"",""74b431e8-e8ca-48fd-b5b4-ab6f32563faf_SaladOL"",""9ea49cb3-212e-452f-908a-09b81601fe45_SaladOL"",""94e306f0-ad75-49ba-b2f1-553a5ce7c9c5_Salad"",""6be479f8-4a3f-4d97-8f06-0f301b0acd64_Salad""]",64,Female,White,Non-Hispanic,1,5,Other,Not having to re-trace steps,none
4798-02f7fd8e-6e7f-491b-9221-440f07afc833,environment_design,overcooked_design,prolific-run-01132026,False,communicative,fully-interleaved,662d56e5cc343fb58134d622,firefox,2008.0,1331.0,False,1768355128831.0,1768356426456.0,1297625.0,0.0,"[""e5abe513-7271-4d97-8f41-c67d5dc744c7_SaladOL"",""b69ccfaa-7ae4-4bf8-ac1f-a0a9d5fcb40f_SaladOL"",""94e306f0-ad75-49ba-b2f1-553a5ce7c9c5_Salad"",""e5abe513-7271-4d97-8f41-c67d5dc744c7_Salad"",""923da982-5016-4456-980f-fe08463be1e4_SaladOL"",""6be479f8-4a3f-4d97-8f06-0f301b0acd64_SaladOL"",""94e306f0-ad75-49ba-b2f1-553a5ce7c9c5_SaladOL"",""908ba92f-7e3f-40cf-a293-86847bd7f04f_Salad"",""9869c018-45e4-4d69-80fb-dc3e7ac8cb03_Salad"",""74b431e8-e8ca-48fd-b5b4-ab6f32563faf_Salad"",""a3f0e9a9-0cec-4adb-855a-238beeba7bf9_Salad"",""e9fc4a2f-efaf-4341-b11b-bf9fbb625dc5_SaladOL"",""6be479f8-4a3f-4d97-8f06-0f301b0acd64_Salad"",""923da982-5016-4456-980f-fe08463be1e4_Salad"",""908ba92f-7e3f-40cf-a293-86847bd7f04f_SaladOL"",""ccd95ed1-36b4-46f6-a2fc-fd3f110cda80_SaladOL"",""a3f0e9a9-0cec-4adb-855a-238beeba7bf9_SaladOL"",""e9fc4a2f-efaf-4341-b11b-bf9fbb625dc5_Salad"",""9869c018-45e4-4d69-80fb-dc3e7ac8cb03_SaladOL"",""9ea49cb3-212e-452f-908a-09b81601fe45_Salad"",""ccd95ed1-36b4-46f6-a2fc-fd3f110cda80_Salad"",""b69ccfaa-7ae4-4bf8-ac1f-a0a9d5fcb40f_Salad"",""74b431e8-e8ca-48fd-b5b4-ab6f32563faf_SaladOL"",""9ea49cb3-212e-452f-908a-09b81601fe45_SaladOL""]",53,Female,White,Non-Hispanic,1,5,Trackpad,I tried to position the ingredients/tools as close as possible without obstructing the walkway.,
4818-31e000b6-b86c-4c89-a2ec-6648be8308aa,environment_design,overcooked_design,prolific-run-01132026,False,base,fully-interleaved,5aef97b09516fe00010959f4,chrome,1280.0,559.0,False,1768354110982.0,1768356753347.0,2642365.0,0.0,"[""a3f0e9a9-0cec-4adb-855a-238beeba7bf9_Salad"",""b69ccfaa-7ae4-4bf8-ac1f-a0a9d5fcb40f_SaladOL"",""ccd95ed1-36b4-46f6-a2fc-fd3f110cda80_Salad"",""9869c018-45e4-4d69-80fb-dc3e7ac8cb03_SaladOL"",""9ea49cb3-212e-452f-908a-09b81601fe45_Salad"",""e9fc4a2f-efaf-4341-b11b-bf9fbb625dc5_SaladOL"",""b69ccfaa-7ae4-4bf8-ac1f-a0a9d5fcb40f_Salad"",""6be479f8-4a3f-4d97-8f06-0f301b0acd64_SaladOL"",""94e306f0-ad75-49ba-b2f1-553a5ce7c9c5_SaladOL"",""a3f0e9a9-0cec-4adb-855a-238beeba7bf9_SaladOL"",""e9fc4a2f-efaf-4341-b11b-bf9fbb625dc5_Salad"",""923da982-5016-4456-980f-fe08463be1e4_Salad"",""6be479f8-4a3f-4d97-8f06-0f301b0acd64_Salad"",""ccd95ed1-36b4-46f6-a2fc-fd3f110cda80_SaladOL"",""908ba92f-7e3f-40cf-a293-86847bd7f04f_Salad"",""74b431e8-e8ca-48fd-b5b4-ab6f32563faf_Salad"",""908ba92f-7e3f-40cf-a293-86847bd7f04f_SaladOL"",""e5abe513-7271-4d97-8f41-c67d5dc744c7_SaladOL"",""923da982-5016-4456-980f-fe08463be1e4_SaladOL"",""94e306f0-ad75-49ba-b2f1-553a5ce7c9c5_Salad"",""9ea49cb3-212e-452f-908a-09b81601fe45_SaladOL"",""9869c018-45e4-4d69-80fb-dc3e7ac8cb03_Salad"",""74b431e8-e8ca-48fd-b5b4-ab6f32563faf_SaladOL"",""e5abe513-7271-4d97-8f41-c67d5dc744c7_Salad""]",32,Female,White,Non-Hispanic,1,5,Mouse,I tried to place the important objects next to what they needed to be used with.,Everything was good!
4833-f879f276-284a-44c3-b59f-8ed82047629d,environment_design,overcooked_design,prolific-run-01132026,False,base,fully-interleaved,63bdfe6a69fc4d15b3aec18d,chrome,1280.0,665.0,False,1768354198647.0,1768354831231.0,632584.0,0.0,"[""9ea49cb3-212e-452f-908a-09b81601fe45_Salad"",""9869c018-45e4-4d69-80fb-dc3e7ac8cb03_SaladOL"",""923da982-5016-4456-980f-fe08463be1e4_SaladOL"",""908ba92f-7e3f-40cf-a293-86847bd7f04f_Salad"",""ccd95ed1-36b4-46f6-a2fc-fd3f110cda80_Salad"",""94e306f0-ad75-49ba-b2f1-553a5ce7c9c5_Salad"",""6be479f8-4a3f-4d97-8f06-0f301b0acd64_SaladOL"",""e9fc4a2f-efaf-4341-b11b-bf9fbb625dc5_SaladOL"",""908ba92f-7e3f-40cf-a293-86847bd7f04f_SaladOL"",""9869c018-45e4-4d69-80fb-dc3e7ac8cb03_Salad"",""6be479f8-4a3f-4d97-8f06-0f301b0acd64_Salad"",""94e306f0-ad75-49ba-b2f1-553a5ce7c9c5_SaladOL"",""b69ccfaa-7ae4-4bf8-ac1f-a0a9d5fcb40f_SaladOL"",""e9fc4a2f-efaf-4341-b11b-bf9fbb625dc5_Salad"",""9ea49cb3-212e-452f-908a-09b81601fe45_SaladOL"",""ccd95ed1-36b4-46f6-a2fc-fd3f110cda80_SaladOL"",""923da982-5016-4456-980f-fe08463be1e4_Salad"",""e5abe513-7271-4d97-8f41-c67d5dc744c7_SaladOL"",""74b431e8-e8ca-48fd-b5b4-ab6f32563faf_SaladOL"",""74b431e8-e8ca-48fd-b5b4-ab6f32563faf_Salad"",""e5abe513-7271-4d97-8f41-c67d5dc744c7_Salad"",""a3f0e9a9-0cec-4adb-855a-238beeba7bf9_SaladOL"",""b69ccfaa-7ae4-4bf8-ac1f-a0a9d5fcb40f_Salad"",""a3f0e9a9-0cec-4adb-855a-238beeba7bf9_Salad""]",33 ,Male,White,Non-Hispanic,2,5,Mouse,It was an enjoyable study! ,
4875-913efe83-5209-4227-b95a-7602dac5d1e6,environment_design,overcooked_design,prolific-run-01132026,False,communicative,fully-interleaved,5f7be1818da8861e3c3fcae8,edge-chromium,1705.0,927.0,False,1768354206544.0,1768355423946.0,1217402.0,0.0,"[""a3f0e9a9-0cec-4adb-855a-238beeba7bf9_Salad"",""a3f0e9a9-0cec-4adb-855a-238beeba7bf9_SaladOL"",""b69ccfaa-7ae4-4bf8-ac1f-a0a9d5fcb40f_SaladOL"",""e5abe513-7271-4d97-8f41-c67d5dc744c7_SaladOL"",""b69ccfaa-7ae4-4bf8-ac1f-a0a9d5fcb40f_Salad"",""74b431e8-e8ca-48fd-b5b4-ab6f32563faf_SaladOL"",""9869c018-45e4-4d69-80fb-dc3e7ac8cb03_SaladOL"",""6be479f8-4a3f-4d97-8f06-0f301b0acd64_Salad"",""e9fc4a2f-efaf-4341-b11b-bf9fbb625dc5_SaladOL"",""94e306f0-ad75-49ba-b2f1-553a5ce7c9c5_SaladOL"",""6be479f8-4a3f-4d97-8f06-0f301b0acd64_SaladOL"",""9ea49cb3-212e-452f-908a-09b81601fe45_Salad"",""923da982-5016-4456-980f-fe08463be1e4_SaladOL"",""ccd95ed1-36b4-46f6-a2fc-fd3f110cda80_Salad"",""908ba92f-7e3f-40cf-a293-86847bd7f04f_SaladOL"",""9869c018-45e4-4d69-80fb-dc3e7ac8cb03_Salad"",""ccd95ed1-36b4-46f6-a2fc-fd3f110cda80_SaladOL"",""94e306f0-ad75-49ba-b2f1-553a5ce7c9c5_Salad"",""74b431e8-e8ca-48fd-b5b4-ab6f32563faf_Salad"",""e5abe513-7271-4d97-8f41-c67d5dc744c7_Salad"",""923da982-5016-4456-980f-fe08463be1e4_Salad"",""908ba92f-7e3f-40cf-a293-86847bd7f04f_Salad"",""9ea49cb3-212e-452f-908a-09b81601fe45_SaladOL"",""e9fc4a2f-efaf-4341-b11b-bf9fbb625dc5_Salad""]",32,Female,Multiracial/Mixed,Non-Hispanic,4,4,Mouse,"When I was designing the kitchens, I wanted to make sure that I didn't block the access to the plate, ingredients, cutting board or to the final serving area (the ""star""). Some of the 6-block kitchen areas provided had nothing on them (as a plain area), which could block pathing and access to necessary objectives.","Thank you for the study! I had no technical difficulties and had fun designing the kitchens per the ""least amount of steps possible"" rules. "
4997-20910a17-b97f-459b-8644-1d4977b66723,environment_design,overcooked_design,prolific-run-01132026,False,communicative,fully-interleaved,5cad1ee882265600134d3724,firefox,2560.0,1278.0,False,1768349927055.0,1768350798783.0,871728.0,0.0,"[""74b431e8-e8ca-48fd-b5b4-ab6f32563faf_Salad"",""a3f0e9a9-0cec-4adb-855a-238beeba7bf9_SaladOL"",""6be479f8-4a3f-4d97-8f06-0f301b0acd64_SaladOL"",""908ba92f-7e3f-40cf-a293-86847bd7f04f_SaladOL"",""908ba92f-7e3f-40cf-a293-86847bd7f04f_Salad"",""ccd95ed1-36b4-46f6-a2fc-fd3f110cda80_Salad"",""6be479f8-4a3f-4d97-8f06-0f301b0acd64_Salad"",""e5abe513-7271-4d97-8f41-c67d5dc744c7_SaladOL"",""94e306f0-ad75-49ba-b2f1-553a5ce7c9c5_SaladOL"",""923da982-5016-4456-980f-fe08463be1e4_Salad"",""923da982-5016-4456-980f-fe08463be1e4_SaladOL"",""94e306f0-ad75-49ba-b2f1-553a5ce7c9c5_Salad"",""74b431e8-e8ca-48fd-b5b4-ab6f32563faf_SaladOL"",""b69ccfaa-7ae4-4bf8-ac1f-a0a9d5fcb40f_Salad"",""e5abe513-7271-4d97-8f41-c67d5dc744c7_Salad"",""9869c018-45e4-4d69-80fb-dc3e7ac8cb03_Salad"",""e9fc4a2f-efaf-4341-b11b-bf9fbb625dc5_Salad"",""9869c018-45e4-4d69-80fb-dc3e7ac8cb03_SaladOL"",""ccd95ed1-36b4-46f6-a2fc-fd3f110cda80_SaladOL"",""b69ccfaa-7ae4-4bf8-ac1f-a0a9d5fcb40f_SaladOL"",""9ea49cb3-212e-452f-908a-09b81601fe45_SaladOL"",""9ea49cb3-212e-452f-908a-09b81601fe45_Salad"",""a3f0e9a9-0cec-4adb-855a-238beeba7bf9_Salad"",""e9fc4a2f-efaf-4341-b11b-bf9fbb625dc5_SaladOL""]",28,Male,Black/African American,Non-Hispanic,2,3,Mouse,Distance to the delivery/star from the rest of the kitchen and whether the items on the counter are clustered or spread about.,
5102-b767d886-b0f5-4d85-a49a-d088e9770872,environment_design,overcooked_design,prolific-run-01132026,False,base,fully-interleaved,5ea3694d838a642e5790ec0a,edge-chromium,2040.0,994.0,False,1768355393033.0,1768356231470.0,838437.0,0.0,"[""6be479f8-4a3f-4d97-8f06-0f301b0acd64_Salad"",""94e306f0-ad75-49ba-b2f1-553a5ce7c9c5_Salad"",""6be479f8-4a3f-4d97-8f06-0f301b0acd64_SaladOL"",""e5abe513-7271-4d97-8f41-c67d5dc744c7_Salad"",""9869c018-45e4-4d69-80fb-dc3e7ac8cb03_Salad"",""9869c018-45e4-4d69-80fb-dc3e7ac8cb03_SaladOL"",""b69ccfaa-7ae4-4bf8-ac1f-a0a9d5fcb40f_Salad"",""908ba92f-7e3f-40cf-a293-86847bd7f04f_SaladOL"",""74b431e8-e8ca-48fd-b5b4-ab6f32563faf_SaladOL"",""ccd95ed1-36b4-46f6-a2fc-fd3f110cda80_SaladOL"",""a3f0e9a9-0cec-4adb-855a-238beeba7bf9_Salad"",""e9fc4a2f-efaf-4341-b11b-bf9fbb625dc5_Salad"",""e5abe513-7271-4d97-8f41-c67d5dc744c7_SaladOL"",""b69ccfaa-7ae4-4bf8-ac1f-a0a9d5fcb40f_SaladOL"",""9ea49cb3-212e-452f-908a-09b81601fe45_Salad"",""ccd95ed1-36b4-46f6-a2fc-fd3f110cda80_Salad"",""94e306f0-ad75-49ba-b2f1-553a5ce7c9c5_SaladOL"",""923da982-5016-4456-980f-fe08463be1e4_Salad"",""9ea49cb3-212e-452f-908a-09b81601fe45_SaladOL"",""a3f0e9a9-0cec-4adb-855a-238beeba7bf9_SaladOL"",""908ba92f-7e3f-40cf-a293-86847bd7f04f_Salad"",""923da982-5016-4456-980f-fe08463be1e4_SaladOL"",""74b431e8-e8ca-48fd-b5b4-ab6f32563faf_Salad"",""e9fc4a2f-efaf-4341-b11b-bf9fbb625dc5_SaladOL""]",23,Female,White,Non-Hispanic,2,4,Mouse,I tried to keep the vegetables close to the cutting board,
5164-e280948b-c3cd-4783-a535-f66931109d57,environment_design,overcooked_design,prolific-run-01132026,False,base,fully-interleaved,64136da866ff27f7bf98cfe0,chrome,1920.0,911.0,False,1768342566675.0,1768343621125.0,1054450.0,1.0,"[""e9fc4a2f-efaf-4341-b11b-bf9fbb625dc5_Salad"",""74b431e8-e8ca-48fd-b5b4-ab6f32563faf_SaladOL"",""9869c018-45e4-4d69-80fb-dc3e7ac8cb03_SaladOL"",""6be479f8-4a3f-4d97-8f06-0f301b0acd64_SaladOL"",""b69ccfaa-7ae4-4bf8-ac1f-a0a9d5fcb40f_Salad"",""e5abe513-7271-4d97-8f41-c67d5dc744c7_SaladOL"",""a3f0e9a9-0cec-4adb-855a-238beeba7bf9_Salad"",""b69ccfaa-7ae4-4bf8-ac1f-a0a9d5fcb40f_SaladOL"",""ccd95ed1-36b4-46f6-a2fc-fd3f110cda80_Salad"",""9869c018-45e4-4d69-80fb-dc3e7ac8cb03_Salad"",""923da982-5016-4456-980f-fe08463be1e4_Salad"",""9ea49cb3-212e-452f-908a-09b81601fe45_Salad"",""908ba92f-7e3f-40cf-a293-86847bd7f04f_Salad"",""94e306f0-ad75-49ba-b2f1-553a5ce7c9c5_Salad"",""e9fc4a2f-efaf-4341-b11b-bf9fbb625dc5_SaladOL"",""74b431e8-e8ca-48fd-b5b4-ab6f32563faf_Salad"",""908ba92f-7e3f-40cf-a293-86847bd7f04f_SaladOL"",""94e306f0-ad75-49ba-b2f1-553a5ce7c9c5_SaladOL"",""e5abe513-7271-4d97-8f41-c67d5dc744c7_Salad"",""6be479f8-4a3f-4d97-8f06-0f301b0acd64_Salad"",""a3f0e9a9-0cec-4adb-855a-238beeba7bf9_SaladOL"",""9ea49cb3-212e-452f-908a-09b81601fe45_SaladOL"",""ccd95ed1-36b4-46f6-a2fc-fd3f110cda80_SaladOL"",""923da982-5016-4456-980f-fe08463be1e4_SaladOL""]",37,Male,Asian,Non-Hispanic,2,5,Mouse,Putting the most efficiency in layout depending on the type of salad. ,
5251-19e03bf9-a260-41f4-b8d7-0fd585a856ad,environment_design,overcooked_design,prolific-run-01132026,False,communicative,fully-interleaved,67435bbf9649c44a0e379543,edge-chromium,1528.0,732.0,False,1768354050699.0,1768354616067.0,565368.0,1.0,"[""a3f0e9a9-0cec-4adb-855a-238beeba7bf9_Salad"",""ccd95ed1-36b4-46f6-a2fc-fd3f110cda80_SaladOL"",""9ea49cb3-212e-452f-908a-09b81601fe45_SaladOL"",""e5abe513-7271-4d97-8f41-c67d5dc744c7_SaladOL"",""e9fc4a2f-efaf-4341-b11b-bf9fbb625dc5_SaladOL"",""e5abe513-7271-4d97-8f41-c67d5dc744c7_Salad"",""94e306f0-ad75-49ba-b2f1-553a5ce7c9c5_SaladOL"",""ccd95ed1-36b4-46f6-a2fc-fd3f110cda80_Salad"",""b69ccfaa-7ae4-4bf8-ac1f-a0a9d5fcb40f_SaladOL"",""923da982-5016-4456-980f-fe08463be1e4_SaladOL"",""9ea49cb3-212e-452f-908a-09b81601fe45_Salad"",""74b431e8-e8ca-48fd-b5b4-ab6f32563faf_SaladOL"",""6be479f8-4a3f-4d97-8f06-0f301b0acd64_Salad"",""908ba92f-7e3f-40cf-a293-86847bd7f04f_Salad"",""e9fc4a2f-efaf-4341-b11b-bf9fbb625dc5_Salad"",""9869c018-45e4-4d69-80fb-dc3e7ac8cb03_Salad"",""94e306f0-ad75-49ba-b2f1-553a5ce7c9c5_Salad"",""6be479f8-4a3f-4d97-8f06-0f301b0acd64_SaladOL"",""9869c018-45e4-4d69-80fb-dc3e7ac8cb03_SaladOL"",""74b431e8-e8ca-48fd-b5b4-ab6f32563faf_Salad"",""923da982-5016-4456-980f-fe08463be1e4_Salad"",""908ba92f-7e3f-40cf-a293-86847bd7f04f_SaladOL"",""b69ccfaa-7ae4-4bf8-ac1f-a0a9d5fcb40f_Salad"",""a3f0e9a9-0cec-4adb-855a-238beeba7bf9_SaladOL""]",32,Female,White,Non-Hispanic,2,5,Mouse,How quickly each station could be accessed. ,
5251-d8dc2f3d-5edf-44c8-8811-51b651b84f10,environment_design,overcooked_design,prolific-run-01132026,False,communicative,fully-interleaved,5d151a5639931e001a77af8d,chrome,1536.0,793.0,False,1768355833199.0,1768357058333.0,1225134.0,0.0,"[""6be479f8-4a3f-4d97-8f06-0f301b0acd64_Salad"",""6be479f8-4a3f-4d97-8f06-0f301b0acd64_SaladOL"",""908ba92f-7e3f-40cf-a293-86847bd7f04f_Salad"",""ccd95ed1-36b4-46f6-a2fc-fd3f110cda80_SaladOL"",""e5abe513-7271-4d97-8f41-c67d5dc744c7_SaladOL"",""94e306f0-ad75-49ba-b2f1-553a5ce7c9c5_Salad"",""b69ccfaa-7ae4-4bf8-ac1f-a0a9d5fcb40f_SaladOL"",""923da982-5016-4456-980f-fe08463be1e4_SaladOL"",""e5abe513-7271-4d97-8f41-c67d5dc744c7_Salad"",""a3f0e9a9-0cec-4adb-855a-238beeba7bf9_Salad"",""9869c018-45e4-4d69-80fb-dc3e7ac8cb03_SaladOL"",""ccd95ed1-36b4-46f6-a2fc-fd3f110cda80_Salad"",""74b431e8-e8ca-48fd-b5b4-ab6f32563faf_Salad"",""74b431e8-e8ca-48fd-b5b4-ab6f32563faf_SaladOL"",""923da982-5016-4456-980f-fe08463be1e4_Salad"",""9ea49cb3-212e-452f-908a-09b81601fe45_Salad"",""9ea49cb3-212e-452f-908a-09b81601fe45_SaladOL"",""a3f0e9a9-0cec-4adb-855a-238beeba7bf9_SaladOL"",""e9fc4a2f-efaf-4341-b11b-bf9fbb625dc5_SaladOL"",""9869c018-45e4-4d69-80fb-dc3e7ac8cb03_Salad"",""908ba92f-7e3f-40cf-a293-86847bd7f04f_SaladOL"",""b69ccfaa-7ae4-4bf8-ac1f-a0a9d5fcb40f_Salad"",""94e306f0-ad75-49ba-b2f1-553a5ce7c9c5_SaladOL"",""e9fc4a2f-efaf-4341-b11b-bf9fbb625dc5_Salad""]",30,Female,White,Hispanic,2,5,Other,I tried to make the kitchen that took the least amount of steps and let the cook know what salad to make,
5367-b56bcbe5-fa57-4565-9fcf-65cd59dad449,environment_design,overcooked_design,prolific-run-01132026,False,base,fully-interleaved,5b16e1a5457ace0001b40d46,chrome,1920.0,953.0,False,1768355647550.0,1768356568143.0,920593.0,0.0,"[""b69ccfaa-7ae4-4bf8-ac1f-a0a9d5fcb40f_SaladOL"",""a3f0e9a9-0cec-4adb-855a-238beeba7bf9_Salad"",""9ea49cb3-212e-452f-908a-09b81601fe45_Salad"",""ccd95ed1-36b4-46f6-a2fc-fd3f110cda80_Salad"",""e5abe513-7271-4d97-8f41-c67d5dc744c7_SaladOL"",""923da982-5016-4456-980f-fe08463be1e4_SaladOL"",""94e306f0-ad75-49ba-b2f1-553a5ce7c9c5_Salad"",""74b431e8-e8ca-48fd-b5b4-ab6f32563faf_Salad"",""9869c018-45e4-4d69-80fb-dc3e7ac8cb03_SaladOL"",""a3f0e9a9-0cec-4adb-855a-238beeba7bf9_SaladOL"",""908ba92f-7e3f-40cf-a293-86847bd7f04f_SaladOL"",""94e306f0-ad75-49ba-b2f1-553a5ce7c9c5_SaladOL"",""e9fc4a2f-efaf-4341-b11b-bf9fbb625dc5_SaladOL"",""9869c018-45e4-4d69-80fb-dc3e7ac8cb03_Salad"",""b69ccfaa-7ae4-4bf8-ac1f-a0a9d5fcb40f_Salad"",""6be479f8-4a3f-4d97-8f06-0f301b0acd64_Salad"",""923da982-5016-4456-980f-fe08463be1e4_Salad"",""e5abe513-7271-4d97-8f41-c67d5dc744c7_Salad"",""e9fc4a2f-efaf-4341-b11b-bf9fbb625dc5_Salad"",""74b431e8-e8ca-48fd-b5b4-ab6f32563faf_SaladOL"",""9ea49cb3-212e-452f-908a-09b81601fe45_SaladOL"",""908ba92f-7e3f-40cf-a293-86847bd7f04f_Salad"",""ccd95ed1-36b4-46f6-a2fc-fd3f110cda80_SaladOL"",""6be479f8-4a3f-4d97-8f06-0f301b0acd64_SaladOL""]",45,Female,Asian,Non-Hispanic,3,5,Mouse,"I would group those ingredients, chopping board and plate as close as possible and still give some room for movements. It was fun. I would love to try my design!",N/A
5393-4ab7de7d-0d1f-4beb-bb87-5aacf4f95018,environment_design,overcooked_design,prolific-run-01132026,False,communicative,fully-interleaved,6621a2f38453311275d17d65,chrome,2560.0,1271.0,False,1768341867513.0,1768342771712.0,904199.0,1.0,"[""a3f0e9a9-0cec-4adb-855a-238beeba7bf9_Salad"",""94e306f0-ad75-49ba-b2f1-553a5ce7c9c5_Salad"",""6be479f8-4a3f-4d97-8f06-0f301b0acd64_SaladOL"",""94e306f0-ad75-49ba-b2f1-553a5ce7c9c5_SaladOL"",""a3f0e9a9-0cec-4adb-855a-238beeba7bf9_SaladOL"",""923da982-5016-4456-980f-fe08463be1e4_SaladOL"",""908ba92f-7e3f-40cf-a293-86847bd7f04f_SaladOL"",""908ba92f-7e3f-40cf-a293-86847bd7f04f_Salad"",""e9fc4a2f-efaf-4341-b11b-bf9fbb625dc5_Salad"",""e9fc4a2f-efaf-4341-b11b-bf9fbb625dc5_SaladOL"",""ccd95ed1-36b4-46f6-a2fc-fd3f110cda80_SaladOL"",""e5abe513-7271-4d97-8f41-c67d5dc744c7_Salad"",""9869c018-45e4-4d69-80fb-dc3e7ac8cb03_Salad"",""ccd95ed1-36b4-46f6-a2fc-fd3f110cda80_Salad"",""b69ccfaa-7ae4-4bf8-ac1f-a0a9d5fcb40f_Salad"",""9ea49cb3-212e-452f-908a-09b81601fe45_Salad"",""9ea49cb3-212e-452f-908a-09b81601fe45_SaladOL"",""6be479f8-4a3f-4d97-8f06-0f301b0acd64_Salad"",""923da982-5016-4456-980f-fe08463be1e4_Salad"",""74b431e8-e8ca-48fd-b5b4-ab6f32563faf_SaladOL"",""b69ccfaa-7ae4-4bf8-ac1f-a0a9d5fcb40f_SaladOL"",""e5abe513-7271-4d97-8f41-c67d5dc744c7_SaladOL"",""9869c018-45e4-4d69-80fb-dc3e7ac8cb03_SaladOL"",""74b431e8-e8ca-48fd-b5b4-ab6f32563faf_Salad""]",24,Female,White,Non-Hispanic,4,5,Mouse,I thought about the path the cook would have to take and making it obvious which dish needed to be prepared,I did not encounter any technical difficulties
5438-84918be1-2344-48fd-8ad8-930df547a291,environment_design,overcooked_design,prolific-run-01132026,False,communicative,fully-interleaved,671d85bcbb39dda9a3e63322,chrome,528.0,722.0,False,1768355726685.0,1768356570884.0,844199.0,5.0,"[""923da982-5016-4456-980f-fe08463be1e4_Salad"",""94e306f0-ad75-49ba-b2f1-553a5ce7c9c5_SaladOL"",""9ea49cb3-212e-452f-908a-09b81601fe45_Salad"",""b69ccfaa-7ae4-4bf8-ac1f-a0a9d5fcb40f_Salad"",""ccd95ed1-36b4-46f6-a2fc-fd3f110cda80_Salad"",""923da982-5016-4456-980f-fe08463be1e4_SaladOL"",""9869c018-45e4-4d69-80fb-dc3e7ac8cb03_SaladOL"",""6be479f8-4a3f-4d97-8f06-0f301b0acd64_Salad"",""e5abe513-7271-4d97-8f41-c67d5dc744c7_Salad"",""908ba92f-7e3f-40cf-a293-86847bd7f04f_Salad"",""74b431e8-e8ca-48fd-b5b4-ab6f32563faf_SaladOL"",""e9fc4a2f-efaf-4341-b11b-bf9fbb625dc5_Salad"",""a3f0e9a9-0cec-4adb-855a-238beeba7bf9_SaladOL"",""ccd95ed1-36b4-46f6-a2fc-fd3f110cda80_SaladOL"",""9869c018-45e4-4d69-80fb-dc3e7ac8cb03_Salad"",""a3f0e9a9-0cec-4adb-855a-238beeba7bf9_Salad"",""6be479f8-4a3f-4d97-8f06-0f301b0acd64_SaladOL"",""e9fc4a2f-efaf-4341-b11b-bf9fbb625dc5_SaladOL"",""e5abe513-7271-4d97-8f41-c67d5dc744c7_SaladOL"",""94e306f0-ad75-49ba-b2f1-553a5ce7c9c5_Salad"",""b69ccfaa-7ae4-4bf8-ac1f-a0a9d5fcb40f_SaladOL"",""9ea49cb3-212e-452f-908a-09b81601fe45_SaladOL"",""74b431e8-e8ca-48fd-b5b4-ab6f32563faf_Salad"",""908ba92f-7e3f-40cf-a293-86847bd7f04f_SaladOL""]",28,Male,Black/African American,Non-Hispanic,3,5,Mouse,I try to consider what can make my job the easiest when cooking,
5516-49218238-54bd-4b94-b529-3cfdb9ff3efe,environment_design,overcooked_design,prolific-run-01132026,False,base,fully-interleaved,5c91658e319e1200014f6f9b,chrome,1920.0,919.0,False,1768355744393.0,1768356833791.0,1089398.0,3.0,"[""e9fc4a2f-efaf-4341-b11b-bf9fbb625dc5_Salad"",""9ea49cb3-212e-452f-908a-09b81601fe45_Salad"",""923da982-5016-4456-980f-fe08463be1e4_SaladOL"",""a3f0e9a9-0cec-4adb-855a-238beeba7bf9_SaladOL"",""ccd95ed1-36b4-46f6-a2fc-fd3f110cda80_Salad"",""74b431e8-e8ca-48fd-b5b4-ab6f32563faf_Salad"",""9ea49cb3-212e-452f-908a-09b81601fe45_SaladOL"",""b69ccfaa-7ae4-4bf8-ac1f-a0a9d5fcb40f_SaladOL"",""a3f0e9a9-0cec-4adb-855a-238beeba7bf9_Salad"",""74b431e8-e8ca-48fd-b5b4-ab6f32563faf_SaladOL"",""94e306f0-ad75-49ba-b2f1-553a5ce7c9c5_Salad"",""9869c018-45e4-4d69-80fb-dc3e7ac8cb03_Salad"",""908ba92f-7e3f-40cf-a293-86847bd7f04f_SaladOL"",""9869c018-45e4-4d69-80fb-dc3e7ac8cb03_SaladOL"",""923da982-5016-4456-980f-fe08463be1e4_Salad"",""e5abe513-7271-4d97-8f41-c67d5dc744c7_SaladOL"",""ccd95ed1-36b4-46f6-a2fc-fd3f110cda80_SaladOL"",""6be479f8-4a3f-4d97-8f06-0f301b0acd64_SaladOL"",""e9fc4a2f-efaf-4341-b11b-bf9fbb625dc5_SaladOL"",""6be479f8-4a3f-4d97-8f06-0f301b0acd64_Salad"",""908ba92f-7e3f-40cf-a293-86847bd7f04f_Salad"",""b69ccfaa-7ae4-4bf8-ac1f-a0a9d5fcb40f_Salad"",""94e306f0-ad75-49ba-b2f1-553a5ce7c9c5_SaladOL"",""e5abe513-7271-4d97-8f41-c67d5dc744c7_Salad""]",40,Male,White,Non-Hispanic,3,5,Mouse,The kitchen path around the furniture. ,
5571-ad687394-52bb-456e-9675-7ca6c0751e0b,environment_design,overcooked_design,prolific-run-01132026,False,communicative,fully-interleaved,60185a66df57040bd1cc2419,firefox,1920.0,995.0,False,1768355341751.0,1768356224015.0,882264.0,0.0,"[""e5abe513-7271-4d97-8f41-c67d5dc744c7_SaladOL"",""b69ccfaa-7ae4-4bf8-ac1f-a0a9d5fcb40f_SaladOL"",""74b431e8-e8ca-48fd-b5b4-ab6f32563faf_SaladOL"",""6be479f8-4a3f-4d97-8f06-0f301b0acd64_Salad"",""e9fc4a2f-efaf-4341-b11b-bf9fbb625dc5_Salad"",""908ba92f-7e3f-40cf-a293-86847bd7f04f_SaladOL"",""908ba92f-7e3f-40cf-a293-86847bd7f04f_Salad"",""9869c018-45e4-4d69-80fb-dc3e7ac8cb03_SaladOL"",""ccd95ed1-36b4-46f6-a2fc-fd3f110cda80_Salad"",""74b431e8-e8ca-48fd-b5b4-ab6f32563faf_Salad"",""b69ccfaa-7ae4-4bf8-ac1f-a0a9d5fcb40f_Salad"",""a3f0e9a9-0cec-4adb-855a-238beeba7bf9_Salad"",""94e306f0-ad75-49ba-b2f1-553a5ce7c9c5_SaladOL"",""e9fc4a2f-efaf-4341-b11b-bf9fbb625dc5_SaladOL"",""94e306f0-ad75-49ba-b2f1-553a5ce7c9c5_Salad"",""9869c018-45e4-4d69-80fb-dc3e7ac8cb03_Salad"",""9ea49cb3-212e-452f-908a-09b81601fe45_Salad"",""ccd95ed1-36b4-46f6-a2fc-fd3f110cda80_SaladOL"",""923da982-5016-4456-980f-fe08463be1e4_SaladOL"",""6be479f8-4a3f-4d97-8f06-0f301b0acd64_SaladOL"",""a3f0e9a9-0cec-4adb-855a-238beeba7bf9_SaladOL"",""e5abe513-7271-4d97-8f41-c67d5dc744c7_Salad"",""9ea49cb3-212e-452f-908a-09b81601fe45_SaladOL"",""923da982-5016-4456-980f-fe08463be1e4_Salad""]",32,Male,White,Non-Hispanic,2,4,Mouse,"It was pretty interesting overall! Mostly, I tried to place the furniture in a way that naturally lead the cook to the correct salad, prioritizing getting the right salad over the fewest steps in cases where those were at odds.","Everything was good. I used Firefox, and the game seemed to work just fine!"
5606-76762c58-6c98-4878-ae2c-f3651a91ca48,environment_design,overcooked_design,prolific-run-01132026,False,communicative,fully-interleaved,606492360e422d12dc63000e,chrome,1920.0,911.0,False,1768353880597.0,1768354238296.0,357699.0,0.0,"[""908ba92f-7e3f-40cf-a293-86847bd7f04f_SaladOL"",""6be479f8-4a3f-4d97-8f06-0f301b0acd64_SaladOL"",""923da982-5016-4456-980f-fe08463be1e4_SaladOL"",""e9fc4a2f-efaf-4341-b11b-bf9fbb625dc5_Salad"",""94e306f0-ad75-49ba-b2f1-553a5ce7c9c5_Salad"",""e5abe513-7271-4d97-8f41-c67d5dc744c7_Salad"",""74b431e8-e8ca-48fd-b5b4-ab6f32563faf_Salad"",""9ea49cb3-212e-452f-908a-09b81601fe45_Salad"",""e9fc4a2f-efaf-4341-b11b-bf9fbb625dc5_SaladOL"",""94e306f0-ad75-49ba-b2f1-553a5ce7c9c5_SaladOL"",""ccd95ed1-36b4-46f6-a2fc-fd3f110cda80_Salad"",""9869c018-45e4-4d69-80fb-dc3e7ac8cb03_Salad"",""9ea49cb3-212e-452f-908a-09b81601fe45_SaladOL"",""6be479f8-4a3f-4d97-8f06-0f301b0acd64_Salad"",""923da982-5016-4456-980f-fe08463be1e4_Salad"",""a3f0e9a9-0cec-4adb-855a-238beeba7bf9_SaladOL"",""74b431e8-e8ca-48fd-b5b4-ab6f32563faf_SaladOL"",""a3f0e9a9-0cec-4adb-855a-238beeba7bf9_Salad"",""b69ccfaa-7ae4-4bf8-ac1f-a0a9d5fcb40f_SaladOL"",""9869c018-45e4-4d69-80fb-dc3e7ac8cb03_SaladOL"",""e5abe513-7271-4d97-8f41-c67d5dc744c7_SaladOL"",""ccd95ed1-36b4-46f6-a2fc-fd3f110cda80_SaladOL"",""b69ccfaa-7ae4-4bf8-ac1f-a0a9d5fcb40f_Salad"",""908ba92f-7e3f-40cf-a293-86847bd7f04f_Salad""]",29,Male,White,Non-Hispanic,3,4,Mouse,"Whichever dish was to be made, i put the plate closest to those ingrediants.",
5633-623daba5-5193-4191-bb62-6b04018120ed,environment_design,overcooked_design,prolific-run-01132026,False,base,fully-interleaved,6333a507e85e0b8a172bd2a1,chrome,1366.0,613.0,False,1768355270951.0,1768356501368.0,1230417.0,0.0,"[""9ea49cb3-212e-452f-908a-09b81601fe45_Salad"",""74b431e8-e8ca-48fd-b5b4-ab6f32563faf_SaladOL"",""94e306f0-ad75-49ba-b2f1-553a5ce7c9c5_SaladOL"",""e9fc4a2f-efaf-4341-b11b-bf9fbb625dc5_Salad"",""9ea49cb3-212e-452f-908a-09b81601fe45_SaladOL"",""923da982-5016-4456-980f-fe08463be1e4_SaladOL"",""9869c018-45e4-4d69-80fb-dc3e7ac8cb03_SaladOL"",""908ba92f-7e3f-40cf-a293-86847bd7f04f_Salad"",""ccd95ed1-36b4-46f6-a2fc-fd3f110cda80_SaladOL"",""908ba92f-7e3f-40cf-a293-86847bd7f04f_SaladOL"",""e5abe513-7271-4d97-8f41-c67d5dc744c7_SaladOL"",""ccd95ed1-36b4-46f6-a2fc-fd3f110cda80_Salad"",""b69ccfaa-7ae4-4bf8-ac1f-a0a9d5fcb40f_Salad"",""a3f0e9a9-0cec-4adb-855a-238beeba7bf9_Salad"",""a3f0e9a9-0cec-4adb-855a-238beeba7bf9_SaladOL"",""6be479f8-4a3f-4d97-8f06-0f301b0acd64_Salad"",""923da982-5016-4456-980f-fe08463be1e4_Salad"",""e5abe513-7271-4d97-8f41-c67d5dc744c7_Salad"",""94e306f0-ad75-49ba-b2f1-553a5ce7c9c5_Salad"",""b69ccfaa-7ae4-4bf8-ac1f-a0a9d5fcb40f_SaladOL"",""6be479f8-4a3f-4d97-8f06-0f301b0acd64_SaladOL"",""9869c018-45e4-4d69-80fb-dc3e7ac8cb03_Salad"",""74b431e8-e8ca-48fd-b5b4-ab6f32563faf_Salad"",""e9fc4a2f-efaf-4341-b11b-bf9fbb625dc5_SaladOL""]",54,Male,White,Non-Hispanic,2,3,Mouse,I looked at the recipe and decided the layout afterwards. Trying to get the ingredients as close to each other as possible.,I did not encounter any technical difficulties.
5653-f412bb56-8bf6-425d-93e0-0263672e4fe4,environment_design,overcooked_design,prolific-run-01132026,False,communicative,fully-interleaved,60c3f23e89a2b54322a2d861,chrome,1470.0,772.0,False,1768354761197.0,1768355401362.0,640165.0,4.0,"[""908ba92f-7e3f-40cf-a293-86847bd7f04f_SaladOL"",""a3f0e9a9-0cec-4adb-855a-238beeba7bf9_Salad"",""9869c018-45e4-4d69-80fb-dc3e7ac8cb03_SaladOL"",""6be479f8-4a3f-4d97-8f06-0f301b0acd64_SaladOL"",""e9fc4a2f-efaf-4341-b11b-bf9fbb625dc5_SaladOL"",""908ba92f-7e3f-40cf-a293-86847bd7f04f_Salad"",""9ea49cb3-212e-452f-908a-09b81601fe45_SaladOL"",""923da982-5016-4456-980f-fe08463be1e4_Salad"",""74b431e8-e8ca-48fd-b5b4-ab6f32563faf_Salad"",""e9fc4a2f-efaf-4341-b11b-bf9fbb625dc5_Salad"",""6be479f8-4a3f-4d97-8f06-0f301b0acd64_Salad"",""9869c018-45e4-4d69-80fb-dc3e7ac8cb03_Salad"",""94e306f0-ad75-49ba-b2f1-553a5ce7c9c5_Salad"",""94e306f0-ad75-49ba-b2f1-553a5ce7c9c5_SaladOL"",""b69ccfaa-7ae4-4bf8-ac1f-a0a9d5fcb40f_Salad"",""a3f0e9a9-0cec-4adb-855a-238beeba7bf9_SaladOL"",""923da982-5016-4456-980f-fe08463be1e4_SaladOL"",""9ea49cb3-212e-452f-908a-09b81601fe45_Salad"",""b69ccfaa-7ae4-4bf8-ac1f-a0a9d5fcb40f_SaladOL"",""ccd95ed1-36b4-46f6-a2fc-fd3f110cda80_SaladOL"",""e5abe513-7271-4d97-8f41-c67d5dc744c7_SaladOL"",""e5abe513-7271-4d97-8f41-c67d5dc744c7_Salad"",""ccd95ed1-36b4-46f6-a2fc-fd3f110cda80_Salad"",""74b431e8-e8ca-48fd-b5b4-ab6f32563faf_SaladOL""]",42,Male,White,Non-Hispanic,2,3,Trackpad,I considered how many steps it would take to make the dish,
5719-509b918f-f627-41ef-b5ef-e45221c9f464,environment_design,overcooked_design,prolific-run-01132026,False,base,fully-interleaved,614e6f4f00a9e94b123316d3,chrome,1536.0,695.0,False,1768354631839.0,1768355236032.0,604193.0,0.0,"[""e5abe513-7271-4d97-8f41-c67d5dc744c7_Salad"",""b69ccfaa-7ae4-4bf8-ac1f-a0a9d5fcb40f_Salad"",""908ba92f-7e3f-40cf-a293-86847bd7f04f_SaladOL"",""9ea49cb3-212e-452f-908a-09b81601fe45_SaladOL"",""6be479f8-4a3f-4d97-8f06-0f301b0acd64_Salad"",""94e306f0-ad75-49ba-b2f1-553a5ce7c9c5_Salad"",""e5abe513-7271-4d97-8f41-c67d5dc744c7_SaladOL"",""a3f0e9a9-0cec-4adb-855a-238beeba7bf9_Salad"",""74b431e8-e8ca-48fd-b5b4-ab6f32563faf_SaladOL"",""b69ccfaa-7ae4-4bf8-ac1f-a0a9d5fcb40f_SaladOL"",""923da982-5016-4456-980f-fe08463be1e4_SaladOL"",""ccd95ed1-36b4-46f6-a2fc-fd3f110cda80_Salad"",""a3f0e9a9-0cec-4adb-855a-238beeba7bf9_SaladOL"",""9869c018-45e4-4d69-80fb-dc3e7ac8cb03_SaladOL"",""6be479f8-4a3f-4d97-8f06-0f301b0acd64_SaladOL"",""923da982-5016-4456-980f-fe08463be1e4_Salad"",""e9fc4a2f-efaf-4341-b11b-bf9fbb625dc5_SaladOL"",""74b431e8-e8ca-48fd-b5b4-ab6f32563faf_Salad"",""ccd95ed1-36b4-46f6-a2fc-fd3f110cda80_SaladOL"",""908ba92f-7e3f-40cf-a293-86847bd7f04f_Salad"",""9ea49cb3-212e-452f-908a-09b81601fe45_Salad"",""9869c018-45e4-4d69-80fb-dc3e7ac8cb03_Salad"",""94e306f0-ad75-49ba-b2f1-553a5ce7c9c5_SaladOL"",""e9fc4a2f-efaf-4341-b11b-bf9fbb625dc5_Salad""]",42,Male,White,Non-Hispanic,2,5,Trackpad,Efficiency based on what type of salad was asked for,None
5848-b50ec28d-744e-456d-bd7f-8994ad4da44a,environment_design,overcooked_design,prolific-run-01132026,False,communicative,fully-interleaved,5c40134b1580e900012320ab,chrome,1536.0,778.0,False,1768354010357.0,1768355517454.0,1507097.0,0.0,"[""923da982-5016-4456-980f-fe08463be1e4_Salad"",""b69ccfaa-7ae4-4bf8-ac1f-a0a9d5fcb40f_SaladOL"",""923da982-5016-4456-980f-fe08463be1e4_SaladOL"",""9869c018-45e4-4d69-80fb-dc3e7ac8cb03_SaladOL"",""74b431e8-e8ca-48fd-b5b4-ab6f32563faf_Salad"",""9ea49cb3-212e-452f-908a-09b81601fe45_Salad"",""6be479f8-4a3f-4d97-8f06-0f301b0acd64_SaladOL"",""94e306f0-ad75-49ba-b2f1-553a5ce7c9c5_SaladOL"",""9869c018-45e4-4d69-80fb-dc3e7ac8cb03_Salad"",""ccd95ed1-36b4-46f6-a2fc-fd3f110cda80_Salad"",""908ba92f-7e3f-40cf-a293-86847bd7f04f_SaladOL"",""e5abe513-7271-4d97-8f41-c67d5dc744c7_SaladOL"",""a3f0e9a9-0cec-4adb-855a-238beeba7bf9_Salad"",""e9fc4a2f-efaf-4341-b11b-bf9fbb625dc5_SaladOL"",""908ba92f-7e3f-40cf-a293-86847bd7f04f_Salad"",""a3f0e9a9-0cec-4adb-855a-238beeba7bf9_SaladOL"",""6be479f8-4a3f-4d97-8f06-0f301b0acd64_Salad"",""ccd95ed1-36b4-46f6-a2fc-fd3f110cda80_SaladOL"",""b69ccfaa-7ae4-4bf8-ac1f-a0a9d5fcb40f_Salad"",""9ea49cb3-212e-452f-908a-09b81601fe45_SaladOL"",""94e306f0-ad75-49ba-b2f1-553a5ce7c9c5_Salad"",""74b431e8-e8ca-48fd-b5b4-ab6f32563faf_SaladOL"",""e9fc4a2f-efaf-4341-b11b-bf9fbb625dc5_Salad"",""e5abe513-7271-4d97-8f41-c67d5dc744c7_Salad""]",45,Female,White,Non-Hispanic,2,5,Trackpad,"I wanted to make sure the chef knew what salad the chef had to make. So I tried to design the kitchen in a way that ""told"" the chef what salad was to be made, then I tried to put those ingredients in the same general area for less steps.",
5862-76506a9e-5604-4224-89e8-c08dfaab57d7,environment_design,overcooked_design,prolific-run-01132026,False,base,fully-interleaved,6942cdbe08f75d111bb9713d,chrome,1920.0,919.0,False,1768346903722.0,1768347789138.0,885416.0,0.0,"[""6be479f8-4a3f-4d97-8f06-0f301b0acd64_SaladOL"",""923da982-5016-4456-980f-fe08463be1e4_Salad"",""e5abe513-7271-4d97-8f41-c67d5dc744c7_Salad"",""908ba92f-7e3f-40cf-a293-86847bd7f04f_SaladOL"",""b69ccfaa-7ae4-4bf8-ac1f-a0a9d5fcb40f_SaladOL"",""6be479f8-4a3f-4d97-8f06-0f301b0acd64_Salad"",""a3f0e9a9-0cec-4adb-855a-238beeba7bf9_SaladOL"",""94e306f0-ad75-49ba-b2f1-553a5ce7c9c5_Salad"",""908ba92f-7e3f-40cf-a293-86847bd7f04f_Salad"",""9ea49cb3-212e-452f-908a-09b81601fe45_SaladOL"",""b69ccfaa-7ae4-4bf8-ac1f-a0a9d5fcb40f_Salad"",""9869c018-45e4-4d69-80fb-dc3e7ac8cb03_SaladOL"",""923da982-5016-4456-980f-fe08463be1e4_SaladOL"",""74b431e8-e8ca-48fd-b5b4-ab6f32563faf_Salad"",""9869c018-45e4-4d69-80fb-dc3e7ac8cb03_Salad"",""94e306f0-ad75-49ba-b2f1-553a5ce7c9c5_SaladOL"",""a3f0e9a9-0cec-4adb-855a-238beeba7bf9_Salad"",""e5abe513-7271-4d97-8f41-c67d5dc744c7_SaladOL"",""ccd95ed1-36b4-46f6-a2fc-fd3f110cda80_Salad"",""e9fc4a2f-efaf-4341-b11b-bf9fbb625dc5_Salad"",""9ea49cb3-212e-452f-908a-09b81601fe45_Salad"",""74b431e8-e8ca-48fd-b5b4-ab6f32563faf_SaladOL"",""ccd95ed1-36b4-46f6-a2fc-fd3f110cda80_SaladOL"",""e9fc4a2f-efaf-4341-b11b-bf9fbb625dc5_SaladOL""]",55,Male,White,Non-Hispanic,4,5,Mouse,"tried to find the shortest distance to access each ingredient, the chopping board and plating",none
5894-4e76fd77-ef63-4165-8b27-9ae86ba3a9a9,environment_design,overcooked_design,prolific-run-01132026,False,base,fully-interleaved,67902635a20315fcc7ff5c43,chrome,1517.0,702.0,False,1768354601692.0,1768356892690.0,2290998.0,0.0,"[""e9fc4a2f-efaf-4341-b11b-bf9fbb625dc5_Salad"",""9869c018-45e4-4d69-80fb-dc3e7ac8cb03_Salad"",""b69ccfaa-7ae4-4bf8-ac1f-a0a9d5fcb40f_SaladOL"",""a3f0e9a9-0cec-4adb-855a-238beeba7bf9_SaladOL"",""e5abe513-7271-4d97-8f41-c67d5dc744c7_SaladOL"",""b69ccfaa-7ae4-4bf8-ac1f-a0a9d5fcb40f_Salad"",""9ea49cb3-212e-452f-908a-09b81601fe45_Salad"",""ccd95ed1-36b4-46f6-a2fc-fd3f110cda80_Salad"",""923da982-5016-4456-980f-fe08463be1e4_Salad"",""9ea49cb3-212e-452f-908a-09b81601fe45_SaladOL"",""908ba92f-7e3f-40cf-a293-86847bd7f04f_SaladOL"",""e5abe513-7271-4d97-8f41-c67d5dc744c7_Salad"",""a3f0e9a9-0cec-4adb-855a-238beeba7bf9_Salad"",""923da982-5016-4456-980f-fe08463be1e4_SaladOL"",""9869c018-45e4-4d69-80fb-dc3e7ac8cb03_SaladOL"",""6be479f8-4a3f-4d97-8f06-0f301b0acd64_SaladOL"",""6be479f8-4a3f-4d97-8f06-0f301b0acd64_Salad"",""e9fc4a2f-efaf-4341-b11b-bf9fbb625dc5_SaladOL"",""74b431e8-e8ca-48fd-b5b4-ab6f32563faf_Salad"",""94e306f0-ad75-49ba-b2f1-553a5ce7c9c5_Salad"",""94e306f0-ad75-49ba-b2f1-553a5ce7c9c5_SaladOL"",""74b431e8-e8ca-48fd-b5b4-ab6f32563faf_SaladOL"",""908ba92f-7e3f-40cf-a293-86847bd7f04f_Salad"",""ccd95ed1-36b4-46f6-a2fc-fd3f110cda80_SaladOL""]",43,Female,White,Non-Hispanic,3,5,Trackpad,I tried to figure out the least amount of steps the chef would need to prepare the meal.,
5982-14e032f7-b077-44c5-b745-91b9a5e21638,environment_design,overcooked_design,prolific-run-01132026,False,base,fully-interleaved,5fcecd70db3ccb1a7f9331c9,firefox,1852.0,952.0,False,1768354323500.0,1768354880489.0,556989.0,0.0,"[""e5abe513-7271-4d97-8f41-c67d5dc744c7_SaladOL"",""9ea49cb3-212e-452f-908a-09b81601fe45_SaladOL"",""923da982-5016-4456-980f-fe08463be1e4_Salad"",""9ea49cb3-212e-452f-908a-09b81601fe45_Salad"",""74b431e8-e8ca-48fd-b5b4-ab6f32563faf_SaladOL"",""e9fc4a2f-efaf-4341-b11b-bf9fbb625dc5_Salad"",""908ba92f-7e3f-40cf-a293-86847bd7f04f_SaladOL"",""ccd95ed1-36b4-46f6-a2fc-fd3f110cda80_SaladOL"",""908ba92f-7e3f-40cf-a293-86847bd7f04f_Salad"",""9869c018-45e4-4d69-80fb-dc3e7ac8cb03_Salad"",""ccd95ed1-36b4-46f6-a2fc-fd3f110cda80_Salad"",""74b431e8-e8ca-48fd-b5b4-ab6f32563faf_Salad"",""9869c018-45e4-4d69-80fb-dc3e7ac8cb03_SaladOL"",""6be479f8-4a3f-4d97-8f06-0f301b0acd64_Salad"",""b69ccfaa-7ae4-4bf8-ac1f-a0a9d5fcb40f_SaladOL"",""b69ccfaa-7ae4-4bf8-ac1f-a0a9d5fcb40f_Salad"",""94e306f0-ad75-49ba-b2f1-553a5ce7c9c5_SaladOL"",""a3f0e9a9-0cec-4adb-855a-238beeba7bf9_SaladOL"",""94e306f0-ad75-49ba-b2f1-553a5ce7c9c5_Salad"",""e5abe513-7271-4d97-8f41-c67d5dc744c7_Salad"",""6be479f8-4a3f-4d97-8f06-0f301b0acd64_SaladOL"",""a3f0e9a9-0cec-4adb-855a-238beeba7bf9_Salad"",""923da982-5016-4456-980f-fe08463be1e4_SaladOL"",""e9fc4a2f-efaf-4341-b11b-bf9fbb625dc5_SaladOL""]",34,Non-binary,White,Non-Hispanic,1,5,Mouse,"I tried to make it make sense, as if I was playing the game. A couple times, I definitely wish I could've moved just the individual elements and not the ENTIRE 3x2 island (lol) but I understand that working around the space was part of the challenge.","No difficulties, no comments"
6073-b28c6b79-3b52-4e49-a62b-06262d3c58d7,environment_design,overcooked_design,prolific-run-01132026,False,communicative,fully-interleaved,5ffa1561a618413a57c1ab4f,firefox,1536.0,739.0,False,1768353897251.0,1768354741856.0,844605.0,0.0,"[""a3f0e9a9-0cec-4adb-855a-238beeba7bf9_Salad"",""a3f0e9a9-0cec-4adb-855a-238beeba7bf9_SaladOL"",""908ba92f-7e3f-40cf-a293-86847bd7f04f_Salad"",""908ba92f-7e3f-40cf-a293-86847bd7f04f_SaladOL"",""6be479f8-4a3f-4d97-8f06-0f301b0acd64_Salad"",""923da982-5016-4456-980f-fe08463be1e4_Salad"",""94e306f0-ad75-49ba-b2f1-553a5ce7c9c5_SaladOL"",""e9fc4a2f-efaf-4341-b11b-bf9fbb625dc5_Salad"",""9ea49cb3-212e-452f-908a-09b81601fe45_Salad"",""9869c018-45e4-4d69-80fb-dc3e7ac8cb03_Salad"",""94e306f0-ad75-49ba-b2f1-553a5ce7c9c5_Salad"",""e9fc4a2f-efaf-4341-b11b-bf9fbb625dc5_SaladOL"",""ccd95ed1-36b4-46f6-a2fc-fd3f110cda80_SaladOL"",""9869c018-45e4-4d69-80fb-dc3e7ac8cb03_SaladOL"",""74b431e8-e8ca-48fd-b5b4-ab6f32563faf_Salad"",""ccd95ed1-36b4-46f6-a2fc-fd3f110cda80_Salad"",""e5abe513-7271-4d97-8f41-c67d5dc744c7_Salad"",""9ea49cb3-212e-452f-908a-09b81601fe45_SaladOL"",""e5abe513-7271-4d97-8f41-c67d5dc744c7_SaladOL"",""b69ccfaa-7ae4-4bf8-ac1f-a0a9d5fcb40f_SaladOL"",""74b431e8-e8ca-48fd-b5b4-ab6f32563faf_SaladOL"",""b69ccfaa-7ae4-4bf8-ac1f-a0a9d5fcb40f_Salad"",""6be479f8-4a3f-4d97-8f06-0f301b0acd64_SaladOL"",""923da982-5016-4456-980f-fe08463be1e4_SaladOL""]",27,Female,White,Non-Hispanic,4,5,Mouse,How much back and forth would be required for getting the two necessary ingredients.,
6083-651531ce-f39c-4f01-812d-9038b41d9b0b,environment_design,overcooked_design,prolific-run-01132026,False,communicative,fully-interleaved,66323f16b05df4403391861c,edge-chromium,1528.0,732.0,False,1768353882644.0,1768354490361.0,607717.0,0.0,"[""e5abe513-7271-4d97-8f41-c67d5dc744c7_Salad"",""923da982-5016-4456-980f-fe08463be1e4_SaladOL"",""94e306f0-ad75-49ba-b2f1-553a5ce7c9c5_SaladOL"",""e9fc4a2f-efaf-4341-b11b-bf9fbb625dc5_Salad"",""908ba92f-7e3f-40cf-a293-86847bd7f04f_SaladOL"",""6be479f8-4a3f-4d97-8f06-0f301b0acd64_SaladOL"",""9869c018-45e4-4d69-80fb-dc3e7ac8cb03_Salad"",""9869c018-45e4-4d69-80fb-dc3e7ac8cb03_SaladOL"",""74b431e8-e8ca-48fd-b5b4-ab6f32563faf_Salad"",""94e306f0-ad75-49ba-b2f1-553a5ce7c9c5_Salad"",""ccd95ed1-36b4-46f6-a2fc-fd3f110cda80_SaladOL"",""ccd95ed1-36b4-46f6-a2fc-fd3f110cda80_Salad"",""a3f0e9a9-0cec-4adb-855a-238beeba7bf9_Salad"",""b69ccfaa-7ae4-4bf8-ac1f-a0a9d5fcb40f_SaladOL"",""923da982-5016-4456-980f-fe08463be1e4_Salad"",""e5abe513-7271-4d97-8f41-c67d5dc744c7_SaladOL"",""74b431e8-e8ca-48fd-b5b4-ab6f32563faf_SaladOL"",""9ea49cb3-212e-452f-908a-09b81601fe45_Salad"",""6be479f8-4a3f-4d97-8f06-0f301b0acd64_Salad"",""908ba92f-7e3f-40cf-a293-86847bd7f04f_Salad"",""e9fc4a2f-efaf-4341-b11b-bf9fbb625dc5_SaladOL"",""b69ccfaa-7ae4-4bf8-ac1f-a0a9d5fcb40f_Salad"",""a3f0e9a9-0cec-4adb-855a-238beeba7bf9_SaladOL"",""9ea49cb3-212e-452f-908a-09b81601fe45_SaladOL""]",46,Female,White,Non-Hispanic,2,5,Mouse,How close it was to the plate and to the other items.,None
6085-66405178-cf17-4d4f-be18-754681f70466,environment_design,overcooked_design,prolific-run-01132026,False,base,fully-interleaved,6614b9cbe0e2912e3ffd0705,edge-chromium,1592.0,734.0,False,1768354030692.0,1768355104196.0,1073504.0,0.0,"[""9ea49cb3-212e-452f-908a-09b81601fe45_Salad"",""b69ccfaa-7ae4-4bf8-ac1f-a0a9d5fcb40f_SaladOL"",""74b431e8-e8ca-48fd-b5b4-ab6f32563faf_Salad"",""94e306f0-ad75-49ba-b2f1-553a5ce7c9c5_Salad"",""e9fc4a2f-efaf-4341-b11b-bf9fbb625dc5_Salad"",""ccd95ed1-36b4-46f6-a2fc-fd3f110cda80_SaladOL"",""a3f0e9a9-0cec-4adb-855a-238beeba7bf9_Salad"",""6be479f8-4a3f-4d97-8f06-0f301b0acd64_Salad"",""9869c018-45e4-4d69-80fb-dc3e7ac8cb03_SaladOL"",""923da982-5016-4456-980f-fe08463be1e4_Salad"",""e9fc4a2f-efaf-4341-b11b-bf9fbb625dc5_SaladOL"",""e5abe513-7271-4d97-8f41-c67d5dc744c7_Salad"",""9ea49cb3-212e-452f-908a-09b81601fe45_SaladOL"",""ccd95ed1-36b4-46f6-a2fc-fd3f110cda80_Salad"",""923da982-5016-4456-980f-fe08463be1e4_SaladOL"",""94e306f0-ad75-49ba-b2f1-553a5ce7c9c5_SaladOL"",""6be479f8-4a3f-4d97-8f06-0f301b0acd64_SaladOL"",""a3f0e9a9-0cec-4adb-855a-238beeba7bf9_SaladOL"",""908ba92f-7e3f-40cf-a293-86847bd7f04f_SaladOL"",""e5abe513-7271-4d97-8f41-c67d5dc744c7_SaladOL"",""908ba92f-7e3f-40cf-a293-86847bd7f04f_Salad"",""74b431e8-e8ca-48fd-b5b4-ab6f32563faf_SaladOL"",""b69ccfaa-7ae4-4bf8-ac1f-a0a9d5fcb40f_Salad"",""9869c018-45e4-4d69-80fb-dc3e7ac8cb03_Salad""]",52,Male,Asian,Non-Hispanic,2,4,Mouse,Shortest possible total steps,
6095-b96d23d3-33bf-4168-a295-73b590f179fc,environment_design,overcooked_design,prolific-run-01132026,False,base,fully-interleaved,6365a371d807016cebfdb16c,chrome,2133.0,1021.0,False,1768355096251.0,1768355905914.0,809663.0,0.0,"[""6be479f8-4a3f-4d97-8f06-0f301b0acd64_SaladOL"",""923da982-5016-4456-980f-fe08463be1e4_Salad"",""6be479f8-4a3f-4d97-8f06-0f301b0acd64_Salad"",""b69ccfaa-7ae4-4bf8-ac1f-a0a9d5fcb40f_SaladOL"",""e5abe513-7271-4d97-8f41-c67d5dc744c7_Salad"",""9ea49cb3-212e-452f-908a-09b81601fe45_Salad"",""9ea49cb3-212e-452f-908a-09b81601fe45_SaladOL"",""e9fc4a2f-efaf-4341-b11b-bf9fbb625dc5_SaladOL"",""74b431e8-e8ca-48fd-b5b4-ab6f32563faf_Salad"",""923da982-5016-4456-980f-fe08463be1e4_SaladOL"",""b69ccfaa-7ae4-4bf8-ac1f-a0a9d5fcb40f_Salad"",""a3f0e9a9-0cec-4adb-855a-238beeba7bf9_SaladOL"",""9869c018-45e4-4d69-80fb-dc3e7ac8cb03_SaladOL"",""e5abe513-7271-4d97-8f41-c67d5dc744c7_SaladOL"",""9869c018-45e4-4d69-80fb-dc3e7ac8cb03_Salad"",""74b431e8-e8ca-48fd-b5b4-ab6f32563faf_SaladOL"",""a3f0e9a9-0cec-4adb-855a-238beeba7bf9_Salad"",""94e306f0-ad75-49ba-b2f1-553a5ce7c9c5_Salad"",""e9fc4a2f-efaf-4341-b11b-bf9fbb625dc5_Salad"",""908ba92f-7e3f-40cf-a293-86847bd7f04f_Salad"",""ccd95ed1-36b4-46f6-a2fc-fd3f110cda80_Salad"",""ccd95ed1-36b4-46f6-a2fc-fd3f110cda80_SaladOL"",""908ba92f-7e3f-40cf-a293-86847bd7f04f_SaladOL"",""94e306f0-ad75-49ba-b2f1-553a5ce7c9c5_SaladOL""]",46,Female,White,Non-Hispanic,1,5,Trackpad,Nothing really. Was fun,none
6139-ace9b817-7085-4bcc-9525-b3b2644692a6,environment_design,overcooked_design,prolific-run-01132026,False,base,fully-interleaved,66e8b1b59be9621d5b1ecdb2,firefox,1366.0,607.0,False,1768356045750.0,1768356797416.0,751666.0,0.0,"[""a3f0e9a9-0cec-4adb-855a-238beeba7bf9_SaladOL"",""908ba92f-7e3f-40cf-a293-86847bd7f04f_Salad"",""6be479f8-4a3f-4d97-8f06-0f301b0acd64_Salad"",""e5abe513-7271-4d97-8f41-c67d5dc744c7_Salad"",""6be479f8-4a3f-4d97-8f06-0f301b0acd64_SaladOL"",""923da982-5016-4456-980f-fe08463be1e4_Salad"",""b69ccfaa-7ae4-4bf8-ac1f-a0a9d5fcb40f_Salad"",""e5abe513-7271-4d97-8f41-c67d5dc744c7_SaladOL"",""94e306f0-ad75-49ba-b2f1-553a5ce7c9c5_Salad"",""9869c018-45e4-4d69-80fb-dc3e7ac8cb03_SaladOL"",""923da982-5016-4456-980f-fe08463be1e4_SaladOL"",""ccd95ed1-36b4-46f6-a2fc-fd3f110cda80_SaladOL"",""94e306f0-ad75-49ba-b2f1-553a5ce7c9c5_SaladOL"",""9ea49cb3-212e-452f-908a-09b81601fe45_Salad"",""74b431e8-e8ca-48fd-b5b4-ab6f32563faf_SaladOL"",""9ea49cb3-212e-452f-908a-09b81601fe45_SaladOL"",""908ba92f-7e3f-40cf-a293-86847bd7f04f_SaladOL"",""e9fc4a2f-efaf-4341-b11b-bf9fbb625dc5_SaladOL"",""ccd95ed1-36b4-46f6-a2fc-fd3f110cda80_Salad"",""a3f0e9a9-0cec-4adb-855a-238beeba7bf9_Salad"",""74b431e8-e8ca-48fd-b5b4-ab6f32563faf_Salad"",""b69ccfaa-7ae4-4bf8-ac1f-a0a9d5fcb40f_SaladOL"",""9869c018-45e4-4d69-80fb-dc3e7ac8cb03_Salad"",""e9fc4a2f-efaf-4341-b11b-bf9fbb625dc5_Salad""]",47,Male,White,Non-Hispanic,1,5,Mouse,I though that was cool. I work as a cook and that was kinda fun. A higher reward or bonus would be nice. Thank you., I did not encounter any difficulties.
6154-be70059f-889b-4e91-8ce7-cab4e39e878d,environment_design,overcooked_design,prolific-run-01132026,False,base,fully-interleaved,65e74f3dd1cf1c6869f7af37,chrome,1440.0,812.0,False,1768356331873.0,1768357697902.0,1366029.0,2.0,"[""9ea49cb3-212e-452f-908a-09b81601fe45_SaladOL"",""74b431e8-e8ca-48fd-b5b4-ab6f32563faf_Salad"",""e5abe513-7271-4d97-8f41-c67d5dc744c7_Salad"",""e9fc4a2f-efaf-4341-b11b-bf9fbb625dc5_SaladOL"",""908ba92f-7e3f-40cf-a293-86847bd7f04f_SaladOL"",""923da982-5016-4456-980f-fe08463be1e4_Salad"",""9ea49cb3-212e-452f-908a-09b81601fe45_Salad"",""9869c018-45e4-4d69-80fb-dc3e7ac8cb03_Salad"",""a3f0e9a9-0cec-4adb-855a-238beeba7bf9_Salad"",""b69ccfaa-7ae4-4bf8-ac1f-a0a9d5fcb40f_SaladOL"",""ccd95ed1-36b4-46f6-a2fc-fd3f110cda80_SaladOL"",""b69ccfaa-7ae4-4bf8-ac1f-a0a9d5fcb40f_Salad"",""74b431e8-e8ca-48fd-b5b4-ab6f32563faf_SaladOL"",""9869c018-45e4-4d69-80fb-dc3e7ac8cb03_SaladOL"",""94e306f0-ad75-49ba-b2f1-553a5ce7c9c5_SaladOL"",""6be479f8-4a3f-4d97-8f06-0f301b0acd64_Salad"",""908ba92f-7e3f-40cf-a293-86847bd7f04f_Salad"",""6be479f8-4a3f-4d97-8f06-0f301b0acd64_SaladOL"",""e5abe513-7271-4d97-8f41-c67d5dc744c7_SaladOL"",""ccd95ed1-36b4-46f6-a2fc-fd3f110cda80_Salad"",""923da982-5016-4456-980f-fe08463be1e4_SaladOL"",""94e306f0-ad75-49ba-b2f1-553a5ce7c9c5_Salad"",""e9fc4a2f-efaf-4341-b11b-bf9fbb625dc5_Salad"",""a3f0e9a9-0cec-4adb-855a-238beeba7bf9_SaladOL""]",33,Female,Black/African American,Non-Hispanic,1,5,Trackpad,This was a fun experiment.,N/A
6158-ee7f6da3-a43a-4c1f-b7fe-abeea1a80d46,environment_design,overcooked_design,prolific-run-01132026,False,communicative,fully-interleaved,655f95ffd90905e27c938a49,chrome,1920.0,911.0,False,1768354024006.0,1768354833485.0,809479.0,0.0,"[""9ea49cb3-212e-452f-908a-09b81601fe45_SaladOL"",""923da982-5016-4456-980f-fe08463be1e4_SaladOL"",""ccd95ed1-36b4-46f6-a2fc-fd3f110cda80_SaladOL"",""9869c018-45e4-4d69-80fb-dc3e7ac8cb03_Salad"",""a3f0e9a9-0cec-4adb-855a-238beeba7bf9_Salad"",""94e306f0-ad75-49ba-b2f1-553a5ce7c9c5_SaladOL"",""9869c018-45e4-4d69-80fb-dc3e7ac8cb03_SaladOL"",""908ba92f-7e3f-40cf-a293-86847bd7f04f_SaladOL"",""b69ccfaa-7ae4-4bf8-ac1f-a0a9d5fcb40f_SaladOL"",""908ba92f-7e3f-40cf-a293-86847bd7f04f_Salad"",""e5abe513-7271-4d97-8f41-c67d5dc744c7_SaladOL"",""e9fc4a2f-efaf-4341-b11b-bf9fbb625dc5_Salad"",""74b431e8-e8ca-48fd-b5b4-ab6f32563faf_Salad"",""ccd95ed1-36b4-46f6-a2fc-fd3f110cda80_Salad"",""a3f0e9a9-0cec-4adb-855a-238beeba7bf9_SaladOL"",""e5abe513-7271-4d97-8f41-c67d5dc744c7_Salad"",""9ea49cb3-212e-452f-908a-09b81601fe45_Salad"",""6be479f8-4a3f-4d97-8f06-0f301b0acd64_SaladOL"",""74b431e8-e8ca-48fd-b5b4-ab6f32563faf_SaladOL"",""e9fc4a2f-efaf-4341-b11b-bf9fbb625dc5_SaladOL"",""94e306f0-ad75-49ba-b2f1-553a5ce7c9c5_Salad"",""923da982-5016-4456-980f-fe08463be1e4_Salad"",""b69ccfaa-7ae4-4bf8-ac1f-a0a9d5fcb40f_Salad"",""6be479f8-4a3f-4d97-8f06-0f301b0acd64_Salad""]",35,Female,Asian,Non-Hispanic,3,5,Mouse,I tried to block or make the ingredients that didn't matter hard or impossible to get to. Thanks for the opportunity!,I did not encounter any technical issues.
6204-18ceca7b-aad5-4d83-b0aa-18c85127bcfa,environment_design,overcooked_design,prolific-run-01132026,False,communicative,fully-interleaved,5dd38420a71de83809342ca3,edge-chromium,1592.0,776.0,False,1768354407228.0,1768354974714.0,567486.0,0.0,"[""e9fc4a2f-efaf-4341-b11b-bf9fbb625dc5_Salad"",""e9fc4a2f-efaf-4341-b11b-bf9fbb625dc5_SaladOL"",""9869c018-45e4-4d69-80fb-dc3e7ac8cb03_SaladOL"",""94e306f0-ad75-49ba-b2f1-553a5ce7c9c5_Salad"",""923da982-5016-4456-980f-fe08463be1e4_Salad"",""74b431e8-e8ca-48fd-b5b4-ab6f32563faf_SaladOL"",""908ba92f-7e3f-40cf-a293-86847bd7f04f_Salad"",""9869c018-45e4-4d69-80fb-dc3e7ac8cb03_Salad"",""9ea49cb3-212e-452f-908a-09b81601fe45_SaladOL"",""a3f0e9a9-0cec-4adb-855a-238beeba7bf9_SaladOL"",""b69ccfaa-7ae4-4bf8-ac1f-a0a9d5fcb40f_Salad"",""6be479f8-4a3f-4d97-8f06-0f301b0acd64_SaladOL"",""94e306f0-ad75-49ba-b2f1-553a5ce7c9c5_SaladOL"",""908ba92f-7e3f-40cf-a293-86847bd7f04f_SaladOL"",""ccd95ed1-36b4-46f6-a2fc-fd3f110cda80_Salad"",""9ea49cb3-212e-452f-908a-09b81601fe45_Salad"",""ccd95ed1-36b4-46f6-a2fc-fd3f110cda80_SaladOL"",""74b431e8-e8ca-48fd-b5b4-ab6f32563faf_Salad"",""a3f0e9a9-0cec-4adb-855a-238beeba7bf9_Salad"",""e5abe513-7271-4d97-8f41-c67d5dc744c7_SaladOL"",""e5abe513-7271-4d97-8f41-c67d5dc744c7_Salad"",""923da982-5016-4456-980f-fe08463be1e4_SaladOL"",""b69ccfaa-7ae4-4bf8-ac1f-a0a9d5fcb40f_SaladOL"",""6be479f8-4a3f-4d97-8f06-0f301b0acd64_Salad""]",56,Male,White,Non-Hispanic,1,5,Mouse,I thought at first I could move the dishes,none
6325-65ce3d76-6ffa-4741-b94d-4e09ae8f6e37,environment_design,overcooked_design,prolific-run-01132026,False,base,fully-interleaved,694163cd8dce97079e97bd07,edge-chromium,1536.0,735.0,False,1768354065064.0,1768355015410.0,950346.0,0.0,"[""9ea49cb3-212e-452f-908a-09b81601fe45_Salad"",""923da982-5016-4456-980f-fe08463be1e4_Salad"",""e5abe513-7271-4d97-8f41-c67d5dc744c7_SaladOL"",""6be479f8-4a3f-4d97-8f06-0f301b0acd64_SaladOL"",""908ba92f-7e3f-40cf-a293-86847bd7f04f_Salad"",""9ea49cb3-212e-452f-908a-09b81601fe45_SaladOL"",""908ba92f-7e3f-40cf-a293-86847bd7f04f_SaladOL"",""6be479f8-4a3f-4d97-8f06-0f301b0acd64_Salad"",""ccd95ed1-36b4-46f6-a2fc-fd3f110cda80_SaladOL"",""9869c018-45e4-4d69-80fb-dc3e7ac8cb03_Salad"",""e5abe513-7271-4d97-8f41-c67d5dc744c7_Salad"",""b69ccfaa-7ae4-4bf8-ac1f-a0a9d5fcb40f_SaladOL"",""94e306f0-ad75-49ba-b2f1-553a5ce7c9c5_SaladOL"",""a3f0e9a9-0cec-4adb-855a-238beeba7bf9_Salad"",""ccd95ed1-36b4-46f6-a2fc-fd3f110cda80_Salad"",""74b431e8-e8ca-48fd-b5b4-ab6f32563faf_SaladOL"",""9869c018-45e4-4d69-80fb-dc3e7ac8cb03_SaladOL"",""e9fc4a2f-efaf-4341-b11b-bf9fbb625dc5_Salad"",""e9fc4a2f-efaf-4341-b11b-bf9fbb625dc5_SaladOL"",""94e306f0-ad75-49ba-b2f1-553a5ce7c9c5_Salad"",""923da982-5016-4456-980f-fe08463be1e4_SaladOL"",""b69ccfaa-7ae4-4bf8-ac1f-a0a9d5fcb40f_Salad"",""a3f0e9a9-0cec-4adb-855a-238beeba7bf9_SaladOL"",""74b431e8-e8ca-48fd-b5b4-ab6f32563faf_Salad""]",42,Female,Black/African American,Non-Hispanic,3,5,Mouse,I factored in where each item was and what placement seemed better to be able to complete it quicker,
6326-b3f8beea-b2eb-4c84-abe4-5c1ca9e60e55,environment_design,overcooked_design,prolific-run-01132026,False,communicative,fully-interleaved,559c3e07fdf99b32b55f2d8d,chrome,1920.0,911.0,False,1768347389186.0,1768348807684.0,1418498.0,0.0,"[""e5abe513-7271-4d97-8f41-c67d5dc744c7_Salad"",""9ea49cb3-212e-452f-908a-09b81601fe45_Salad"",""e5abe513-7271-4d97-8f41-c67d5dc744c7_SaladOL"",""923da982-5016-4456-980f-fe08463be1e4_Salad"",""6be479f8-4a3f-4d97-8f06-0f301b0acd64_Salad"",""6be479f8-4a3f-4d97-8f06-0f301b0acd64_SaladOL"",""9869c018-45e4-4d69-80fb-dc3e7ac8cb03_Salad"",""ccd95ed1-36b4-46f6-a2fc-fd3f110cda80_SaladOL"",""a3f0e9a9-0cec-4adb-855a-238beeba7bf9_Salad"",""74b431e8-e8ca-48fd-b5b4-ab6f32563faf_Salad"",""e9fc4a2f-efaf-4341-b11b-bf9fbb625dc5_SaladOL"",""b69ccfaa-7ae4-4bf8-ac1f-a0a9d5fcb40f_Salad"",""94e306f0-ad75-49ba-b2f1-553a5ce7c9c5_Salad"",""e9fc4a2f-efaf-4341-b11b-bf9fbb625dc5_Salad"",""ccd95ed1-36b4-46f6-a2fc-fd3f110cda80_Salad"",""a3f0e9a9-0cec-4adb-855a-238beeba7bf9_SaladOL"",""b69ccfaa-7ae4-4bf8-ac1f-a0a9d5fcb40f_SaladOL"",""923da982-5016-4456-980f-fe08463be1e4_SaladOL"",""908ba92f-7e3f-40cf-a293-86847bd7f04f_SaladOL"",""9869c018-45e4-4d69-80fb-dc3e7ac8cb03_SaladOL"",""74b431e8-e8ca-48fd-b5b4-ab6f32563faf_SaladOL"",""908ba92f-7e3f-40cf-a293-86847bd7f04f_Salad"",""9ea49cb3-212e-452f-908a-09b81601fe45_SaladOL"",""94e306f0-ad75-49ba-b2f1-553a5ce7c9c5_SaladOL""]",35,Male,White,Non-Hispanic,2,5,Mouse,"I wasn't always clear on what to do. I tried to think about my time working in the kitchens earlier in the task, although these example kitchens weren't always good. I tried to do things that would subtly guide the user to the food item I wanted by, for example, guiding away from the direction I did NOT want them to go. ","I initially accepted the task in Firefox but moved to Chrome as instructed, hopefully there were no problems."
6360-109cedf2-7675-48aa-8a85-80c2f028f0c4,environment_design,overcooked_design,prolific-run-01132026,False,base,fully-interleaved,678006318afafe2d811d0277,chrome,1600.0,765.0,False,1768355470819.0,1768355968005.0,497186.0,1.0,"[""a3f0e9a9-0cec-4adb-855a-238beeba7bf9_Salad"",""94e306f0-ad75-49ba-b2f1-553a5ce7c9c5_SaladOL"",""908ba92f-7e3f-40cf-a293-86847bd7f04f_Salad"",""9869c018-45e4-4d69-80fb-dc3e7ac8cb03_Salad"",""e5abe513-7271-4d97-8f41-c67d5dc744c7_SaladOL"",""9ea49cb3-212e-452f-908a-09b81601fe45_SaladOL"",""e5abe513-7271-4d97-8f41-c67d5dc744c7_Salad"",""94e306f0-ad75-49ba-b2f1-553a5ce7c9c5_Salad"",""74b431e8-e8ca-48fd-b5b4-ab6f32563faf_Salad"",""a3f0e9a9-0cec-4adb-855a-238beeba7bf9_SaladOL"",""b69ccfaa-7ae4-4bf8-ac1f-a0a9d5fcb40f_SaladOL"",""6be479f8-4a3f-4d97-8f06-0f301b0acd64_Salad"",""908ba92f-7e3f-40cf-a293-86847bd7f04f_SaladOL"",""9869c018-45e4-4d69-80fb-dc3e7ac8cb03_SaladOL"",""6be479f8-4a3f-4d97-8f06-0f301b0acd64_SaladOL"",""e9fc4a2f-efaf-4341-b11b-bf9fbb625dc5_Salad"",""923da982-5016-4456-980f-fe08463be1e4_SaladOL"",""ccd95ed1-36b4-46f6-a2fc-fd3f110cda80_Salad"",""ccd95ed1-36b4-46f6-a2fc-fd3f110cda80_SaladOL"",""923da982-5016-4456-980f-fe08463be1e4_Salad"",""e9fc4a2f-efaf-4341-b11b-bf9fbb625dc5_SaladOL"",""74b431e8-e8ca-48fd-b5b4-ab6f32563faf_SaladOL"",""b69ccfaa-7ae4-4bf8-ac1f-a0a9d5fcb40f_Salad"",""9ea49cb3-212e-452f-908a-09b81601fe45_Salad""]",22,Female,White,Non-Hispanic,1,4,Mouse,Mainly the position of the exit,N/A
6468-a909b941-b0b5-4d5e-aa68-1ee2589b2b68,environment_design,overcooked_design,prolific-run-01132026,False,communicative,fully-interleaved,669dbd856a36321b0839f78e,chrome,1536.0,730.0,False,1768355267536.0,1768356153205.0,885669.0,1.0,"[""9869c018-45e4-4d69-80fb-dc3e7ac8cb03_SaladOL"",""e5abe513-7271-4d97-8f41-c67d5dc744c7_SaladOL"",""94e306f0-ad75-49ba-b2f1-553a5ce7c9c5_Salad"",""94e306f0-ad75-49ba-b2f1-553a5ce7c9c5_SaladOL"",""e5abe513-7271-4d97-8f41-c67d5dc744c7_Salad"",""ccd95ed1-36b4-46f6-a2fc-fd3f110cda80_SaladOL"",""908ba92f-7e3f-40cf-a293-86847bd7f04f_SaladOL"",""e9fc4a2f-efaf-4341-b11b-bf9fbb625dc5_SaladOL"",""9869c018-45e4-4d69-80fb-dc3e7ac8cb03_Salad"",""9ea49cb3-212e-452f-908a-09b81601fe45_SaladOL"",""923da982-5016-4456-980f-fe08463be1e4_SaladOL"",""6be479f8-4a3f-4d97-8f06-0f301b0acd64_SaladOL"",""b69ccfaa-7ae4-4bf8-ac1f-a0a9d5fcb40f_SaladOL"",""74b431e8-e8ca-48fd-b5b4-ab6f32563faf_Salad"",""6be479f8-4a3f-4d97-8f06-0f301b0acd64_Salad"",""b69ccfaa-7ae4-4bf8-ac1f-a0a9d5fcb40f_Salad"",""74b431e8-e8ca-48fd-b5b4-ab6f32563faf_SaladOL"",""9ea49cb3-212e-452f-908a-09b81601fe45_Salad"",""a3f0e9a9-0cec-4adb-855a-238beeba7bf9_SaladOL"",""923da982-5016-4456-980f-fe08463be1e4_Salad"",""e9fc4a2f-efaf-4341-b11b-bf9fbb625dc5_Salad"",""908ba92f-7e3f-40cf-a293-86847bd7f04f_Salad"",""ccd95ed1-36b4-46f6-a2fc-fd3f110cda80_Salad"",""a3f0e9a9-0cec-4adb-855a-238beeba7bf9_Salad""]",37,Male,Asian,Non-Hispanic,1,4,Mouse,The ingredients should be close to the star or plate,none
6666-ce39ac26-74fd-43cf-b4a3-c0146c816e5e,environment_design,overcooked_design,prolific-run-01132026,False,base,fully-interleaved,6941e8da36648647bc3f33a3,chrome,1512.0,742.0,False,1768356276134.0,1768357200227.0,924093.0,0.0,"[""923da982-5016-4456-980f-fe08463be1e4_Salad"",""e9fc4a2f-efaf-4341-b11b-bf9fbb625dc5_SaladOL"",""9ea49cb3-212e-452f-908a-09b81601fe45_SaladOL"",""923da982-5016-4456-980f-fe08463be1e4_SaladOL"",""94e306f0-ad75-49ba-b2f1-553a5ce7c9c5_Salad"",""b69ccfaa-7ae4-4bf8-ac1f-a0a9d5fcb40f_SaladOL"",""6be479f8-4a3f-4d97-8f06-0f301b0acd64_Salad"",""94e306f0-ad75-49ba-b2f1-553a5ce7c9c5_SaladOL"",""74b431e8-e8ca-48fd-b5b4-ab6f32563faf_SaladOL"",""e5abe513-7271-4d97-8f41-c67d5dc744c7_SaladOL"",""a3f0e9a9-0cec-4adb-855a-238beeba7bf9_Salad"",""908ba92f-7e3f-40cf-a293-86847bd7f04f_SaladOL"",""b69ccfaa-7ae4-4bf8-ac1f-a0a9d5fcb40f_Salad"",""908ba92f-7e3f-40cf-a293-86847bd7f04f_Salad"",""9869c018-45e4-4d69-80fb-dc3e7ac8cb03_Salad"",""ccd95ed1-36b4-46f6-a2fc-fd3f110cda80_SaladOL"",""e5abe513-7271-4d97-8f41-c67d5dc744c7_Salad"",""ccd95ed1-36b4-46f6-a2fc-fd3f110cda80_Salad"",""6be479f8-4a3f-4d97-8f06-0f301b0acd64_SaladOL"",""a3f0e9a9-0cec-4adb-855a-238beeba7bf9_SaladOL"",""74b431e8-e8ca-48fd-b5b4-ab6f32563faf_Salad"",""9ea49cb3-212e-452f-908a-09b81601fe45_Salad"",""9869c018-45e4-4d69-80fb-dc3e7ac8cb03_SaladOL"",""e9fc4a2f-efaf-4341-b11b-bf9fbb625dc5_Salad""]",18,Male,American Indian/Alaska Native,Non-Hispanic,4,4,Mouse,The distance between each necessary ingredient or tool.,
6674-e73741dd-2de6-42b5-b607-b03b03daec54,environment_design,overcooked_design,prolific-run-01132026,False,communicative,fully-interleaved,663aa5ef90785b13a70438e5,chrome,1512.0,862.0,False,1768356581167.0,1768357143825.0,562658.0,0.0,"[""e9fc4a2f-efaf-4341-b11b-bf9fbb625dc5_Salad"",""6be479f8-4a3f-4d97-8f06-0f301b0acd64_Salad"",""94e306f0-ad75-49ba-b2f1-553a5ce7c9c5_Salad"",""74b431e8-e8ca-48fd-b5b4-ab6f32563faf_Salad"",""a3f0e9a9-0cec-4adb-855a-238beeba7bf9_Salad"",""b69ccfaa-7ae4-4bf8-ac1f-a0a9d5fcb40f_SaladOL"",""923da982-5016-4456-980f-fe08463be1e4_SaladOL"",""e5abe513-7271-4d97-8f41-c67d5dc744c7_SaladOL"",""74b431e8-e8ca-48fd-b5b4-ab6f32563faf_SaladOL"",""ccd95ed1-36b4-46f6-a2fc-fd3f110cda80_SaladOL"",""ccd95ed1-36b4-46f6-a2fc-fd3f110cda80_Salad"",""908ba92f-7e3f-40cf-a293-86847bd7f04f_SaladOL"",""9869c018-45e4-4d69-80fb-dc3e7ac8cb03_Salad"",""908ba92f-7e3f-40cf-a293-86847bd7f04f_Salad"",""9ea49cb3-212e-452f-908a-09b81601fe45_Salad"",""6be479f8-4a3f-4d97-8f06-0f301b0acd64_SaladOL"",""e5abe513-7271-4d97-8f41-c67d5dc744c7_Salad"",""9869c018-45e4-4d69-80fb-dc3e7ac8cb03_SaladOL"",""a3f0e9a9-0cec-4adb-855a-238beeba7bf9_SaladOL"",""9ea49cb3-212e-452f-908a-09b81601fe45_SaladOL"",""b69ccfaa-7ae4-4bf8-ac1f-a0a9d5fcb40f_Salad"",""94e306f0-ad75-49ba-b2f1-553a5ce7c9c5_SaladOL"",""e9fc4a2f-efaf-4341-b11b-bf9fbb625dc5_SaladOL"",""923da982-5016-4456-980f-fe08463be1e4_Salad""]",27,Female,American Indian/Alaska Native,Hispanic,2,5,Trackpad,plate and knife distance,
6697-cbf8f5a1-4b8d-494e-a0ee-fab3bf56bd23,environment_design,overcooked_design,prolific-run-01132026,False,communicative,fully-interleaved,5efd32d5ebff0517d77b8e4c,chrome,1920.0,945.0,False,1768354136410.0,1768354872102.0,735692.0,0.0,"[""a3f0e9a9-0cec-4adb-855a-238beeba7bf9_SaladOL"",""94e306f0-ad75-49ba-b2f1-553a5ce7c9c5_Salad"",""74b431e8-e8ca-48fd-b5b4-ab6f32563faf_SaladOL"",""9ea49cb3-212e-452f-908a-09b81601fe45_SaladOL"",""908ba92f-7e3f-40cf-a293-86847bd7f04f_Salad"",""ccd95ed1-36b4-46f6-a2fc-fd3f110cda80_Salad"",""6be479f8-4a3f-4d97-8f06-0f301b0acd64_Salad"",""94e306f0-ad75-49ba-b2f1-553a5ce7c9c5_SaladOL"",""923da982-5016-4456-980f-fe08463be1e4_Salad"",""b69ccfaa-7ae4-4bf8-ac1f-a0a9d5fcb40f_SaladOL"",""908ba92f-7e3f-40cf-a293-86847bd7f04f_SaladOL"",""ccd95ed1-36b4-46f6-a2fc-fd3f110cda80_SaladOL"",""6be479f8-4a3f-4d97-8f06-0f301b0acd64_SaladOL"",""e5abe513-7271-4d97-8f41-c67d5dc744c7_Salad"",""9869c018-45e4-4d69-80fb-dc3e7ac8cb03_Salad"",""923da982-5016-4456-980f-fe08463be1e4_SaladOL"",""9869c018-45e4-4d69-80fb-dc3e7ac8cb03_SaladOL"",""a3f0e9a9-0cec-4adb-855a-238beeba7bf9_Salad"",""9ea49cb3-212e-452f-908a-09b81601fe45_Salad"",""e5abe513-7271-4d97-8f41-c67d5dc744c7_SaladOL"",""74b431e8-e8ca-48fd-b5b4-ab6f32563faf_Salad"",""b69ccfaa-7ae4-4bf8-ac1f-a0a9d5fcb40f_Salad"",""e9fc4a2f-efaf-4341-b11b-bf9fbb625dc5_SaladOL"",""e9fc4a2f-efaf-4341-b11b-bf9fbb625dc5_Salad""]",31,Female,White,Non-Hispanic,3,4,Trackpad,no,
6733-c7f28333-9bda-4978-bdfd-a252c914ca86,environment_design,overcooked_design,prolific-run-01132026,False,base,fully-interleaved,6685dba14d53fe6101047e9b,chrome,1920.0,919.0,False,1768354425582.0,1768355951259.0,1525677.0,0.0,"[""908ba92f-7e3f-40cf-a293-86847bd7f04f_Salad"",""e5abe513-7271-4d97-8f41-c67d5dc744c7_SaladOL"",""ccd95ed1-36b4-46f6-a2fc-fd3f110cda80_SaladOL"",""9869c018-45e4-4d69-80fb-dc3e7ac8cb03_Salad"",""e5abe513-7271-4d97-8f41-c67d5dc744c7_Salad"",""9ea49cb3-212e-452f-908a-09b81601fe45_SaladOL"",""6be479f8-4a3f-4d97-8f06-0f301b0acd64_Salad"",""b69ccfaa-7ae4-4bf8-ac1f-a0a9d5fcb40f_Salad"",""b69ccfaa-7ae4-4bf8-ac1f-a0a9d5fcb40f_SaladOL"",""923da982-5016-4456-980f-fe08463be1e4_SaladOL"",""74b431e8-e8ca-48fd-b5b4-ab6f32563faf_SaladOL"",""94e306f0-ad75-49ba-b2f1-553a5ce7c9c5_Salad"",""908ba92f-7e3f-40cf-a293-86847bd7f04f_SaladOL"",""e9fc4a2f-efaf-4341-b11b-bf9fbb625dc5_Salad"",""9ea49cb3-212e-452f-908a-09b81601fe45_Salad"",""923da982-5016-4456-980f-fe08463be1e4_Salad"",""74b431e8-e8ca-48fd-b5b4-ab6f32563faf_Salad"",""6be479f8-4a3f-4d97-8f06-0f301b0acd64_SaladOL"",""94e306f0-ad75-49ba-b2f1-553a5ce7c9c5_SaladOL"",""a3f0e9a9-0cec-4adb-855a-238beeba7bf9_SaladOL"",""9869c018-45e4-4d69-80fb-dc3e7ac8cb03_SaladOL"",""ccd95ed1-36b4-46f6-a2fc-fd3f110cda80_Salad"",""e9fc4a2f-efaf-4341-b11b-bf9fbb625dc5_SaladOL"",""a3f0e9a9-0cec-4adb-855a-238beeba7bf9_Salad""]",46,Female,White,Non-Hispanic,3,3,Mouse,"The least number of steps, tried to put the furniture close but with room to walk around it. ",
6803-b884003d-7107-4a0c-8768-f103a391bd9c,environment_design,overcooked_design,prolific-run-01132026,False,base,fully-interleaved,5904dd5b352dd30001fb5e43,chrome,1920.0,945.0,False,1768354681626.0,1768356069671.0,1388045.0,0.0,"[""b69ccfaa-7ae4-4bf8-ac1f-a0a9d5fcb40f_Salad"",""74b431e8-e8ca-48fd-b5b4-ab6f32563faf_Salad"",""9869c018-45e4-4d69-80fb-dc3e7ac8cb03_SaladOL"",""b69ccfaa-7ae4-4bf8-ac1f-a0a9d5fcb40f_SaladOL"",""e9fc4a2f-efaf-4341-b11b-bf9fbb625dc5_Salad"",""e5abe513-7271-4d97-8f41-c67d5dc744c7_Salad"",""ccd95ed1-36b4-46f6-a2fc-fd3f110cda80_SaladOL"",""a3f0e9a9-0cec-4adb-855a-238beeba7bf9_SaladOL"",""94e306f0-ad75-49ba-b2f1-553a5ce7c9c5_Salad"",""9ea49cb3-212e-452f-908a-09b81601fe45_SaladOL"",""6be479f8-4a3f-4d97-8f06-0f301b0acd64_SaladOL"",""923da982-5016-4456-980f-fe08463be1e4_Salad"",""94e306f0-ad75-49ba-b2f1-553a5ce7c9c5_SaladOL"",""74b431e8-e8ca-48fd-b5b4-ab6f32563faf_SaladOL"",""ccd95ed1-36b4-46f6-a2fc-fd3f110cda80_Salad"",""908ba92f-7e3f-40cf-a293-86847bd7f04f_Salad"",""9869c018-45e4-4d69-80fb-dc3e7ac8cb03_Salad"",""a3f0e9a9-0cec-4adb-855a-238beeba7bf9_Salad"",""6be479f8-4a3f-4d97-8f06-0f301b0acd64_Salad"",""923da982-5016-4456-980f-fe08463be1e4_SaladOL"",""e9fc4a2f-efaf-4341-b11b-bf9fbb625dc5_SaladOL"",""9ea49cb3-212e-452f-908a-09b81601fe45_Salad"",""908ba92f-7e3f-40cf-a293-86847bd7f04f_SaladOL"",""e5abe513-7271-4d97-8f41-c67d5dc744c7_SaladOL""]",58,Female,Black/African American,Non-Hispanic,4,5,Mouse,I considered which item -- tomato or onion -- was not included for the turn and tried to block off access to the unnecessary item. I thought maybe that would decrease the number of steps. I also tried to equalize the number of steps for items that were needed for each turn.,I did not encounter technical difficulties.
6892-4aaedc56-b5cb-445a-b0f5-c7e680414c6d,environment_design,overcooked_design,prolific-run-01132026,False,base,fully-interleaved,694151150d582984bf76a89e,chrome,1440.0,667.0,False,1768354072145.0,1768354683893.0,611748.0,0.0,"[""9869c018-45e4-4d69-80fb-dc3e7ac8cb03_SaladOL"",""923da982-5016-4456-980f-fe08463be1e4_SaladOL"",""ccd95ed1-36b4-46f6-a2fc-fd3f110cda80_SaladOL"",""ccd95ed1-36b4-46f6-a2fc-fd3f110cda80_Salad"",""6be479f8-4a3f-4d97-8f06-0f301b0acd64_Salad"",""74b431e8-e8ca-48fd-b5b4-ab6f32563faf_SaladOL"",""908ba92f-7e3f-40cf-a293-86847bd7f04f_Salad"",""9ea49cb3-212e-452f-908a-09b81601fe45_Salad"",""e5abe513-7271-4d97-8f41-c67d5dc744c7_SaladOL"",""e5abe513-7271-4d97-8f41-c67d5dc744c7_Salad"",""a3f0e9a9-0cec-4adb-855a-238beeba7bf9_Salad"",""e9fc4a2f-efaf-4341-b11b-bf9fbb625dc5_Salad"",""e9fc4a2f-efaf-4341-b11b-bf9fbb625dc5_SaladOL"",""b69ccfaa-7ae4-4bf8-ac1f-a0a9d5fcb40f_SaladOL"",""a3f0e9a9-0cec-4adb-855a-238beeba7bf9_SaladOL"",""b69ccfaa-7ae4-4bf8-ac1f-a0a9d5fcb40f_Salad"",""9ea49cb3-212e-452f-908a-09b81601fe45_SaladOL"",""923da982-5016-4456-980f-fe08463be1e4_Salad"",""6be479f8-4a3f-4d97-8f06-0f301b0acd64_SaladOL"",""908ba92f-7e3f-40cf-a293-86847bd7f04f_SaladOL"",""74b431e8-e8ca-48fd-b5b4-ab6f32563faf_Salad"",""94e306f0-ad75-49ba-b2f1-553a5ce7c9c5_Salad"",""9869c018-45e4-4d69-80fb-dc3e7ac8cb03_Salad"",""94e306f0-ad75-49ba-b2f1-553a5ce7c9c5_SaladOL""]",33,Female,White,Non-Hispanic,2,4,Trackpad,How close the ingredients and tools needed were and the path to get to serve the food,
6905-38548cc5-c3be-4dd8-8f02-b886d54d773f,environment_design,overcooked_design,prolific-run-01132026,False,communicative,fully-interleaved,63474e67a5fd298c6103c409,chrome,1536.0,742.0,False,1768354817019.0,1768357577268.0,2760249.0,1.0,"[""ccd95ed1-36b4-46f6-a2fc-fd3f110cda80_Salad"",""6be479f8-4a3f-4d97-8f06-0f301b0acd64_Salad"",""923da982-5016-4456-980f-fe08463be1e4_Salad"",""e9fc4a2f-efaf-4341-b11b-bf9fbb625dc5_Salad"",""9869c018-45e4-4d69-80fb-dc3e7ac8cb03_SaladOL"",""6be479f8-4a3f-4d97-8f06-0f301b0acd64_SaladOL"",""ccd95ed1-36b4-46f6-a2fc-fd3f110cda80_SaladOL"",""74b431e8-e8ca-48fd-b5b4-ab6f32563faf_SaladOL"",""74b431e8-e8ca-48fd-b5b4-ab6f32563faf_Salad"",""e5abe513-7271-4d97-8f41-c67d5dc744c7_SaladOL"",""9ea49cb3-212e-452f-908a-09b81601fe45_SaladOL"",""9ea49cb3-212e-452f-908a-09b81601fe45_Salad"",""a3f0e9a9-0cec-4adb-855a-238beeba7bf9_SaladOL"",""b69ccfaa-7ae4-4bf8-ac1f-a0a9d5fcb40f_Salad"",""923da982-5016-4456-980f-fe08463be1e4_SaladOL"",""e9fc4a2f-efaf-4341-b11b-bf9fbb625dc5_SaladOL"",""9869c018-45e4-4d69-80fb-dc3e7ac8cb03_Salad"",""908ba92f-7e3f-40cf-a293-86847bd7f04f_Salad"",""b69ccfaa-7ae4-4bf8-ac1f-a0a9d5fcb40f_SaladOL"",""94e306f0-ad75-49ba-b2f1-553a5ce7c9c5_Salad"",""908ba92f-7e3f-40cf-a293-86847bd7f04f_SaladOL"",""94e306f0-ad75-49ba-b2f1-553a5ce7c9c5_SaladOL"",""e5abe513-7271-4d97-8f41-c67d5dc744c7_Salad"",""a3f0e9a9-0cec-4adb-855a-238beeba7bf9_Salad""]",33,Male,White,Non-Hispanic,2,4,Trackpad,none,no issues
6942-0bd65be1-d0fe-4375-9645-76715d1a0709,environment_design,overcooked_design,prolific-run-01132026,False,communicative,fully-interleaved,62b628e4351d179f1ff6cc59,chrome,1280.0,598.0,False,1768355822818.0,1768356188026.0,365208.0,1.0,"[""74b431e8-e8ca-48fd-b5b4-ab6f32563faf_Salad"",""923da982-5016-4456-980f-fe08463be1e4_Salad"",""9869c018-45e4-4d69-80fb-dc3e7ac8cb03_SaladOL"",""a3f0e9a9-0cec-4adb-855a-238beeba7bf9_SaladOL"",""6be479f8-4a3f-4d97-8f06-0f301b0acd64_Salad"",""e9fc4a2f-efaf-4341-b11b-bf9fbb625dc5_Salad"",""9ea49cb3-212e-452f-908a-09b81601fe45_SaladOL"",""ccd95ed1-36b4-46f6-a2fc-fd3f110cda80_Salad"",""908ba92f-7e3f-40cf-a293-86847bd7f04f_Salad"",""b69ccfaa-7ae4-4bf8-ac1f-a0a9d5fcb40f_SaladOL"",""94e306f0-ad75-49ba-b2f1-553a5ce7c9c5_Salad"",""ccd95ed1-36b4-46f6-a2fc-fd3f110cda80_SaladOL"",""9ea49cb3-212e-452f-908a-09b81601fe45_Salad"",""b69ccfaa-7ae4-4bf8-ac1f-a0a9d5fcb40f_Salad"",""6be479f8-4a3f-4d97-8f06-0f301b0acd64_SaladOL"",""a3f0e9a9-0cec-4adb-855a-238beeba7bf9_Salad"",""94e306f0-ad75-49ba-b2f1-553a5ce7c9c5_SaladOL"",""e5abe513-7271-4d97-8f41-c67d5dc744c7_SaladOL"",""9869c018-45e4-4d69-80fb-dc3e7ac8cb03_Salad"",""923da982-5016-4456-980f-fe08463be1e4_SaladOL"",""e9fc4a2f-efaf-4341-b11b-bf9fbb625dc5_SaladOL"",""908ba92f-7e3f-40cf-a293-86847bd7f04f_SaladOL"",""74b431e8-e8ca-48fd-b5b4-ab6f32563faf_SaladOL"",""e5abe513-7271-4d97-8f41-c67d5dc744c7_Salad""]",28,Female,Asian,Non-Hispanic,2,5,Trackpad,"I tried to maximize efficiency, placing important blocks along a short path",N/A
6967-ba00a7c8-9ce0-4a05-b62d-6a1e515344c8,environment_design,overcooked_design,prolific-run-01132026,False,communicative,fully-interleaved,6941ab6a6b13474510b26c70,chrome,1470.0,831.0,False,1768354163368.0,1768355108877.0,945509.0,0.0,"[""b69ccfaa-7ae4-4bf8-ac1f-a0a9d5fcb40f_SaladOL"",""6be479f8-4a3f-4d97-8f06-0f301b0acd64_SaladOL"",""a3f0e9a9-0cec-4adb-855a-238beeba7bf9_SaladOL"",""9869c018-45e4-4d69-80fb-dc3e7ac8cb03_SaladOL"",""908ba92f-7e3f-40cf-a293-86847bd7f04f_Salad"",""9ea49cb3-212e-452f-908a-09b81601fe45_SaladOL"",""9869c018-45e4-4d69-80fb-dc3e7ac8cb03_Salad"",""e5abe513-7271-4d97-8f41-c67d5dc744c7_Salad"",""a3f0e9a9-0cec-4adb-855a-238beeba7bf9_Salad"",""b69ccfaa-7ae4-4bf8-ac1f-a0a9d5fcb40f_Salad"",""74b431e8-e8ca-48fd-b5b4-ab6f32563faf_SaladOL"",""908ba92f-7e3f-40cf-a293-86847bd7f04f_SaladOL"",""74b431e8-e8ca-48fd-b5b4-ab6f32563faf_Salad"",""ccd95ed1-36b4-46f6-a2fc-fd3f110cda80_Salad"",""e5abe513-7271-4d97-8f41-c67d5dc744c7_SaladOL"",""94e306f0-ad75-49ba-b2f1-553a5ce7c9c5_SaladOL"",""9ea49cb3-212e-452f-908a-09b81601fe45_Salad"",""e9fc4a2f-efaf-4341-b11b-bf9fbb625dc5_Salad"",""923da982-5016-4456-980f-fe08463be1e4_SaladOL"",""923da982-5016-4456-980f-fe08463be1e4_Salad"",""94e306f0-ad75-49ba-b2f1-553a5ce7c9c5_Salad"",""6be479f8-4a3f-4d97-8f06-0f301b0acd64_Salad"",""ccd95ed1-36b4-46f6-a2fc-fd3f110cda80_SaladOL"",""e9fc4a2f-efaf-4341-b11b-bf9fbb625dc5_SaladOL""]",19,Female,Asian,Non-Hispanic,3,5,Trackpad,I considered how many blocks away were the cutting board and plate away from each other as well as how far were the ingredients from one another.,N/A
6969-baa149c9-cc56-45b3-a70e-6a2d89462370,environment_design,overcooked_design,prolific-run-01132026,False,communicative,fully-interleaved,67e97d506e0dfa7ff0b407c5,chrome,1280.0,585.0,False,1768368623072.0,1768369249062.0,625990.0,0.0,"[""ccd95ed1-36b4-46f6-a2fc-fd3f110cda80_Salad"",""923da982-5016-4456-980f-fe08463be1e4_SaladOL"",""923da982-5016-4456-980f-fe08463be1e4_Salad"",""9ea49cb3-212e-452f-908a-09b81601fe45_Salad"",""74b431e8-e8ca-48fd-b5b4-ab6f32563faf_SaladOL"",""9869c018-45e4-4d69-80fb-dc3e7ac8cb03_Salad"",""b69ccfaa-7ae4-4bf8-ac1f-a0a9d5fcb40f_SaladOL"",""6be479f8-4a3f-4d97-8f06-0f301b0acd64_SaladOL"",""9869c018-45e4-4d69-80fb-dc3e7ac8cb03_SaladOL"",""e9fc4a2f-efaf-4341-b11b-bf9fbb625dc5_SaladOL"",""ccd95ed1-36b4-46f6-a2fc-fd3f110cda80_SaladOL"",""908ba92f-7e3f-40cf-a293-86847bd7f04f_Salad"",""e5abe513-7271-4d97-8f41-c67d5dc744c7_SaladOL"",""94e306f0-ad75-49ba-b2f1-553a5ce7c9c5_Salad"",""6be479f8-4a3f-4d97-8f06-0f301b0acd64_Salad"",""e9fc4a2f-efaf-4341-b11b-bf9fbb625dc5_Salad"",""b69ccfaa-7ae4-4bf8-ac1f-a0a9d5fcb40f_Salad"",""94e306f0-ad75-49ba-b2f1-553a5ce7c9c5_SaladOL"",""e5abe513-7271-4d97-8f41-c67d5dc744c7_Salad"",""a3f0e9a9-0cec-4adb-855a-238beeba7bf9_Salad"",""9ea49cb3-212e-452f-908a-09b81601fe45_SaladOL"",""74b431e8-e8ca-48fd-b5b4-ab6f32563faf_Salad"",""908ba92f-7e3f-40cf-a293-86847bd7f04f_SaladOL"",""a3f0e9a9-0cec-4adb-855a-238beeba7bf9_SaladOL""]",37,Male,White,Non-Hispanic,1,5,Mouse,I had fun,
6969-c9579708-bb12-497c-b026-d11e4f6bc831,environment_design,overcooked_design,prolific-run-01132026,False,communicative,fully-interleaved,66b2c7262f4631f5eea8e729,chrome,1536.0,730.0,False,1768356250390.0,1768357664056.0,1413666.0,1.0,"[""ccd95ed1-36b4-46f6-a2fc-fd3f110cda80_Salad"",""923da982-5016-4456-980f-fe08463be1e4_Salad"",""6be479f8-4a3f-4d97-8f06-0f301b0acd64_SaladOL"",""e5abe513-7271-4d97-8f41-c67d5dc744c7_Salad"",""908ba92f-7e3f-40cf-a293-86847bd7f04f_Salad"",""e9fc4a2f-efaf-4341-b11b-bf9fbb625dc5_SaladOL"",""a3f0e9a9-0cec-4adb-855a-238beeba7bf9_Salad"",""9ea49cb3-212e-452f-908a-09b81601fe45_SaladOL"",""923da982-5016-4456-980f-fe08463be1e4_SaladOL"",""6be479f8-4a3f-4d97-8f06-0f301b0acd64_Salad"",""74b431e8-e8ca-48fd-b5b4-ab6f32563faf_SaladOL"",""9869c018-45e4-4d69-80fb-dc3e7ac8cb03_Salad"",""74b431e8-e8ca-48fd-b5b4-ab6f32563faf_Salad"",""b69ccfaa-7ae4-4bf8-ac1f-a0a9d5fcb40f_SaladOL"",""ccd95ed1-36b4-46f6-a2fc-fd3f110cda80_SaladOL"",""9ea49cb3-212e-452f-908a-09b81601fe45_Salad"",""908ba92f-7e3f-40cf-a293-86847bd7f04f_SaladOL"",""94e306f0-ad75-49ba-b2f1-553a5ce7c9c5_Salad"",""a3f0e9a9-0cec-4adb-855a-238beeba7bf9_SaladOL"",""e9fc4a2f-efaf-4341-b11b-bf9fbb625dc5_Salad"",""b69ccfaa-7ae4-4bf8-ac1f-a0a9d5fcb40f_Salad"",""94e306f0-ad75-49ba-b2f1-553a5ce7c9c5_SaladOL"",""9869c018-45e4-4d69-80fb-dc3e7ac8cb03_SaladOL"",""e5abe513-7271-4d97-8f41-c67d5dc744c7_SaladOL""]",27,Female,Black/African American,Non-Hispanic,1,5,Mouse,I just went with the easy way out and just having fun,no
6987-9a98b5e1-d13f-4331-a1e2-c4c9afde708a,environment_design,overcooked_design,prolific-run-01132026,False,base,fully-interleaved,691525ea2e1385d5abf9772e,chrome,1920.0,919.0,False,1768355241589.0,1768355981427.0,739838.0,0.0,"[""908ba92f-7e3f-40cf-a293-86847bd7f04f_Salad"",""e9fc4a2f-efaf-4341-b11b-bf9fbb625dc5_Salad"",""9ea49cb3-212e-452f-908a-09b81601fe45_SaladOL"",""923da982-5016-4456-980f-fe08463be1e4_SaladOL"",""9ea49cb3-212e-452f-908a-09b81601fe45_Salad"",""6be479f8-4a3f-4d97-8f06-0f301b0acd64_Salad"",""6be479f8-4a3f-4d97-8f06-0f301b0acd64_SaladOL"",""94e306f0-ad75-49ba-b2f1-553a5ce7c9c5_SaladOL"",""74b431e8-e8ca-48fd-b5b4-ab6f32563faf_SaladOL"",""ccd95ed1-36b4-46f6-a2fc-fd3f110cda80_Salad"",""908ba92f-7e3f-40cf-a293-86847bd7f04f_SaladOL"",""74b431e8-e8ca-48fd-b5b4-ab6f32563faf_Salad"",""b69ccfaa-7ae4-4bf8-ac1f-a0a9d5fcb40f_Salad"",""b69ccfaa-7ae4-4bf8-ac1f-a0a9d5fcb40f_SaladOL"",""a3f0e9a9-0cec-4adb-855a-238beeba7bf9_Salad"",""9869c018-45e4-4d69-80fb-dc3e7ac8cb03_SaladOL"",""e5abe513-7271-4d97-8f41-c67d5dc744c7_SaladOL"",""923da982-5016-4456-980f-fe08463be1e4_Salad"",""9869c018-45e4-4d69-80fb-dc3e7ac8cb03_Salad"",""e5abe513-7271-4d97-8f41-c67d5dc744c7_Salad"",""a3f0e9a9-0cec-4adb-855a-238beeba7bf9_SaladOL"",""ccd95ed1-36b4-46f6-a2fc-fd3f110cda80_SaladOL"",""94e306f0-ad75-49ba-b2f1-553a5ce7c9c5_Salad"",""e9fc4a2f-efaf-4341-b11b-bf9fbb625dc5_SaladOL""]",34,Male,White,Non-Hispanic,3,3,Mouse,I thought about the travel distance between stations. It reminded me of my job,I did not
7010-708c301e-b93e-47ca-8298-79536e7b7442,environment_design,overcooked_design,prolific-run-01132026,False,base,fully-interleaved,66465999853f99e3f05d5b3a,chrome,1448.0,756.0,False,1768345469495.0,1768346048533.0,579038.0,0.0,"[""6be479f8-4a3f-4d97-8f06-0f301b0acd64_SaladOL"",""923da982-5016-4456-980f-fe08463be1e4_Salad"",""9869c018-45e4-4d69-80fb-dc3e7ac8cb03_Salad"",""908ba92f-7e3f-40cf-a293-86847bd7f04f_SaladOL"",""b69ccfaa-7ae4-4bf8-ac1f-a0a9d5fcb40f_Salad"",""e5abe513-7271-4d97-8f41-c67d5dc744c7_Salad"",""94e306f0-ad75-49ba-b2f1-553a5ce7c9c5_Salad"",""9ea49cb3-212e-452f-908a-09b81601fe45_SaladOL"",""923da982-5016-4456-980f-fe08463be1e4_SaladOL"",""9869c018-45e4-4d69-80fb-dc3e7ac8cb03_SaladOL"",""908ba92f-7e3f-40cf-a293-86847bd7f04f_Salad"",""6be479f8-4a3f-4d97-8f06-0f301b0acd64_Salad"",""74b431e8-e8ca-48fd-b5b4-ab6f32563faf_SaladOL"",""a3f0e9a9-0cec-4adb-855a-238beeba7bf9_Salad"",""e5abe513-7271-4d97-8f41-c67d5dc744c7_SaladOL"",""b69ccfaa-7ae4-4bf8-ac1f-a0a9d5fcb40f_SaladOL"",""ccd95ed1-36b4-46f6-a2fc-fd3f110cda80_SaladOL"",""9ea49cb3-212e-452f-908a-09b81601fe45_Salad"",""74b431e8-e8ca-48fd-b5b4-ab6f32563faf_Salad"",""ccd95ed1-36b4-46f6-a2fc-fd3f110cda80_Salad"",""e9fc4a2f-efaf-4341-b11b-bf9fbb625dc5_SaladOL"",""a3f0e9a9-0cec-4adb-855a-238beeba7bf9_SaladOL"",""94e306f0-ad75-49ba-b2f1-553a5ce7c9c5_SaladOL"",""e9fc4a2f-efaf-4341-b11b-bf9fbb625dc5_Salad""]",30,Female,White,Non-Hispanic,1,5,Trackpad,It was fun! I tried to make it as efficient as possible and prioritize the ingredients needed for the dish,
7036-46585b28-f979-483f-8cd9-107291bc661f,environment_design,overcooked_design,prolific-run-01132026,False,base,fully-interleaved,663a818d051d030662b113e3,chrome,1440.0,812.0,False,1768356329756.0,1768357095025.0,765269.0,0.0,"[""9869c018-45e4-4d69-80fb-dc3e7ac8cb03_Salad"",""e5abe513-7271-4d97-8f41-c67d5dc744c7_SaladOL"",""74b431e8-e8ca-48fd-b5b4-ab6f32563faf_Salad"",""6be479f8-4a3f-4d97-8f06-0f301b0acd64_Salad"",""94e306f0-ad75-49ba-b2f1-553a5ce7c9c5_SaladOL"",""9ea49cb3-212e-452f-908a-09b81601fe45_SaladOL"",""6be479f8-4a3f-4d97-8f06-0f301b0acd64_SaladOL"",""923da982-5016-4456-980f-fe08463be1e4_SaladOL"",""b69ccfaa-7ae4-4bf8-ac1f-a0a9d5fcb40f_SaladOL"",""e9fc4a2f-efaf-4341-b11b-bf9fbb625dc5_Salad"",""908ba92f-7e3f-40cf-a293-86847bd7f04f_Salad"",""ccd95ed1-36b4-46f6-a2fc-fd3f110cda80_SaladOL"",""9869c018-45e4-4d69-80fb-dc3e7ac8cb03_SaladOL"",""a3f0e9a9-0cec-4adb-855a-238beeba7bf9_Salad"",""ccd95ed1-36b4-46f6-a2fc-fd3f110cda80_Salad"",""923da982-5016-4456-980f-fe08463be1e4_Salad"",""b69ccfaa-7ae4-4bf8-ac1f-a0a9d5fcb40f_Salad"",""e9fc4a2f-efaf-4341-b11b-bf9fbb625dc5_SaladOL"",""9ea49cb3-212e-452f-908a-09b81601fe45_Salad"",""e5abe513-7271-4d97-8f41-c67d5dc744c7_Salad"",""908ba92f-7e3f-40cf-a293-86847bd7f04f_SaladOL"",""74b431e8-e8ca-48fd-b5b4-ab6f32563faf_SaladOL"",""a3f0e9a9-0cec-4adb-855a-238beeba7bf9_SaladOL"",""94e306f0-ad75-49ba-b2f1-553a5ce7c9c5_Salad""]",35,Female,American Indian/Alaska Native,Non-Hispanic,4,5,Trackpad,"I tried to imagine each step in my head, and also considered the distance between the plate and the star (the end).",
7052-04c261d2-1ecf-4a71-ad95-0bc7bf8c5c21,environment_design,overcooked_design,prolific-run-01132026,False,communicative,fully-interleaved,695bf64f397b5ec13ce304b3,chrome,1280.0,593.0,False,1768354158641.0,1768355335895.0,1177254.0,0.0,"[""9ea49cb3-212e-452f-908a-09b81601fe45_Salad"",""908ba92f-7e3f-40cf-a293-86847bd7f04f_SaladOL"",""e5abe513-7271-4d97-8f41-c67d5dc744c7_Salad"",""ccd95ed1-36b4-46f6-a2fc-fd3f110cda80_SaladOL"",""e9fc4a2f-efaf-4341-b11b-bf9fbb625dc5_SaladOL"",""b69ccfaa-7ae4-4bf8-ac1f-a0a9d5fcb40f_Salad"",""a3f0e9a9-0cec-4adb-855a-238beeba7bf9_Salad"",""74b431e8-e8ca-48fd-b5b4-ab6f32563faf_SaladOL"",""9ea49cb3-212e-452f-908a-09b81601fe45_SaladOL"",""e5abe513-7271-4d97-8f41-c67d5dc744c7_SaladOL"",""94e306f0-ad75-49ba-b2f1-553a5ce7c9c5_SaladOL"",""6be479f8-4a3f-4d97-8f06-0f301b0acd64_SaladOL"",""ccd95ed1-36b4-46f6-a2fc-fd3f110cda80_Salad"",""74b431e8-e8ca-48fd-b5b4-ab6f32563faf_Salad"",""a3f0e9a9-0cec-4adb-855a-238beeba7bf9_SaladOL"",""9869c018-45e4-4d69-80fb-dc3e7ac8cb03_SaladOL"",""923da982-5016-4456-980f-fe08463be1e4_SaladOL"",""94e306f0-ad75-49ba-b2f1-553a5ce7c9c5_Salad"",""6be479f8-4a3f-4d97-8f06-0f301b0acd64_Salad"",""923da982-5016-4456-980f-fe08463be1e4_Salad"",""b69ccfaa-7ae4-4bf8-ac1f-a0a9d5fcb40f_SaladOL"",""908ba92f-7e3f-40cf-a293-86847bd7f04f_Salad"",""e9fc4a2f-efaf-4341-b11b-bf9fbb625dc5_Salad"",""9869c018-45e4-4d69-80fb-dc3e7ac8cb03_Salad""]",39,Female,White,Non-Hispanic,4,5,Trackpad,"I had to consider how to make either the tomato or the onion as inaccessible as possible, while still making the main ingredient as efficient to get as possible.  In some cases it really wasn't possible to make it entirely obviously, but for most of them there was a way.  I wish I'd designed first THEN guessed what the ingredients were so I could better understand the limitations of those designing the kitchens, then I wouldn't have gotten a couple wrong I don't think haha. ",
7105-7387c1f5-6c4e-44f6-be56-3f4f7c9f1bb5,environment_design,overcooked_design,prolific-run-01132026,False,communicative,fully-interleaved,659daa1ed4e13d6428103c1f,chrome,1280.0,585.0,False,1768359655572.0,1768360642746.0,987174.0,0.0,"[""923da982-5016-4456-980f-fe08463be1e4_SaladOL"",""b69ccfaa-7ae4-4bf8-ac1f-a0a9d5fcb40f_Salad"",""9869c018-45e4-4d69-80fb-dc3e7ac8cb03_SaladOL"",""e5abe513-7271-4d97-8f41-c67d5dc744c7_SaladOL"",""923da982-5016-4456-980f-fe08463be1e4_Salad"",""6be479f8-4a3f-4d97-8f06-0f301b0acd64_Salad"",""908ba92f-7e3f-40cf-a293-86847bd7f04f_SaladOL"",""908ba92f-7e3f-40cf-a293-86847bd7f04f_Salad"",""a3f0e9a9-0cec-4adb-855a-238beeba7bf9_SaladOL"",""74b431e8-e8ca-48fd-b5b4-ab6f32563faf_SaladOL"",""9ea49cb3-212e-452f-908a-09b81601fe45_SaladOL"",""e5abe513-7271-4d97-8f41-c67d5dc744c7_Salad"",""ccd95ed1-36b4-46f6-a2fc-fd3f110cda80_Salad"",""9ea49cb3-212e-452f-908a-09b81601fe45_Salad"",""74b431e8-e8ca-48fd-b5b4-ab6f32563faf_Salad"",""a3f0e9a9-0cec-4adb-855a-238beeba7bf9_Salad"",""e9fc4a2f-efaf-4341-b11b-bf9fbb625dc5_Salad"",""94e306f0-ad75-49ba-b2f1-553a5ce7c9c5_SaladOL"",""e9fc4a2f-efaf-4341-b11b-bf9fbb625dc5_SaladOL"",""6be479f8-4a3f-4d97-8f06-0f301b0acd64_SaladOL"",""9869c018-45e4-4d69-80fb-dc3e7ac8cb03_Salad"",""ccd95ed1-36b4-46f6-a2fc-fd3f110cda80_SaladOL"",""b69ccfaa-7ae4-4bf8-ac1f-a0a9d5fcb40f_SaladOL"",""94e306f0-ad75-49ba-b2f1-553a5ce7c9c5_Salad""]",60,Female,Asian,Non-Hispanic,3,5,Mouse,I just played around with the design.,none
7132-8a09c76b-ece1-4f31-9afb-44a449ec7ed2,environment_design,overcooked_design,prolific-run-01132026,False,base,fully-interleaved,675e02029aa335ffeda0b1e0,chrome,1536.0,730.0,False,1768354920702.0,1768355617025.0,696323.0,0.0,"[""e5abe513-7271-4d97-8f41-c67d5dc744c7_SaladOL"",""908ba92f-7e3f-40cf-a293-86847bd7f04f_Salad"",""ccd95ed1-36b4-46f6-a2fc-fd3f110cda80_Salad"",""9ea49cb3-212e-452f-908a-09b81601fe45_Salad"",""6be479f8-4a3f-4d97-8f06-0f301b0acd64_SaladOL"",""74b431e8-e8ca-48fd-b5b4-ab6f32563faf_Salad"",""e9fc4a2f-efaf-4341-b11b-bf9fbb625dc5_Salad"",""6be479f8-4a3f-4d97-8f06-0f301b0acd64_Salad"",""94e306f0-ad75-49ba-b2f1-553a5ce7c9c5_Salad"",""b69ccfaa-7ae4-4bf8-ac1f-a0a9d5fcb40f_Salad"",""ccd95ed1-36b4-46f6-a2fc-fd3f110cda80_SaladOL"",""a3f0e9a9-0cec-4adb-855a-238beeba7bf9_SaladOL"",""e9fc4a2f-efaf-4341-b11b-bf9fbb625dc5_SaladOL"",""9ea49cb3-212e-452f-908a-09b81601fe45_SaladOL"",""923da982-5016-4456-980f-fe08463be1e4_Salad"",""908ba92f-7e3f-40cf-a293-86847bd7f04f_SaladOL"",""9869c018-45e4-4d69-80fb-dc3e7ac8cb03_SaladOL"",""94e306f0-ad75-49ba-b2f1-553a5ce7c9c5_SaladOL"",""e5abe513-7271-4d97-8f41-c67d5dc744c7_Salad"",""9869c018-45e4-4d69-80fb-dc3e7ac8cb03_Salad"",""a3f0e9a9-0cec-4adb-855a-238beeba7bf9_Salad"",""74b431e8-e8ca-48fd-b5b4-ab6f32563faf_SaladOL"",""923da982-5016-4456-980f-fe08463be1e4_SaladOL"",""b69ccfaa-7ae4-4bf8-ac1f-a0a9d5fcb40f_SaladOL""]",34,Male,White,Non-Hispanic,2,5,Trackpad,What placement would provide the least steps,N/A
7233-ab7db555-7c04-4b89-858d-3a86ebdff958,environment_design,overcooked_design,prolific-run-01132026,False,communicative,fully-interleaved,5b5c8d4e10aec90001ed4bee,chrome,1920.0,911.0,False,1768354514614.0,1768354974689.0,460075.0,0.0,"[""9869c018-45e4-4d69-80fb-dc3e7ac8cb03_SaladOL"",""923da982-5016-4456-980f-fe08463be1e4_Salad"",""e5abe513-7271-4d97-8f41-c67d5dc744c7_Salad"",""a3f0e9a9-0cec-4adb-855a-238beeba7bf9_Salad"",""94e306f0-ad75-49ba-b2f1-553a5ce7c9c5_Salad"",""ccd95ed1-36b4-46f6-a2fc-fd3f110cda80_Salad"",""923da982-5016-4456-980f-fe08463be1e4_SaladOL"",""a3f0e9a9-0cec-4adb-855a-238beeba7bf9_SaladOL"",""9ea49cb3-212e-452f-908a-09b81601fe45_SaladOL"",""9ea49cb3-212e-452f-908a-09b81601fe45_Salad"",""908ba92f-7e3f-40cf-a293-86847bd7f04f_Salad"",""ccd95ed1-36b4-46f6-a2fc-fd3f110cda80_SaladOL"",""6be479f8-4a3f-4d97-8f06-0f301b0acd64_Salad"",""e9fc4a2f-efaf-4341-b11b-bf9fbb625dc5_Salad"",""74b431e8-e8ca-48fd-b5b4-ab6f32563faf_SaladOL"",""e9fc4a2f-efaf-4341-b11b-bf9fbb625dc5_SaladOL"",""6be479f8-4a3f-4d97-8f06-0f301b0acd64_SaladOL"",""e5abe513-7271-4d97-8f41-c67d5dc744c7_SaladOL"",""b69ccfaa-7ae4-4bf8-ac1f-a0a9d5fcb40f_SaladOL"",""b69ccfaa-7ae4-4bf8-ac1f-a0a9d5fcb40f_Salad"",""9869c018-45e4-4d69-80fb-dc3e7ac8cb03_Salad"",""74b431e8-e8ca-48fd-b5b4-ab6f32563faf_Salad"",""94e306f0-ad75-49ba-b2f1-553a5ce7c9c5_SaladOL"",""908ba92f-7e3f-40cf-a293-86847bd7f04f_SaladOL""]",26,Female,White,Non-Hispanic,3,4,Mouse,I tried to group as much relevant things near each other as possible,
7398-6ab6cb84-a4b8-4c1b-b274-9cac669e5fbe,environment_design,overcooked_design,prolific-run-01132026,False,communicative,fully-interleaved,66295979973d480359d7ddee,chrome,1536.0,742.0,False,1768343370338.0,1768344534645.0,1164307.0,0.0,"[""b69ccfaa-7ae4-4bf8-ac1f-a0a9d5fcb40f_Salad"",""a3f0e9a9-0cec-4adb-855a-238beeba7bf9_SaladOL"",""923da982-5016-4456-980f-fe08463be1e4_Salad"",""74b431e8-e8ca-48fd-b5b4-ab6f32563faf_SaladOL"",""e5abe513-7271-4d97-8f41-c67d5dc744c7_SaladOL"",""9ea49cb3-212e-452f-908a-09b81601fe45_SaladOL"",""9869c018-45e4-4d69-80fb-dc3e7ac8cb03_Salad"",""94e306f0-ad75-49ba-b2f1-553a5ce7c9c5_Salad"",""e5abe513-7271-4d97-8f41-c67d5dc744c7_Salad"",""a3f0e9a9-0cec-4adb-855a-238beeba7bf9_Salad"",""908ba92f-7e3f-40cf-a293-86847bd7f04f_Salad"",""b69ccfaa-7ae4-4bf8-ac1f-a0a9d5fcb40f_SaladOL"",""e9fc4a2f-efaf-4341-b11b-bf9fbb625dc5_Salad"",""ccd95ed1-36b4-46f6-a2fc-fd3f110cda80_Salad"",""908ba92f-7e3f-40cf-a293-86847bd7f04f_SaladOL"",""9ea49cb3-212e-452f-908a-09b81601fe45_Salad"",""74b431e8-e8ca-48fd-b5b4-ab6f32563faf_Salad"",""ccd95ed1-36b4-46f6-a2fc-fd3f110cda80_SaladOL"",""923da982-5016-4456-980f-fe08463be1e4_SaladOL"",""94e306f0-ad75-49ba-b2f1-553a5ce7c9c5_SaladOL"",""e9fc4a2f-efaf-4341-b11b-bf9fbb625dc5_SaladOL"",""6be479f8-4a3f-4d97-8f06-0f301b0acd64_SaladOL"",""6be479f8-4a3f-4d97-8f06-0f301b0acd64_Salad"",""9869c018-45e4-4d69-80fb-dc3e7ac8cb03_SaladOL""]",53,Female,White,Non-Hispanic,3,4,Trackpad,I considered how many steps the chef would need to use to gather and move all the elements.  I considered where each item was located and where the drop off was located.  I tried to keep an open plan for the chef to more easily move around the space.  I tried to keep the ingredients as close together as possible or as easy to reach as possible. ,No issues. 
7435-784ecb8c-b4b3-4ee1-a4da-0a752ab6c113,environment_design,overcooked_design,prolific-run-01132026,False,base,fully-interleaved,6054e5f7c1931593649b158f,chrome,1536.0,738.0,False,1768347723835.0,1768348188150.0,464315.0,1.0,"[""ccd95ed1-36b4-46f6-a2fc-fd3f110cda80_Salad"",""94e306f0-ad75-49ba-b2f1-553a5ce7c9c5_SaladOL"",""9869c018-45e4-4d69-80fb-dc3e7ac8cb03_Salad"",""908ba92f-7e3f-40cf-a293-86847bd7f04f_SaladOL"",""b69ccfaa-7ae4-4bf8-ac1f-a0a9d5fcb40f_Salad"",""6be479f8-4a3f-4d97-8f06-0f301b0acd64_Salad"",""74b431e8-e8ca-48fd-b5b4-ab6f32563faf_SaladOL"",""9ea49cb3-212e-452f-908a-09b81601fe45_Salad"",""74b431e8-e8ca-48fd-b5b4-ab6f32563faf_Salad"",""e5abe513-7271-4d97-8f41-c67d5dc744c7_Salad"",""94e306f0-ad75-49ba-b2f1-553a5ce7c9c5_Salad"",""b69ccfaa-7ae4-4bf8-ac1f-a0a9d5fcb40f_SaladOL"",""9ea49cb3-212e-452f-908a-09b81601fe45_SaladOL"",""923da982-5016-4456-980f-fe08463be1e4_Salad"",""6be479f8-4a3f-4d97-8f06-0f301b0acd64_SaladOL"",""908ba92f-7e3f-40cf-a293-86847bd7f04f_Salad"",""e9fc4a2f-efaf-4341-b11b-bf9fbb625dc5_Salad"",""e9fc4a2f-efaf-4341-b11b-bf9fbb625dc5_SaladOL"",""a3f0e9a9-0cec-4adb-855a-238beeba7bf9_Salad"",""a3f0e9a9-0cec-4adb-855a-238beeba7bf9_SaladOL"",""9869c018-45e4-4d69-80fb-dc3e7ac8cb03_SaladOL"",""923da982-5016-4456-980f-fe08463be1e4_SaladOL"",""e5abe513-7271-4d97-8f41-c67d5dc744c7_SaladOL"",""ccd95ed1-36b4-46f6-a2fc-fd3f110cda80_SaladOL""]",22,Male,Asian,Non-Hispanic,2,4,Mouse,mainly how close the stuff was next to the knife and late,
7452-6d7ef7af-fddc-45d2-9579-d0700769b2b3,environment_design,overcooked_design,prolific-run-01132026,False,base,fully-interleaved,671ab0904de8eb7273ae9d42,chrome,1738.0,943.0,False,1768354478992.0,1768355442741.0,963749.0,1.0,"[""e9fc4a2f-efaf-4341-b11b-bf9fbb625dc5_SaladOL"",""94e306f0-ad75-49ba-b2f1-553a5ce7c9c5_SaladOL"",""908ba92f-7e3f-40cf-a293-86847bd7f04f_Salad"",""a3f0e9a9-0cec-4adb-855a-238beeba7bf9_Salad"",""b69ccfaa-7ae4-4bf8-ac1f-a0a9d5fcb40f_Salad"",""9ea49cb3-212e-452f-908a-09b81601fe45_SaladOL"",""923da982-5016-4456-980f-fe08463be1e4_SaladOL"",""ccd95ed1-36b4-46f6-a2fc-fd3f110cda80_SaladOL"",""e5abe513-7271-4d97-8f41-c67d5dc744c7_SaladOL"",""6be479f8-4a3f-4d97-8f06-0f301b0acd64_SaladOL"",""908ba92f-7e3f-40cf-a293-86847bd7f04f_SaladOL"",""e5abe513-7271-4d97-8f41-c67d5dc744c7_Salad"",""6be479f8-4a3f-4d97-8f06-0f301b0acd64_Salad"",""74b431e8-e8ca-48fd-b5b4-ab6f32563faf_Salad"",""74b431e8-e8ca-48fd-b5b4-ab6f32563faf_SaladOL"",""a3f0e9a9-0cec-4adb-855a-238beeba7bf9_SaladOL"",""9869c018-45e4-4d69-80fb-dc3e7ac8cb03_SaladOL"",""9ea49cb3-212e-452f-908a-09b81601fe45_Salad"",""9869c018-45e4-4d69-80fb-dc3e7ac8cb03_Salad"",""923da982-5016-4456-980f-fe08463be1e4_Salad"",""b69ccfaa-7ae4-4bf8-ac1f-a0a9d5fcb40f_SaladOL"",""e9fc4a2f-efaf-4341-b11b-bf9fbb625dc5_Salad"",""94e306f0-ad75-49ba-b2f1-553a5ce7c9c5_Salad"",""ccd95ed1-36b4-46f6-a2fc-fd3f110cda80_Salad""]",55,Female,Black/African American,Non-Hispanic,3,5,Mouse,That was fun not what I was expecting at all ,No issues with the study 
7480-3e42ba37-771b-41a3-a2c1-df5015fca97d,environment_design,overcooked_design,prolific-run-01132026,False,base,fully-interleaved,610a151c96de07b15f28c8cb,chrome,1536.0,756.0,False,1768356048620.0,1768357177500.0,1128880.0,0.0,"[""e5abe513-7271-4d97-8f41-c67d5dc744c7_SaladOL"",""a3f0e9a9-0cec-4adb-855a-238beeba7bf9_SaladOL"",""9ea49cb3-212e-452f-908a-09b81601fe45_Salad"",""923da982-5016-4456-980f-fe08463be1e4_SaladOL"",""74b431e8-e8ca-48fd-b5b4-ab6f32563faf_SaladOL"",""9ea49cb3-212e-452f-908a-09b81601fe45_SaladOL"",""908ba92f-7e3f-40cf-a293-86847bd7f04f_SaladOL"",""a3f0e9a9-0cec-4adb-855a-238beeba7bf9_Salad"",""94e306f0-ad75-49ba-b2f1-553a5ce7c9c5_Salad"",""74b431e8-e8ca-48fd-b5b4-ab6f32563faf_Salad"",""e9fc4a2f-efaf-4341-b11b-bf9fbb625dc5_Salad"",""923da982-5016-4456-980f-fe08463be1e4_Salad"",""b69ccfaa-7ae4-4bf8-ac1f-a0a9d5fcb40f_Salad"",""ccd95ed1-36b4-46f6-a2fc-fd3f110cda80_Salad"",""e9fc4a2f-efaf-4341-b11b-bf9fbb625dc5_SaladOL"",""6be479f8-4a3f-4d97-8f06-0f301b0acd64_Salad"",""e5abe513-7271-4d97-8f41-c67d5dc744c7_Salad"",""9869c018-45e4-4d69-80fb-dc3e7ac8cb03_SaladOL"",""9869c018-45e4-4d69-80fb-dc3e7ac8cb03_Salad"",""ccd95ed1-36b4-46f6-a2fc-fd3f110cda80_SaladOL"",""b69ccfaa-7ae4-4bf8-ac1f-a0a9d5fcb40f_SaladOL"",""908ba92f-7e3f-40cf-a293-86847bd7f04f_Salad"",""6be479f8-4a3f-4d97-8f06-0f301b0acd64_SaladOL"",""94e306f0-ad75-49ba-b2f1-553a5ce7c9c5_SaladOL""]",62,Male,White,Non-Hispanic,2,5,Mouse,"I tried to put the furniture as close to the other needed objects in the kitchen, reducing the number of steps as much as I could.",
7481-edc06b15-cf34-4434-b8c7-22df0c7b50d1,environment_design,overcooked_design,prolific-run-01132026,False,base,fully-interleaved,669848fdede92c5266783127,chrome,1536.0,695.0,False,1768354162548.0,1768354765786.0,603238.0,0.0,"[""e5abe513-7271-4d97-8f41-c67d5dc744c7_SaladOL"",""923da982-5016-4456-980f-fe08463be1e4_SaladOL"",""a3f0e9a9-0cec-4adb-855a-238beeba7bf9_SaladOL"",""908ba92f-7e3f-40cf-a293-86847bd7f04f_SaladOL"",""908ba92f-7e3f-40cf-a293-86847bd7f04f_Salad"",""ccd95ed1-36b4-46f6-a2fc-fd3f110cda80_SaladOL"",""923da982-5016-4456-980f-fe08463be1e4_Salad"",""74b431e8-e8ca-48fd-b5b4-ab6f32563faf_SaladOL"",""b69ccfaa-7ae4-4bf8-ac1f-a0a9d5fcb40f_SaladOL"",""6be479f8-4a3f-4d97-8f06-0f301b0acd64_Salad"",""e5abe513-7271-4d97-8f41-c67d5dc744c7_Salad"",""a3f0e9a9-0cec-4adb-855a-238beeba7bf9_Salad"",""94e306f0-ad75-49ba-b2f1-553a5ce7c9c5_SaladOL"",""9ea49cb3-212e-452f-908a-09b81601fe45_SaladOL"",""9869c018-45e4-4d69-80fb-dc3e7ac8cb03_SaladOL"",""e9fc4a2f-efaf-4341-b11b-bf9fbb625dc5_Salad"",""94e306f0-ad75-49ba-b2f1-553a5ce7c9c5_Salad"",""9ea49cb3-212e-452f-908a-09b81601fe45_Salad"",""e9fc4a2f-efaf-4341-b11b-bf9fbb625dc5_SaladOL"",""74b431e8-e8ca-48fd-b5b4-ab6f32563faf_Salad"",""ccd95ed1-36b4-46f6-a2fc-fd3f110cda80_Salad"",""b69ccfaa-7ae4-4bf8-ac1f-a0a9d5fcb40f_Salad"",""6be479f8-4a3f-4d97-8f06-0f301b0acd64_SaladOL"",""9869c018-45e4-4d69-80fb-dc3e7ac8cb03_Salad""]",37,Male,Black/African American,Non-Hispanic,3,3,Trackpad,Giving basic open space to walk.,
7548-79bb672d-b2b2-4dc6-91c6-e48b0a0ac95d,environment_design,overcooked_design,prolific-run-01132026,False,communicative,fully-interleaved,57a93244dcff7d0001c7d86f,chrome,1536.0,747.0,False,1768354408462.0,1768355242320.0,833858.0,0.0,"[""94e306f0-ad75-49ba-b2f1-553a5ce7c9c5_SaladOL"",""e5abe513-7271-4d97-8f41-c67d5dc744c7_SaladOL"",""6be479f8-4a3f-4d97-8f06-0f301b0acd64_SaladOL"",""9ea49cb3-212e-452f-908a-09b81601fe45_Salad"",""a3f0e9a9-0cec-4adb-855a-238beeba7bf9_SaladOL"",""9ea49cb3-212e-452f-908a-09b81601fe45_SaladOL"",""74b431e8-e8ca-48fd-b5b4-ab6f32563faf_Salad"",""e9fc4a2f-efaf-4341-b11b-bf9fbb625dc5_Salad"",""908ba92f-7e3f-40cf-a293-86847bd7f04f_Salad"",""9869c018-45e4-4d69-80fb-dc3e7ac8cb03_Salad"",""a3f0e9a9-0cec-4adb-855a-238beeba7bf9_Salad"",""e5abe513-7271-4d97-8f41-c67d5dc744c7_Salad"",""923da982-5016-4456-980f-fe08463be1e4_SaladOL"",""e9fc4a2f-efaf-4341-b11b-bf9fbb625dc5_SaladOL"",""908ba92f-7e3f-40cf-a293-86847bd7f04f_SaladOL"",""b69ccfaa-7ae4-4bf8-ac1f-a0a9d5fcb40f_Salad"",""923da982-5016-4456-980f-fe08463be1e4_Salad"",""6be479f8-4a3f-4d97-8f06-0f301b0acd64_Salad"",""ccd95ed1-36b4-46f6-a2fc-fd3f110cda80_SaladOL"",""b69ccfaa-7ae4-4bf8-ac1f-a0a9d5fcb40f_SaladOL"",""9869c018-45e4-4d69-80fb-dc3e7ac8cb03_SaladOL"",""94e306f0-ad75-49ba-b2f1-553a5ce7c9c5_Salad"",""ccd95ed1-36b4-46f6-a2fc-fd3f110cda80_Salad"",""74b431e8-e8ca-48fd-b5b4-ab6f32563faf_SaladOL""]",31,Female,White,Non-Hispanic,1,5,Trackpad,"I tried to make the needed ingredients be as close to each other as possible, so the chef could both take less steps and guess the right dish they were supposed to make.",
7576-0279d9b6-bb35-4760-8761-1811dd06b1d5,environment_design,overcooked_design,prolific-run-01132026,False,communicative,fully-interleaved,66a4b71e4e2313876dfec9fc,chrome,1536.0,730.0,False,1768355892753.0,1768356586113.0,693360.0,2.0,"[""9869c018-45e4-4d69-80fb-dc3e7ac8cb03_SaladOL"",""e5abe513-7271-4d97-8f41-c67d5dc744c7_Salad"",""9ea49cb3-212e-452f-908a-09b81601fe45_SaladOL"",""9869c018-45e4-4d69-80fb-dc3e7ac8cb03_Salad"",""908ba92f-7e3f-40cf-a293-86847bd7f04f_SaladOL"",""b69ccfaa-7ae4-4bf8-ac1f-a0a9d5fcb40f_Salad"",""a3f0e9a9-0cec-4adb-855a-238beeba7bf9_Salad"",""94e306f0-ad75-49ba-b2f1-553a5ce7c9c5_SaladOL"",""908ba92f-7e3f-40cf-a293-86847bd7f04f_Salad"",""74b431e8-e8ca-48fd-b5b4-ab6f32563faf_Salad"",""e9fc4a2f-efaf-4341-b11b-bf9fbb625dc5_Salad"",""e5abe513-7271-4d97-8f41-c67d5dc744c7_SaladOL"",""74b431e8-e8ca-48fd-b5b4-ab6f32563faf_SaladOL"",""e9fc4a2f-efaf-4341-b11b-bf9fbb625dc5_SaladOL"",""94e306f0-ad75-49ba-b2f1-553a5ce7c9c5_Salad"",""9ea49cb3-212e-452f-908a-09b81601fe45_Salad"",""6be479f8-4a3f-4d97-8f06-0f301b0acd64_Salad"",""ccd95ed1-36b4-46f6-a2fc-fd3f110cda80_SaladOL"",""6be479f8-4a3f-4d97-8f06-0f301b0acd64_SaladOL"",""b69ccfaa-7ae4-4bf8-ac1f-a0a9d5fcb40f_SaladOL"",""923da982-5016-4456-980f-fe08463be1e4_Salad"",""ccd95ed1-36b4-46f6-a2fc-fd3f110cda80_Salad"",""923da982-5016-4456-980f-fe08463be1e4_SaladOL"",""a3f0e9a9-0cec-4adb-855a-238beeba7bf9_SaladOL""]",24,Female,Black/African American,Non-Hispanic,1,5,Mouse,Placed objects closed to each other,I did not.
7590-dd284ddf-e974-4013-a342-b413bf8d180d,environment_design,overcooked_design,prolific-run-01132026,False,communicative,fully-interleaved,691dfaf764d87fff5030d0ca,chrome,1920.0,893.0,False,1768354551659.0,1768355371257.0,819598.0,0.0,"[""6be479f8-4a3f-4d97-8f06-0f301b0acd64_Salad"",""e9fc4a2f-efaf-4341-b11b-bf9fbb625dc5_SaladOL"",""b69ccfaa-7ae4-4bf8-ac1f-a0a9d5fcb40f_SaladOL"",""94e306f0-ad75-49ba-b2f1-553a5ce7c9c5_Salad"",""9869c018-45e4-4d69-80fb-dc3e7ac8cb03_SaladOL"",""9ea49cb3-212e-452f-908a-09b81601fe45_SaladOL"",""ccd95ed1-36b4-46f6-a2fc-fd3f110cda80_SaladOL"",""908ba92f-7e3f-40cf-a293-86847bd7f04f_SaladOL"",""74b431e8-e8ca-48fd-b5b4-ab6f32563faf_SaladOL"",""923da982-5016-4456-980f-fe08463be1e4_Salad"",""923da982-5016-4456-980f-fe08463be1e4_SaladOL"",""a3f0e9a9-0cec-4adb-855a-238beeba7bf9_Salad"",""e5abe513-7271-4d97-8f41-c67d5dc744c7_SaladOL"",""ccd95ed1-36b4-46f6-a2fc-fd3f110cda80_Salad"",""9ea49cb3-212e-452f-908a-09b81601fe45_Salad"",""b69ccfaa-7ae4-4bf8-ac1f-a0a9d5fcb40f_Salad"",""e5abe513-7271-4d97-8f41-c67d5dc744c7_Salad"",""a3f0e9a9-0cec-4adb-855a-238beeba7bf9_SaladOL"",""e9fc4a2f-efaf-4341-b11b-bf9fbb625dc5_Salad"",""6be479f8-4a3f-4d97-8f06-0f301b0acd64_SaladOL"",""74b431e8-e8ca-48fd-b5b4-ab6f32563faf_Salad"",""908ba92f-7e3f-40cf-a293-86847bd7f04f_Salad"",""94e306f0-ad75-49ba-b2f1-553a5ce7c9c5_SaladOL"",""9869c018-45e4-4d69-80fb-dc3e7ac8cb03_Salad""]",31,Female,White,Non-Hispanic,4,5,Trackpad,i thought about where they would walk into and if there were ways to block what they didn't need. no other comments though!,none
7644-52189b2f-0c92-463a-9a89-f125a8743259,environment_design,overcooked_design,prolific-run-01132026,False,base,fully-interleaved,669f0372343e26023ee5c023,chrome,1280.0,598.0,False,1768356159243.0,1768357648624.0,1489381.0,1.0,"[""b69ccfaa-7ae4-4bf8-ac1f-a0a9d5fcb40f_Salad"",""9ea49cb3-212e-452f-908a-09b81601fe45_Salad"",""9ea49cb3-212e-452f-908a-09b81601fe45_SaladOL"",""6be479f8-4a3f-4d97-8f06-0f301b0acd64_SaladOL"",""a3f0e9a9-0cec-4adb-855a-238beeba7bf9_SaladOL"",""9869c018-45e4-4d69-80fb-dc3e7ac8cb03_SaladOL"",""94e306f0-ad75-49ba-b2f1-553a5ce7c9c5_SaladOL"",""74b431e8-e8ca-48fd-b5b4-ab6f32563faf_Salad"",""923da982-5016-4456-980f-fe08463be1e4_SaladOL"",""94e306f0-ad75-49ba-b2f1-553a5ce7c9c5_Salad"",""e5abe513-7271-4d97-8f41-c67d5dc744c7_SaladOL"",""ccd95ed1-36b4-46f6-a2fc-fd3f110cda80_Salad"",""74b431e8-e8ca-48fd-b5b4-ab6f32563faf_SaladOL"",""e9fc4a2f-efaf-4341-b11b-bf9fbb625dc5_SaladOL"",""9869c018-45e4-4d69-80fb-dc3e7ac8cb03_Salad"",""a3f0e9a9-0cec-4adb-855a-238beeba7bf9_Salad"",""b69ccfaa-7ae4-4bf8-ac1f-a0a9d5fcb40f_SaladOL"",""908ba92f-7e3f-40cf-a293-86847bd7f04f_Salad"",""e9fc4a2f-efaf-4341-b11b-bf9fbb625dc5_Salad"",""ccd95ed1-36b4-46f6-a2fc-fd3f110cda80_SaladOL"",""e5abe513-7271-4d97-8f41-c67d5dc744c7_Salad"",""923da982-5016-4456-980f-fe08463be1e4_Salad"",""908ba92f-7e3f-40cf-a293-86847bd7f04f_SaladOL"",""6be479f8-4a3f-4d97-8f06-0f301b0acd64_Salad""]",69,Female,Black/African American,Non-Hispanic,3,5,Mouse,The number of steps the cook will take to prepare the salad.,
7700-54c5a69b-c2c6-44ac-b054-ce2ebfcac347,environment_design,overcooked_design,prolific-run-01132026,False,communicative,fully-interleaved,5e991aaac7bc1615ea5b3eb8,safari,1470.0,833.0,False,1768354495366.0,1768355741233.0,1245867.0,0.0,"[""e5abe513-7271-4d97-8f41-c67d5dc744c7_SaladOL"",""a3f0e9a9-0cec-4adb-855a-238beeba7bf9_SaladOL"",""923da982-5016-4456-980f-fe08463be1e4_SaladOL"",""94e306f0-ad75-49ba-b2f1-553a5ce7c9c5_SaladOL"",""b69ccfaa-7ae4-4bf8-ac1f-a0a9d5fcb40f_Salad"",""ccd95ed1-36b4-46f6-a2fc-fd3f110cda80_SaladOL"",""b69ccfaa-7ae4-4bf8-ac1f-a0a9d5fcb40f_SaladOL"",""9869c018-45e4-4d69-80fb-dc3e7ac8cb03_SaladOL"",""74b431e8-e8ca-48fd-b5b4-ab6f32563faf_Salad"",""9869c018-45e4-4d69-80fb-dc3e7ac8cb03_Salad"",""923da982-5016-4456-980f-fe08463be1e4_Salad"",""6be479f8-4a3f-4d97-8f06-0f301b0acd64_Salad"",""74b431e8-e8ca-48fd-b5b4-ab6f32563faf_SaladOL"",""e5abe513-7271-4d97-8f41-c67d5dc744c7_Salad"",""908ba92f-7e3f-40cf-a293-86847bd7f04f_Salad"",""94e306f0-ad75-49ba-b2f1-553a5ce7c9c5_Salad"",""908ba92f-7e3f-40cf-a293-86847bd7f04f_SaladOL"",""9ea49cb3-212e-452f-908a-09b81601fe45_SaladOL"",""a3f0e9a9-0cec-4adb-855a-238beeba7bf9_Salad"",""9ea49cb3-212e-452f-908a-09b81601fe45_Salad"",""e9fc4a2f-efaf-4341-b11b-bf9fbb625dc5_Salad"",""ccd95ed1-36b4-46f6-a2fc-fd3f110cda80_Salad"",""6be479f8-4a3f-4d97-8f06-0f301b0acd64_SaladOL"",""e9fc4a2f-efaf-4341-b11b-bf9fbb625dc5_SaladOL""]",67,Female,White,Non-Hispanic,3,5,Trackpad,"Which salad to prepare, distance",
7767-2a92cd4a-ebc5-40e4-8c68-459b73614a2b,environment_design,overcooked_design,prolific-run-01132026,False,base,fully-interleaved,674cb1e5dd135ab435dece3f,chrome,1920.0,929.0,False,1768355761472.0,1768356644722.0,883250.0,0.0,"[""908ba92f-7e3f-40cf-a293-86847bd7f04f_SaladOL"",""b69ccfaa-7ae4-4bf8-ac1f-a0a9d5fcb40f_Salad"",""e9fc4a2f-efaf-4341-b11b-bf9fbb625dc5_Salad"",""908ba92f-7e3f-40cf-a293-86847bd7f04f_Salad"",""9869c018-45e4-4d69-80fb-dc3e7ac8cb03_Salad"",""9ea49cb3-212e-452f-908a-09b81601fe45_Salad"",""b69ccfaa-7ae4-4bf8-ac1f-a0a9d5fcb40f_SaladOL"",""74b431e8-e8ca-48fd-b5b4-ab6f32563faf_SaladOL"",""94e306f0-ad75-49ba-b2f1-553a5ce7c9c5_SaladOL"",""94e306f0-ad75-49ba-b2f1-553a5ce7c9c5_Salad"",""9ea49cb3-212e-452f-908a-09b81601fe45_SaladOL"",""923da982-5016-4456-980f-fe08463be1e4_SaladOL"",""a3f0e9a9-0cec-4adb-855a-238beeba7bf9_SaladOL"",""9869c018-45e4-4d69-80fb-dc3e7ac8cb03_SaladOL"",""e5abe513-7271-4d97-8f41-c67d5dc744c7_SaladOL"",""a3f0e9a9-0cec-4adb-855a-238beeba7bf9_Salad"",""ccd95ed1-36b4-46f6-a2fc-fd3f110cda80_SaladOL"",""74b431e8-e8ca-48fd-b5b4-ab6f32563faf_Salad"",""e5abe513-7271-4d97-8f41-c67d5dc744c7_Salad"",""923da982-5016-4456-980f-fe08463be1e4_Salad"",""6be479f8-4a3f-4d97-8f06-0f301b0acd64_Salad"",""e9fc4a2f-efaf-4341-b11b-bf9fbb625dc5_SaladOL"",""ccd95ed1-36b4-46f6-a2fc-fd3f110cda80_Salad"",""6be479f8-4a3f-4d97-8f06-0f301b0acd64_SaladOL""]",59,Female,White,Non-Hispanic,3,4,Mouse,I just tried to keep the steps down and things close together.,none
7819-72f9a158-5153-4fce-8fdd-dcfa79d9b393,environment_design,overcooked_design,prolific-run-01132026,False,base,fully-interleaved,59ac5e9f9fdf6c0001cba8bf,chrome,1875.0,913.0,False,1768341663645.0,1768342287905.0,624260.0,1.0,"[""9ea49cb3-212e-452f-908a-09b81601fe45_SaladOL"",""9869c018-45e4-4d69-80fb-dc3e7ac8cb03_Salad"",""94e306f0-ad75-49ba-b2f1-553a5ce7c9c5_SaladOL"",""a3f0e9a9-0cec-4adb-855a-238beeba7bf9_Salad"",""9869c018-45e4-4d69-80fb-dc3e7ac8cb03_SaladOL"",""6be479f8-4a3f-4d97-8f06-0f301b0acd64_SaladOL"",""b69ccfaa-7ae4-4bf8-ac1f-a0a9d5fcb40f_SaladOL"",""908ba92f-7e3f-40cf-a293-86847bd7f04f_SaladOL"",""923da982-5016-4456-980f-fe08463be1e4_Salad"",""74b431e8-e8ca-48fd-b5b4-ab6f32563faf_SaladOL"",""e9fc4a2f-efaf-4341-b11b-bf9fbb625dc5_Salad"",""9ea49cb3-212e-452f-908a-09b81601fe45_Salad"",""e5abe513-7271-4d97-8f41-c67d5dc744c7_Salad"",""e5abe513-7271-4d97-8f41-c67d5dc744c7_SaladOL"",""a3f0e9a9-0cec-4adb-855a-238beeba7bf9_SaladOL"",""ccd95ed1-36b4-46f6-a2fc-fd3f110cda80_SaladOL"",""b69ccfaa-7ae4-4bf8-ac1f-a0a9d5fcb40f_Salad"",""6be479f8-4a3f-4d97-8f06-0f301b0acd64_Salad"",""94e306f0-ad75-49ba-b2f1-553a5ce7c9c5_Salad"",""74b431e8-e8ca-48fd-b5b4-ab6f32563faf_Salad"",""908ba92f-7e3f-40cf-a293-86847bd7f04f_Salad"",""923da982-5016-4456-980f-fe08463be1e4_SaladOL"",""e9fc4a2f-efaf-4341-b11b-bf9fbb625dc5_SaladOL"",""ccd95ed1-36b4-46f6-a2fc-fd3f110cda80_Salad""]",32,Male,Black/African American,Non-Hispanic,1,4,Mouse,I considered how the placement of furniture might block the chef and how close I could get everything to reduce the steps taken.,
7871-674f8b52-52ae-4c17-b112-54b350117c9d,environment_design,overcooked_design,prolific-run-01132026,False,communicative,fully-interleaved,66202bf7f2f540fe348b8430,edge-chromium,1672.0,964.0,False,1768349117377.0,1768349971785.0,854408.0,0.0,"[""a3f0e9a9-0cec-4adb-855a-238beeba7bf9_Salad"",""ccd95ed1-36b4-46f6-a2fc-fd3f110cda80_SaladOL"",""9ea49cb3-212e-452f-908a-09b81601fe45_Salad"",""9ea49cb3-212e-452f-908a-09b81601fe45_SaladOL"",""74b431e8-e8ca-48fd-b5b4-ab6f32563faf_SaladOL"",""6be479f8-4a3f-4d97-8f06-0f301b0acd64_Salad"",""9869c018-45e4-4d69-80fb-dc3e7ac8cb03_SaladOL"",""908ba92f-7e3f-40cf-a293-86847bd7f04f_SaladOL"",""e9fc4a2f-efaf-4341-b11b-bf9fbb625dc5_Salad"",""e5abe513-7271-4d97-8f41-c67d5dc744c7_Salad"",""74b431e8-e8ca-48fd-b5b4-ab6f32563faf_Salad"",""923da982-5016-4456-980f-fe08463be1e4_Salad"",""9869c018-45e4-4d69-80fb-dc3e7ac8cb03_Salad"",""94e306f0-ad75-49ba-b2f1-553a5ce7c9c5_SaladOL"",""a3f0e9a9-0cec-4adb-855a-238beeba7bf9_SaladOL"",""b69ccfaa-7ae4-4bf8-ac1f-a0a9d5fcb40f_SaladOL"",""b69ccfaa-7ae4-4bf8-ac1f-a0a9d5fcb40f_Salad"",""908ba92f-7e3f-40cf-a293-86847bd7f04f_Salad"",""ccd95ed1-36b4-46f6-a2fc-fd3f110cda80_Salad"",""6be479f8-4a3f-4d97-8f06-0f301b0acd64_SaladOL"",""e9fc4a2f-efaf-4341-b11b-bf9fbb625dc5_SaladOL"",""e5abe513-7271-4d97-8f41-c67d5dc744c7_SaladOL"",""94e306f0-ad75-49ba-b2f1-553a5ce7c9c5_Salad"",""923da982-5016-4456-980f-fe08463be1e4_SaladOL""]",27,Male,White,Non-Hispanic,1,5,Mouse,I was trying to minimize the amount of steps needed to get ingredients gathered and chopped. I did have some fun!,
8007-f12a9f6f-6bc7-4ad2-b2db-55fa35ffe3c5,environment_design,overcooked_design,prolific-run-01132026,False,base,fully-interleaved,670f06ac031981b54b82d493,edge-chromium,1528.0,698.0,False,1768354168949.0,1768354827855.0,658906.0,0.0,"[""908ba92f-7e3f-40cf-a293-86847bd7f04f_Salad"",""e5abe513-7271-4d97-8f41-c67d5dc744c7_Salad"",""923da982-5016-4456-980f-fe08463be1e4_SaladOL"",""9869c018-45e4-4d69-80fb-dc3e7ac8cb03_Salad"",""6be479f8-4a3f-4d97-8f06-0f301b0acd64_Salad"",""9ea49cb3-212e-452f-908a-09b81601fe45_SaladOL"",""e5abe513-7271-4d97-8f41-c67d5dc744c7_SaladOL"",""e9fc4a2f-efaf-4341-b11b-bf9fbb625dc5_SaladOL"",""9ea49cb3-212e-452f-908a-09b81601fe45_Salad"",""a3f0e9a9-0cec-4adb-855a-238beeba7bf9_SaladOL"",""94e306f0-ad75-49ba-b2f1-553a5ce7c9c5_Salad"",""9869c018-45e4-4d69-80fb-dc3e7ac8cb03_SaladOL"",""ccd95ed1-36b4-46f6-a2fc-fd3f110cda80_Salad"",""ccd95ed1-36b4-46f6-a2fc-fd3f110cda80_SaladOL"",""a3f0e9a9-0cec-4adb-855a-238beeba7bf9_Salad"",""b69ccfaa-7ae4-4bf8-ac1f-a0a9d5fcb40f_SaladOL"",""923da982-5016-4456-980f-fe08463be1e4_Salad"",""908ba92f-7e3f-40cf-a293-86847bd7f04f_SaladOL"",""74b431e8-e8ca-48fd-b5b4-ab6f32563faf_SaladOL"",""94e306f0-ad75-49ba-b2f1-553a5ce7c9c5_SaladOL"",""6be479f8-4a3f-4d97-8f06-0f301b0acd64_SaladOL"",""e9fc4a2f-efaf-4341-b11b-bf9fbb625dc5_Salad"",""74b431e8-e8ca-48fd-b5b4-ab6f32563faf_Salad"",""b69ccfaa-7ae4-4bf8-ac1f-a0a9d5fcb40f_Salad""]",30,Female,White,Non-Hispanic,2,5,Trackpad,Keep things as close together as I could,
8081-e2b41490-5108-417c-828f-d5f1ab5a7fff,environment_design,overcooked_design,prolific-run-01132026,False,communicative,fully-interleaved,60fcd9699c3def3068403b90,chrome,1366.0,633.0,False,1768354384773.0,1768355349558.0,964785.0,0.0,"[""6be479f8-4a3f-4d97-8f06-0f301b0acd64_SaladOL"",""e5abe513-7271-4d97-8f41-c67d5dc744c7_SaladOL"",""e9fc4a2f-efaf-4341-b11b-bf9fbb625dc5_Salad"",""b69ccfaa-7ae4-4bf8-ac1f-a0a9d5fcb40f_Salad"",""74b431e8-e8ca-48fd-b5b4-ab6f32563faf_SaladOL"",""6be479f8-4a3f-4d97-8f06-0f301b0acd64_Salad"",""9869c018-45e4-4d69-80fb-dc3e7ac8cb03_SaladOL"",""ccd95ed1-36b4-46f6-a2fc-fd3f110cda80_Salad"",""b69ccfaa-7ae4-4bf8-ac1f-a0a9d5fcb40f_SaladOL"",""74b431e8-e8ca-48fd-b5b4-ab6f32563faf_Salad"",""908ba92f-7e3f-40cf-a293-86847bd7f04f_Salad"",""ccd95ed1-36b4-46f6-a2fc-fd3f110cda80_SaladOL"",""9ea49cb3-212e-452f-908a-09b81601fe45_Salad"",""9ea49cb3-212e-452f-908a-09b81601fe45_SaladOL"",""e9fc4a2f-efaf-4341-b11b-bf9fbb625dc5_SaladOL"",""e5abe513-7271-4d97-8f41-c67d5dc744c7_Salad"",""94e306f0-ad75-49ba-b2f1-553a5ce7c9c5_SaladOL"",""923da982-5016-4456-980f-fe08463be1e4_SaladOL"",""a3f0e9a9-0cec-4adb-855a-238beeba7bf9_SaladOL"",""9869c018-45e4-4d69-80fb-dc3e7ac8cb03_Salad"",""923da982-5016-4456-980f-fe08463be1e4_Salad"",""94e306f0-ad75-49ba-b2f1-553a5ce7c9c5_Salad"",""908ba92f-7e3f-40cf-a293-86847bd7f04f_SaladOL"",""a3f0e9a9-0cec-4adb-855a-238beeba7bf9_Salad""]",38,Male,White,Non-Hispanic,3,5,Trackpad,I wanted to leave as much open space as I could so that the cook would have no blockades in the corners to make their steps increase.,
8200-f2589582-4aa3-464b-9c16-67ce32194c3a,environment_design,overcooked_design,prolific-run-01132026,False,communicative,fully-interleaved,63d7b81d79044b73bfb50952,chrome,1764.0,1270.0,False,1768346144679.0,1768346873271.0,728592.0,0.0,"[""e9fc4a2f-efaf-4341-b11b-bf9fbb625dc5_Salad"",""908ba92f-7e3f-40cf-a293-86847bd7f04f_SaladOL"",""a3f0e9a9-0cec-4adb-855a-238beeba7bf9_SaladOL"",""e5abe513-7271-4d97-8f41-c67d5dc744c7_Salad"",""6be479f8-4a3f-4d97-8f06-0f301b0acd64_SaladOL"",""94e306f0-ad75-49ba-b2f1-553a5ce7c9c5_SaladOL"",""ccd95ed1-36b4-46f6-a2fc-fd3f110cda80_SaladOL"",""74b431e8-e8ca-48fd-b5b4-ab6f32563faf_Salad"",""9869c018-45e4-4d69-80fb-dc3e7ac8cb03_SaladOL"",""923da982-5016-4456-980f-fe08463be1e4_SaladOL"",""9ea49cb3-212e-452f-908a-09b81601fe45_Salad"",""ccd95ed1-36b4-46f6-a2fc-fd3f110cda80_Salad"",""e9fc4a2f-efaf-4341-b11b-bf9fbb625dc5_SaladOL"",""9ea49cb3-212e-452f-908a-09b81601fe45_SaladOL"",""94e306f0-ad75-49ba-b2f1-553a5ce7c9c5_Salad"",""9869c018-45e4-4d69-80fb-dc3e7ac8cb03_Salad"",""923da982-5016-4456-980f-fe08463be1e4_Salad"",""b69ccfaa-7ae4-4bf8-ac1f-a0a9d5fcb40f_Salad"",""908ba92f-7e3f-40cf-a293-86847bd7f04f_Salad"",""74b431e8-e8ca-48fd-b5b4-ab6f32563faf_SaladOL"",""6be479f8-4a3f-4d97-8f06-0f301b0acd64_Salad"",""a3f0e9a9-0cec-4adb-855a-238beeba7bf9_Salad"",""b69ccfaa-7ae4-4bf8-ac1f-a0a9d5fcb40f_SaladOL"",""e5abe513-7271-4d97-8f41-c67d5dc744c7_SaladOL""]",42,Male,White,Hispanic,1,5,Mouse,"i was trying to reduce travel time and place the edits along the path that would be taken to put the cut food on the plate or set it town on a table while i grab another was trying to put those spaces next to the ""highway"" basicly",i didn't i was expecting more to be honest. kinda worried i did this to fast. 
8264-88aaa5a2-0f88-44c9-a81d-c5e45d180cc5,environment_design,overcooked_design,prolific-run-01132026,False,base,fully-interleaved,5a9aa127873cda0001dcaec7,chrome,1440.0,825.0,False,1768353913528.0,1768354402051.0,488523.0,0.0,"[""e5abe513-7271-4d97-8f41-c67d5dc744c7_Salad"",""ccd95ed1-36b4-46f6-a2fc-fd3f110cda80_SaladOL"",""e5abe513-7271-4d97-8f41-c67d5dc744c7_SaladOL"",""ccd95ed1-36b4-46f6-a2fc-fd3f110cda80_Salad"",""74b431e8-e8ca-48fd-b5b4-ab6f32563faf_Salad"",""6be479f8-4a3f-4d97-8f06-0f301b0acd64_SaladOL"",""e9fc4a2f-efaf-4341-b11b-bf9fbb625dc5_Salad"",""74b431e8-e8ca-48fd-b5b4-ab6f32563faf_SaladOL"",""9869c018-45e4-4d69-80fb-dc3e7ac8cb03_SaladOL"",""923da982-5016-4456-980f-fe08463be1e4_SaladOL"",""908ba92f-7e3f-40cf-a293-86847bd7f04f_Salad"",""9869c018-45e4-4d69-80fb-dc3e7ac8cb03_Salad"",""94e306f0-ad75-49ba-b2f1-553a5ce7c9c5_Salad"",""b69ccfaa-7ae4-4bf8-ac1f-a0a9d5fcb40f_SaladOL"",""94e306f0-ad75-49ba-b2f1-553a5ce7c9c5_SaladOL"",""6be479f8-4a3f-4d97-8f06-0f301b0acd64_Salad"",""9ea49cb3-212e-452f-908a-09b81601fe45_Salad"",""e9fc4a2f-efaf-4341-b11b-bf9fbb625dc5_SaladOL"",""908ba92f-7e3f-40cf-a293-86847bd7f04f_SaladOL"",""923da982-5016-4456-980f-fe08463be1e4_Salad"",""a3f0e9a9-0cec-4adb-855a-238beeba7bf9_SaladOL"",""a3f0e9a9-0cec-4adb-855a-238beeba7bf9_Salad"",""9ea49cb3-212e-452f-908a-09b81601fe45_SaladOL"",""b69ccfaa-7ae4-4bf8-ac1f-a0a9d5fcb40f_Salad""]",46,Female,White,Non-Hispanic,3,5,Mouse,I tried to put the ingredients as close as possible to one another.,
8319-7559ea56-41c4-4d58-a234-7c12d275030e,environment_design,overcooked_design,prolific-run-01132026,False,base,fully-interleaved,60fd39703a387e7cfb6893b7,chrome,1280.0,599.0,False,1768355456527.0,1768356268303.0,811776.0,0.0,"[""74b431e8-e8ca-48fd-b5b4-ab6f32563faf_SaladOL"",""b69ccfaa-7ae4-4bf8-ac1f-a0a9d5fcb40f_SaladOL"",""e5abe513-7271-4d97-8f41-c67d5dc744c7_SaladOL"",""923da982-5016-4456-980f-fe08463be1e4_Salad"",""9ea49cb3-212e-452f-908a-09b81601fe45_SaladOL"",""a3f0e9a9-0cec-4adb-855a-238beeba7bf9_SaladOL"",""9869c018-45e4-4d69-80fb-dc3e7ac8cb03_Salad"",""908ba92f-7e3f-40cf-a293-86847bd7f04f_Salad"",""923da982-5016-4456-980f-fe08463be1e4_SaladOL"",""e9fc4a2f-efaf-4341-b11b-bf9fbb625dc5_SaladOL"",""6be479f8-4a3f-4d97-8f06-0f301b0acd64_SaladOL"",""74b431e8-e8ca-48fd-b5b4-ab6f32563faf_Salad"",""e9fc4a2f-efaf-4341-b11b-bf9fbb625dc5_Salad"",""9ea49cb3-212e-452f-908a-09b81601fe45_Salad"",""a3f0e9a9-0cec-4adb-855a-238beeba7bf9_Salad"",""9869c018-45e4-4d69-80fb-dc3e7ac8cb03_SaladOL"",""b69ccfaa-7ae4-4bf8-ac1f-a0a9d5fcb40f_Salad"",""ccd95ed1-36b4-46f6-a2fc-fd3f110cda80_Salad"",""94e306f0-ad75-49ba-b2f1-553a5ce7c9c5_SaladOL"",""ccd95ed1-36b4-46f6-a2fc-fd3f110cda80_SaladOL"",""6be479f8-4a3f-4d97-8f06-0f301b0acd64_Salad"",""94e306f0-ad75-49ba-b2f1-553a5ce7c9c5_Salad"",""908ba92f-7e3f-40cf-a293-86847bd7f04f_SaladOL"",""e5abe513-7271-4d97-8f41-c67d5dc744c7_Salad""]",49,Female,White,Non-Hispanic,3,4,Trackpad,I tried to get everything I needed close together and tried to avoid creating obstacles.,
8370-6f2daa34-87a5-4734-84c1-7f7b465bf6c6,environment_design,overcooked_design,prolific-run-01132026,False,communicative,fully-interleaved,60b71ec02accd50af7afbbf2,safari,1440.0,820.0,False,1768354775304.0,1768355809283.0,1033979.0,0.0,"[""923da982-5016-4456-980f-fe08463be1e4_Salad"",""e5abe513-7271-4d97-8f41-c67d5dc744c7_Salad"",""9ea49cb3-212e-452f-908a-09b81601fe45_Salad"",""ccd95ed1-36b4-46f6-a2fc-fd3f110cda80_Salad"",""b69ccfaa-7ae4-4bf8-ac1f-a0a9d5fcb40f_Salad"",""a3f0e9a9-0cec-4adb-855a-238beeba7bf9_SaladOL"",""a3f0e9a9-0cec-4adb-855a-238beeba7bf9_Salad"",""923da982-5016-4456-980f-fe08463be1e4_SaladOL"",""ccd95ed1-36b4-46f6-a2fc-fd3f110cda80_SaladOL"",""e5abe513-7271-4d97-8f41-c67d5dc744c7_SaladOL"",""9ea49cb3-212e-452f-908a-09b81601fe45_SaladOL"",""94e306f0-ad75-49ba-b2f1-553a5ce7c9c5_Salad"",""e9fc4a2f-efaf-4341-b11b-bf9fbb625dc5_SaladOL"",""908ba92f-7e3f-40cf-a293-86847bd7f04f_SaladOL"",""94e306f0-ad75-49ba-b2f1-553a5ce7c9c5_SaladOL"",""74b431e8-e8ca-48fd-b5b4-ab6f32563faf_SaladOL"",""9869c018-45e4-4d69-80fb-dc3e7ac8cb03_SaladOL"",""908ba92f-7e3f-40cf-a293-86847bd7f04f_Salad"",""6be479f8-4a3f-4d97-8f06-0f301b0acd64_Salad"",""e9fc4a2f-efaf-4341-b11b-bf9fbb625dc5_Salad"",""b69ccfaa-7ae4-4bf8-ac1f-a0a9d5fcb40f_SaladOL"",""74b431e8-e8ca-48fd-b5b4-ab6f32563faf_Salad"",""9869c018-45e4-4d69-80fb-dc3e7ac8cb03_Salad"",""6be479f8-4a3f-4d97-8f06-0f301b0acd64_SaladOL""]",23,Female,Black/African American,Hispanic,2,5,Trackpad,engaging!,no difficulties! i used a safari browser (Mac book) and the website/simulation worked just fine!
8402-c13adaee-8e8d-4beb-985c-5d631ece38b7,environment_design,overcooked_design,prolific-run-01132026,False,base,fully-interleaved,5c695a065416680001bef3c0,edge-chromium,1912.0,948.0,False,1768356296238.0,1768356804847.0,508609.0,0.0,"[""923da982-5016-4456-980f-fe08463be1e4_Salad"",""74b431e8-e8ca-48fd-b5b4-ab6f32563faf_SaladOL"",""e5abe513-7271-4d97-8f41-c67d5dc744c7_Salad"",""74b431e8-e8ca-48fd-b5b4-ab6f32563faf_Salad"",""9869c018-45e4-4d69-80fb-dc3e7ac8cb03_SaladOL"",""6be479f8-4a3f-4d97-8f06-0f301b0acd64_SaladOL"",""b69ccfaa-7ae4-4bf8-ac1f-a0a9d5fcb40f_Salad"",""908ba92f-7e3f-40cf-a293-86847bd7f04f_SaladOL"",""e9fc4a2f-efaf-4341-b11b-bf9fbb625dc5_Salad"",""9ea49cb3-212e-452f-908a-09b81601fe45_SaladOL"",""ccd95ed1-36b4-46f6-a2fc-fd3f110cda80_SaladOL"",""9869c018-45e4-4d69-80fb-dc3e7ac8cb03_Salad"",""923da982-5016-4456-980f-fe08463be1e4_SaladOL"",""9ea49cb3-212e-452f-908a-09b81601fe45_Salad"",""e5abe513-7271-4d97-8f41-c67d5dc744c7_SaladOL"",""a3f0e9a9-0cec-4adb-855a-238beeba7bf9_SaladOL"",""908ba92f-7e3f-40cf-a293-86847bd7f04f_Salad"",""b69ccfaa-7ae4-4bf8-ac1f-a0a9d5fcb40f_SaladOL"",""ccd95ed1-36b4-46f6-a2fc-fd3f110cda80_Salad"",""a3f0e9a9-0cec-4adb-855a-238beeba7bf9_Salad"",""94e306f0-ad75-49ba-b2f1-553a5ce7c9c5_Salad"",""94e306f0-ad75-49ba-b2f1-553a5ce7c9c5_SaladOL"",""e9fc4a2f-efaf-4341-b11b-bf9fbb625dc5_SaladOL"",""6be479f8-4a3f-4d97-8f06-0f301b0acd64_Salad""]",38,Female,White,Non-Hispanic,2,4,Mouse,Simply closest placements while ignoring the ingredient not needed.,Everything worked well.
8551-f798c22f-24ab-42e4-b66d-213015c1e196,environment_design,overcooked_design,prolific-run-01132026,False,base,fully-interleaved,603ea566289f8b0f4f035358,chrome,1366.0,599.0,False,1768354805578.0,1768355906214.0,1100636.0,0.0,"[""e9fc4a2f-efaf-4341-b11b-bf9fbb625dc5_SaladOL"",""a3f0e9a9-0cec-4adb-855a-238beeba7bf9_Salad"",""94e306f0-ad75-49ba-b2f1-553a5ce7c9c5_SaladOL"",""908ba92f-7e3f-40cf-a293-86847bd7f04f_SaladOL"",""923da982-5016-4456-980f-fe08463be1e4_SaladOL"",""ccd95ed1-36b4-46f6-a2fc-fd3f110cda80_SaladOL"",""e5abe513-7271-4d97-8f41-c67d5dc744c7_Salad"",""ccd95ed1-36b4-46f6-a2fc-fd3f110cda80_Salad"",""6be479f8-4a3f-4d97-8f06-0f301b0acd64_SaladOL"",""9ea49cb3-212e-452f-908a-09b81601fe45_SaladOL"",""9ea49cb3-212e-452f-908a-09b81601fe45_Salad"",""74b431e8-e8ca-48fd-b5b4-ab6f32563faf_SaladOL"",""b69ccfaa-7ae4-4bf8-ac1f-a0a9d5fcb40f_Salad"",""923da982-5016-4456-980f-fe08463be1e4_Salad"",""a3f0e9a9-0cec-4adb-855a-238beeba7bf9_SaladOL"",""6be479f8-4a3f-4d97-8f06-0f301b0acd64_Salad"",""74b431e8-e8ca-48fd-b5b4-ab6f32563faf_Salad"",""94e306f0-ad75-49ba-b2f1-553a5ce7c9c5_Salad"",""e9fc4a2f-efaf-4341-b11b-bf9fbb625dc5_Salad"",""b69ccfaa-7ae4-4bf8-ac1f-a0a9d5fcb40f_SaladOL"",""9869c018-45e4-4d69-80fb-dc3e7ac8cb03_Salad"",""908ba92f-7e3f-40cf-a293-86847bd7f04f_Salad"",""9869c018-45e4-4d69-80fb-dc3e7ac8cb03_SaladOL"",""e5abe513-7271-4d97-8f41-c67d5dc744c7_SaladOL""]",38,Female,White,Non-Hispanic,2,4,Mouse,"For the first couple of kitchen-designing tasks, I didn't understand that I was supposed to be designing the kitchen with the purpose of making just one of the two dishes most efficiently. Instead, I tried to make it most efficient for making either dish. Fortunately, I realized my misunderstanding very quickly and adjusted.. This was a fun study! Good luck with your research. =]",
8574-90f9a00b-81ec-4e9a-8f51-8fa9d542f02f,environment_design,overcooked_design,prolific-run-01132026,False,communicative,fully-interleaved,6641076785a23b3f7db3c5c1,chrome,1536.0,695.0,False,1768354149563.0,1768356001496.0,1851933.0,0.0,"[""b69ccfaa-7ae4-4bf8-ac1f-a0a9d5fcb40f_Salad"",""e9fc4a2f-efaf-4341-b11b-bf9fbb625dc5_SaladOL"",""a3f0e9a9-0cec-4adb-855a-238beeba7bf9_Salad"",""ccd95ed1-36b4-46f6-a2fc-fd3f110cda80_Salad"",""b69ccfaa-7ae4-4bf8-ac1f-a0a9d5fcb40f_SaladOL"",""e9fc4a2f-efaf-4341-b11b-bf9fbb625dc5_Salad"",""9869c018-45e4-4d69-80fb-dc3e7ac8cb03_SaladOL"",""9869c018-45e4-4d69-80fb-dc3e7ac8cb03_Salad"",""9ea49cb3-212e-452f-908a-09b81601fe45_SaladOL"",""9ea49cb3-212e-452f-908a-09b81601fe45_Salad"",""ccd95ed1-36b4-46f6-a2fc-fd3f110cda80_SaladOL"",""94e306f0-ad75-49ba-b2f1-553a5ce7c9c5_SaladOL"",""e5abe513-7271-4d97-8f41-c67d5dc744c7_Salad"",""908ba92f-7e3f-40cf-a293-86847bd7f04f_Salad"",""a3f0e9a9-0cec-4adb-855a-238beeba7bf9_SaladOL"",""908ba92f-7e3f-40cf-a293-86847bd7f04f_SaladOL"",""923da982-5016-4456-980f-fe08463be1e4_SaladOL"",""6be479f8-4a3f-4d97-8f06-0f301b0acd64_SaladOL"",""923da982-5016-4456-980f-fe08463be1e4_Salad"",""94e306f0-ad75-49ba-b2f1-553a5ce7c9c5_Salad"",""e5abe513-7271-4d97-8f41-c67d5dc744c7_SaladOL"",""74b431e8-e8ca-48fd-b5b4-ab6f32563faf_SaladOL"",""6be479f8-4a3f-4d97-8f06-0f301b0acd64_Salad"",""74b431e8-e8ca-48fd-b5b4-ab6f32563faf_Salad""]",26,Female,White,Non-Hispanic,2,4,Trackpad,"How close things together. The closer they were with decent space around them, the fewer steps.",I did not encounter any technical difficulties.
8700-44c86db5-cc17-4190-a609-41736a245d92,environment_design,overcooked_design,prolific-run-01132026,False,communicative,fully-interleaved,5b79dfb9db11320001c3d3f4,chrome,1920.0,945.0,False,1768354586946.0,1768355010385.0,423439.0,0.0,"[""b69ccfaa-7ae4-4bf8-ac1f-a0a9d5fcb40f_Salad"",""e9fc4a2f-efaf-4341-b11b-bf9fbb625dc5_SaladOL"",""ccd95ed1-36b4-46f6-a2fc-fd3f110cda80_Salad"",""94e306f0-ad75-49ba-b2f1-553a5ce7c9c5_SaladOL"",""9ea49cb3-212e-452f-908a-09b81601fe45_SaladOL"",""908ba92f-7e3f-40cf-a293-86847bd7f04f_Salad"",""908ba92f-7e3f-40cf-a293-86847bd7f04f_SaladOL"",""b69ccfaa-7ae4-4bf8-ac1f-a0a9d5fcb40f_SaladOL"",""e5abe513-7271-4d97-8f41-c67d5dc744c7_Salad"",""9ea49cb3-212e-452f-908a-09b81601fe45_Salad"",""a3f0e9a9-0cec-4adb-855a-238beeba7bf9_Salad"",""e5abe513-7271-4d97-8f41-c67d5dc744c7_SaladOL"",""6be479f8-4a3f-4d97-8f06-0f301b0acd64_Salad"",""923da982-5016-4456-980f-fe08463be1e4_Salad"",""94e306f0-ad75-49ba-b2f1-553a5ce7c9c5_Salad"",""ccd95ed1-36b4-46f6-a2fc-fd3f110cda80_SaladOL"",""6be479f8-4a3f-4d97-8f06-0f301b0acd64_SaladOL"",""74b431e8-e8ca-48fd-b5b4-ab6f32563faf_Salad"",""9869c018-45e4-4d69-80fb-dc3e7ac8cb03_Salad"",""923da982-5016-4456-980f-fe08463be1e4_SaladOL"",""74b431e8-e8ca-48fd-b5b4-ab6f32563faf_SaladOL"",""a3f0e9a9-0cec-4adb-855a-238beeba7bf9_SaladOL"",""9869c018-45e4-4d69-80fb-dc3e7ac8cb03_SaladOL"",""e9fc4a2f-efaf-4341-b11b-bf9fbb625dc5_Salad""]",31,Other,White,Hispanic,1,4,Mouse,"I tried putting the knives/plates/ingredients farther away when the person would need it most, like placing the tomatoes farther from the knife area",
8767-dff9a144-371a-4776-a505-291300bd46f1,environment_design,overcooked_design,prolific-run-01132026,False,base,fully-interleaved,65c121703758b1e73a54fe8e,chrome,1366.0,633.0,False,1768354693526.0,1768355607847.0,914321.0,0.0,"[""9869c018-45e4-4d69-80fb-dc3e7ac8cb03_SaladOL"",""a3f0e9a9-0cec-4adb-855a-238beeba7bf9_Salad"",""b69ccfaa-7ae4-4bf8-ac1f-a0a9d5fcb40f_Salad"",""74b431e8-e8ca-48fd-b5b4-ab6f32563faf_SaladOL"",""a3f0e9a9-0cec-4adb-855a-238beeba7bf9_SaladOL"",""923da982-5016-4456-980f-fe08463be1e4_Salad"",""9869c018-45e4-4d69-80fb-dc3e7ac8cb03_Salad"",""94e306f0-ad75-49ba-b2f1-553a5ce7c9c5_Salad"",""e9fc4a2f-efaf-4341-b11b-bf9fbb625dc5_SaladOL"",""ccd95ed1-36b4-46f6-a2fc-fd3f110cda80_SaladOL"",""908ba92f-7e3f-40cf-a293-86847bd7f04f_SaladOL"",""e5abe513-7271-4d97-8f41-c67d5dc744c7_Salad"",""ccd95ed1-36b4-46f6-a2fc-fd3f110cda80_Salad"",""923da982-5016-4456-980f-fe08463be1e4_SaladOL"",""74b431e8-e8ca-48fd-b5b4-ab6f32563faf_Salad"",""6be479f8-4a3f-4d97-8f06-0f301b0acd64_SaladOL"",""6be479f8-4a3f-4d97-8f06-0f301b0acd64_Salad"",""e5abe513-7271-4d97-8f41-c67d5dc744c7_SaladOL"",""94e306f0-ad75-49ba-b2f1-553a5ce7c9c5_SaladOL"",""e9fc4a2f-efaf-4341-b11b-bf9fbb625dc5_Salad"",""b69ccfaa-7ae4-4bf8-ac1f-a0a9d5fcb40f_SaladOL"",""908ba92f-7e3f-40cf-a293-86847bd7f04f_Salad"",""9ea49cb3-212e-452f-908a-09b81601fe45_SaladOL"",""9ea49cb3-212e-452f-908a-09b81601fe45_Salad""]",33,Female,Black/African American,Non-Hispanic,3,5,Mouse,factors to make less steps for the chef to make the dish,NA
8961-dd33216e-1068-4aee-9cc0-2951ba3347d6,environment_design,overcooked_design,prolific-run-01132026,False,base,fully-interleaved,62b2132a781ad15631672d81,chrome,1920.0,945.0,False,1768355308349.0,1768355862846.0,554497.0,0.0,"[""74b431e8-e8ca-48fd-b5b4-ab6f32563faf_Salad"",""a3f0e9a9-0cec-4adb-855a-238beeba7bf9_SaladOL"",""ccd95ed1-36b4-46f6-a2fc-fd3f110cda80_Salad"",""a3f0e9a9-0cec-4adb-855a-238beeba7bf9_Salad"",""94e306f0-ad75-49ba-b2f1-553a5ce7c9c5_SaladOL"",""e5abe513-7271-4d97-8f41-c67d5dc744c7_SaladOL"",""9869c018-45e4-4d69-80fb-dc3e7ac8cb03_SaladOL"",""923da982-5016-4456-980f-fe08463be1e4_Salad"",""908ba92f-7e3f-40cf-a293-86847bd7f04f_Salad"",""94e306f0-ad75-49ba-b2f1-553a5ce7c9c5_Salad"",""908ba92f-7e3f-40cf-a293-86847bd7f04f_SaladOL"",""9ea49cb3-212e-452f-908a-09b81601fe45_SaladOL"",""e9fc4a2f-efaf-4341-b11b-bf9fbb625dc5_Salad"",""9ea49cb3-212e-452f-908a-09b81601fe45_Salad"",""e9fc4a2f-efaf-4341-b11b-bf9fbb625dc5_SaladOL"",""e5abe513-7271-4d97-8f41-c67d5dc744c7_Salad"",""923da982-5016-4456-980f-fe08463be1e4_SaladOL"",""74b431e8-e8ca-48fd-b5b4-ab6f32563faf_SaladOL"",""b69ccfaa-7ae4-4bf8-ac1f-a0a9d5fcb40f_SaladOL"",""9869c018-45e4-4d69-80fb-dc3e7ac8cb03_Salad"",""ccd95ed1-36b4-46f6-a2fc-fd3f110cda80_SaladOL"",""6be479f8-4a3f-4d97-8f06-0f301b0acd64_Salad"",""6be479f8-4a3f-4d97-8f06-0f301b0acd64_SaladOL"",""b69ccfaa-7ae4-4bf8-ac1f-a0a9d5fcb40f_Salad""]",47,Female,White,Non-Hispanic,3,4,Mouse,I just tried to keep everything near each other,n/a
9059-f9dce99f-cc87-485d-bf3f-cddd3d6ddd07,environment_design,overcooked_design,prolific-run-01132026,False,base,fully-interleaved,66eeda2bc7d6e9b92b4a81c0,chrome,1366.0,679.0,False,1768356060064.0,1768357158243.0,1098179.0,0.0,"[""a3f0e9a9-0cec-4adb-855a-238beeba7bf9_SaladOL"",""9ea49cb3-212e-452f-908a-09b81601fe45_SaladOL"",""a3f0e9a9-0cec-4adb-855a-238beeba7bf9_Salad"",""74b431e8-e8ca-48fd-b5b4-ab6f32563faf_Salad"",""908ba92f-7e3f-40cf-a293-86847bd7f04f_Salad"",""923da982-5016-4456-980f-fe08463be1e4_Salad"",""908ba92f-7e3f-40cf-a293-86847bd7f04f_SaladOL"",""b69ccfaa-7ae4-4bf8-ac1f-a0a9d5fcb40f_SaladOL"",""6be479f8-4a3f-4d97-8f06-0f301b0acd64_Salad"",""6be479f8-4a3f-4d97-8f06-0f301b0acd64_SaladOL"",""74b431e8-e8ca-48fd-b5b4-ab6f32563faf_SaladOL"",""9869c018-45e4-4d69-80fb-dc3e7ac8cb03_SaladOL"",""ccd95ed1-36b4-46f6-a2fc-fd3f110cda80_SaladOL"",""e5abe513-7271-4d97-8f41-c67d5dc744c7_Salad"",""9869c018-45e4-4d69-80fb-dc3e7ac8cb03_Salad"",""e9fc4a2f-efaf-4341-b11b-bf9fbb625dc5_SaladOL"",""e5abe513-7271-4d97-8f41-c67d5dc744c7_SaladOL"",""94e306f0-ad75-49ba-b2f1-553a5ce7c9c5_Salad"",""9ea49cb3-212e-452f-908a-09b81601fe45_Salad"",""ccd95ed1-36b4-46f6-a2fc-fd3f110cda80_Salad"",""923da982-5016-4456-980f-fe08463be1e4_SaladOL"",""b69ccfaa-7ae4-4bf8-ac1f-a0a9d5fcb40f_Salad"",""94e306f0-ad75-49ba-b2f1-553a5ce7c9c5_SaladOL"",""e9fc4a2f-efaf-4341-b11b-bf9fbb625dc5_Salad""]",40,Female,Black/African American,Non-Hispanic,1,5,Mouse,i tried to make the design close to the relevant items also with enough space,no issues
9089-57b2aa4e-29a3-4786-800d-07bee0b3c696,environment_design,overcooked_design,prolific-run-01132026,False,base,fully-interleaved,673ab124dd6f6df06b143da0,chrome,1366.0,555.0,False,1768354379149.0,1768355756684.0,1377535.0,1.0,"[""923da982-5016-4456-980f-fe08463be1e4_Salad"",""923da982-5016-4456-980f-fe08463be1e4_SaladOL"",""a3f0e9a9-0cec-4adb-855a-238beeba7bf9_Salad"",""e9fc4a2f-efaf-4341-b11b-bf9fbb625dc5_SaladOL"",""74b431e8-e8ca-48fd-b5b4-ab6f32563faf_Salad"",""ccd95ed1-36b4-46f6-a2fc-fd3f110cda80_Salad"",""6be479f8-4a3f-4d97-8f06-0f301b0acd64_SaladOL"",""9ea49cb3-212e-452f-908a-09b81601fe45_Salad"",""6be479f8-4a3f-4d97-8f06-0f301b0acd64_Salad"",""ccd95ed1-36b4-46f6-a2fc-fd3f110cda80_SaladOL"",""908ba92f-7e3f-40cf-a293-86847bd7f04f_SaladOL"",""e9fc4a2f-efaf-4341-b11b-bf9fbb625dc5_Salad"",""94e306f0-ad75-49ba-b2f1-553a5ce7c9c5_SaladOL"",""e5abe513-7271-4d97-8f41-c67d5dc744c7_Salad"",""b69ccfaa-7ae4-4bf8-ac1f-a0a9d5fcb40f_SaladOL"",""b69ccfaa-7ae4-4bf8-ac1f-a0a9d5fcb40f_Salad"",""e5abe513-7271-4d97-8f41-c67d5dc744c7_SaladOL"",""94e306f0-ad75-49ba-b2f1-553a5ce7c9c5_Salad"",""9869c018-45e4-4d69-80fb-dc3e7ac8cb03_SaladOL"",""a3f0e9a9-0cec-4adb-855a-238beeba7bf9_SaladOL"",""9ea49cb3-212e-452f-908a-09b81601fe45_SaladOL"",""74b431e8-e8ca-48fd-b5b4-ab6f32563faf_SaladOL"",""908ba92f-7e3f-40cf-a293-86847bd7f04f_Salad"",""9869c018-45e4-4d69-80fb-dc3e7ac8cb03_Salad""]",44,Female,Black/African American,Non-Hispanic,2,3,Mouse,there was not a lot of options to move the furniture,
9145-b6ca9602-6ef9-4d92-b257-ebf6481b778f,environment_design,overcooked_design,prolific-run-01132026,False,base,fully-interleaved,60d8b2566935da51a82c650d,chrome,1280.0,585.0,False,1768346380416.0,1768346855543.0,475127.0,0.0,"[""908ba92f-7e3f-40cf-a293-86847bd7f04f_Salad"",""ccd95ed1-36b4-46f6-a2fc-fd3f110cda80_SaladOL"",""e9fc4a2f-efaf-4341-b11b-bf9fbb625dc5_Salad"",""74b431e8-e8ca-48fd-b5b4-ab6f32563faf_SaladOL"",""b69ccfaa-7ae4-4bf8-ac1f-a0a9d5fcb40f_SaladOL"",""6be479f8-4a3f-4d97-8f06-0f301b0acd64_Salad"",""ccd95ed1-36b4-46f6-a2fc-fd3f110cda80_Salad"",""94e306f0-ad75-49ba-b2f1-553a5ce7c9c5_Salad"",""e5abe513-7271-4d97-8f41-c67d5dc744c7_SaladOL"",""923da982-5016-4456-980f-fe08463be1e4_SaladOL"",""6be479f8-4a3f-4d97-8f06-0f301b0acd64_SaladOL"",""a3f0e9a9-0cec-4adb-855a-238beeba7bf9_SaladOL"",""e9fc4a2f-efaf-4341-b11b-bf9fbb625dc5_SaladOL"",""94e306f0-ad75-49ba-b2f1-553a5ce7c9c5_SaladOL"",""e5abe513-7271-4d97-8f41-c67d5dc744c7_Salad"",""908ba92f-7e3f-40cf-a293-86847bd7f04f_SaladOL"",""9ea49cb3-212e-452f-908a-09b81601fe45_Salad"",""b69ccfaa-7ae4-4bf8-ac1f-a0a9d5fcb40f_Salad"",""a3f0e9a9-0cec-4adb-855a-238beeba7bf9_Salad"",""9869c018-45e4-4d69-80fb-dc3e7ac8cb03_SaladOL"",""923da982-5016-4456-980f-fe08463be1e4_Salad"",""9ea49cb3-212e-452f-908a-09b81601fe45_SaladOL"",""74b431e8-e8ca-48fd-b5b4-ab6f32563faf_Salad"",""9869c018-45e4-4d69-80fb-dc3e7ac8cb03_Salad""]",25,Female,White,Non-Hispanic,2,4,Trackpad,I considered what would take the least amount of steps.,n/a
9188-99e1be39-1cf5-4472-ab0a-30b9e172ac57,environment_design,overcooked_design,prolific-run-01132026,False,base,fully-interleaved,5e6d45a4f83081302dfcb528,edge-chromium,1920.0,951.0,False,1768356043182.0,1768356816824.0,773642.0,0.0,"[""9ea49cb3-212e-452f-908a-09b81601fe45_SaladOL"",""94e306f0-ad75-49ba-b2f1-553a5ce7c9c5_SaladOL"",""ccd95ed1-36b4-46f6-a2fc-fd3f110cda80_SaladOL"",""923da982-5016-4456-980f-fe08463be1e4_Salad"",""6be479f8-4a3f-4d97-8f06-0f301b0acd64_Salad"",""a3f0e9a9-0cec-4adb-855a-238beeba7bf9_SaladOL"",""74b431e8-e8ca-48fd-b5b4-ab6f32563faf_Salad"",""e5abe513-7271-4d97-8f41-c67d5dc744c7_Salad"",""b69ccfaa-7ae4-4bf8-ac1f-a0a9d5fcb40f_SaladOL"",""b69ccfaa-7ae4-4bf8-ac1f-a0a9d5fcb40f_Salad"",""e9fc4a2f-efaf-4341-b11b-bf9fbb625dc5_SaladOL"",""9ea49cb3-212e-452f-908a-09b81601fe45_Salad"",""94e306f0-ad75-49ba-b2f1-553a5ce7c9c5_Salad"",""908ba92f-7e3f-40cf-a293-86847bd7f04f_SaladOL"",""9869c018-45e4-4d69-80fb-dc3e7ac8cb03_SaladOL"",""923da982-5016-4456-980f-fe08463be1e4_SaladOL"",""9869c018-45e4-4d69-80fb-dc3e7ac8cb03_Salad"",""e5abe513-7271-4d97-8f41-c67d5dc744c7_SaladOL"",""e9fc4a2f-efaf-4341-b11b-bf9fbb625dc5_Salad"",""a3f0e9a9-0cec-4adb-855a-238beeba7bf9_Salad"",""74b431e8-e8ca-48fd-b5b4-ab6f32563faf_SaladOL"",""ccd95ed1-36b4-46f6-a2fc-fd3f110cda80_Salad"",""908ba92f-7e3f-40cf-a293-86847bd7f04f_Salad"",""6be479f8-4a3f-4d97-8f06-0f301b0acd64_SaladOL""]",21,Female,Black/African American,Non-Hispanic,1,3,Mouse,I tried to make sure there was space to put the veggies on near the cutting board. ,
9246-397ae9e0-57bd-46c9-989f-dc762cdfe174,environment_design,overcooked_design,prolific-run-01132026,False,communicative,fully-interleaved,672927663caf5e3b5725c64b,chrome,1536.0,791.0,False,1768354289783.0,1768355483220.0,1193437.0,0.0,"[""6be479f8-4a3f-4d97-8f06-0f301b0acd64_Salad"",""94e306f0-ad75-49ba-b2f1-553a5ce7c9c5_Salad"",""908ba92f-7e3f-40cf-a293-86847bd7f04f_SaladOL"",""923da982-5016-4456-980f-fe08463be1e4_SaladOL"",""923da982-5016-4456-980f-fe08463be1e4_Salad"",""9ea49cb3-212e-452f-908a-09b81601fe45_SaladOL"",""74b431e8-e8ca-48fd-b5b4-ab6f32563faf_SaladOL"",""e9fc4a2f-efaf-4341-b11b-bf9fbb625dc5_SaladOL"",""908ba92f-7e3f-40cf-a293-86847bd7f04f_Salad"",""e5abe513-7271-4d97-8f41-c67d5dc744c7_SaladOL"",""e9fc4a2f-efaf-4341-b11b-bf9fbb625dc5_Salad"",""ccd95ed1-36b4-46f6-a2fc-fd3f110cda80_Salad"",""6be479f8-4a3f-4d97-8f06-0f301b0acd64_SaladOL"",""9869c018-45e4-4d69-80fb-dc3e7ac8cb03_Salad"",""a3f0e9a9-0cec-4adb-855a-238beeba7bf9_SaladOL"",""74b431e8-e8ca-48fd-b5b4-ab6f32563faf_Salad"",""ccd95ed1-36b4-46f6-a2fc-fd3f110cda80_SaladOL"",""a3f0e9a9-0cec-4adb-855a-238beeba7bf9_Salad"",""94e306f0-ad75-49ba-b2f1-553a5ce7c9c5_SaladOL"",""9ea49cb3-212e-452f-908a-09b81601fe45_Salad"",""b69ccfaa-7ae4-4bf8-ac1f-a0a9d5fcb40f_Salad"",""9869c018-45e4-4d69-80fb-dc3e7ac8cb03_SaladOL"",""e5abe513-7271-4d97-8f41-c67d5dc744c7_Salad"",""b69ccfaa-7ae4-4bf8-ac1f-a0a9d5fcb40f_SaladOL""]",40,Female,White,Non-Hispanic,3,5,Trackpad,how close to cutting board i could put the food,
9257-484daf44-097d-4a03-91ec-75d1ffe84164,environment_design,overcooked_design,prolific-run-01132026,False,communicative,fully-interleaved,677ca730878568e38dae5234,chrome,1707.0,846.0,False,1768354679006.0,1768355544643.0,865637.0,0.0,"[""6be479f8-4a3f-4d97-8f06-0f301b0acd64_Salad"",""94e306f0-ad75-49ba-b2f1-553a5ce7c9c5_SaladOL"",""9869c018-45e4-4d69-80fb-dc3e7ac8cb03_Salad"",""908ba92f-7e3f-40cf-a293-86847bd7f04f_Salad"",""9869c018-45e4-4d69-80fb-dc3e7ac8cb03_SaladOL"",""908ba92f-7e3f-40cf-a293-86847bd7f04f_SaladOL"",""923da982-5016-4456-980f-fe08463be1e4_SaladOL"",""b69ccfaa-7ae4-4bf8-ac1f-a0a9d5fcb40f_SaladOL"",""b69ccfaa-7ae4-4bf8-ac1f-a0a9d5fcb40f_Salad"",""9ea49cb3-212e-452f-908a-09b81601fe45_Salad"",""94e306f0-ad75-49ba-b2f1-553a5ce7c9c5_Salad"",""e9fc4a2f-efaf-4341-b11b-bf9fbb625dc5_Salad"",""74b431e8-e8ca-48fd-b5b4-ab6f32563faf_Salad"",""ccd95ed1-36b4-46f6-a2fc-fd3f110cda80_Salad"",""74b431e8-e8ca-48fd-b5b4-ab6f32563faf_SaladOL"",""e9fc4a2f-efaf-4341-b11b-bf9fbb625dc5_SaladOL"",""6be479f8-4a3f-4d97-8f06-0f301b0acd64_SaladOL"",""923da982-5016-4456-980f-fe08463be1e4_Salad"",""ccd95ed1-36b4-46f6-a2fc-fd3f110cda80_SaladOL"",""e5abe513-7271-4d97-8f41-c67d5dc744c7_SaladOL"",""e5abe513-7271-4d97-8f41-c67d5dc744c7_Salad"",""9ea49cb3-212e-452f-908a-09b81601fe45_SaladOL"",""a3f0e9a9-0cec-4adb-855a-238beeba7bf9_SaladOL"",""a3f0e9a9-0cec-4adb-855a-238beeba7bf9_Salad""]",31,Male,Asian,Non-Hispanic,3,4,Mouse,I try to keep the vegetables needed for the dish as close to each other as possible. I also try to obstruct the wrong ingredients and try to keep the plate and knife as close to the required vegetables as possible.,
9258-5a1285a9-56a8-4c72-89d0-0219f8417d38,environment_design,overcooked_design,prolific-run-01132026,False,base,fully-interleaved,66f305037af69346a9a55b42,chrome,1280.0,593.0,False,1768357567871.0,1768358402031.0,834160.0,0.0,"[""6be479f8-4a3f-4d97-8f06-0f301b0acd64_SaladOL"",""a3f0e9a9-0cec-4adb-855a-238beeba7bf9_Salad"",""9869c018-45e4-4d69-80fb-dc3e7ac8cb03_Salad"",""e9fc4a2f-efaf-4341-b11b-bf9fbb625dc5_Salad"",""74b431e8-e8ca-48fd-b5b4-ab6f32563faf_Salad"",""9ea49cb3-212e-452f-908a-09b81601fe45_Salad"",""ccd95ed1-36b4-46f6-a2fc-fd3f110cda80_Salad"",""6be479f8-4a3f-4d97-8f06-0f301b0acd64_Salad"",""a3f0e9a9-0cec-4adb-855a-238beeba7bf9_SaladOL"",""923da982-5016-4456-980f-fe08463be1e4_SaladOL"",""908ba92f-7e3f-40cf-a293-86847bd7f04f_SaladOL"",""b69ccfaa-7ae4-4bf8-ac1f-a0a9d5fcb40f_Salad"",""923da982-5016-4456-980f-fe08463be1e4_Salad"",""74b431e8-e8ca-48fd-b5b4-ab6f32563faf_SaladOL"",""e5abe513-7271-4d97-8f41-c67d5dc744c7_Salad"",""e5abe513-7271-4d97-8f41-c67d5dc744c7_SaladOL"",""94e306f0-ad75-49ba-b2f1-553a5ce7c9c5_Salad"",""ccd95ed1-36b4-46f6-a2fc-fd3f110cda80_SaladOL"",""9ea49cb3-212e-452f-908a-09b81601fe45_SaladOL"",""908ba92f-7e3f-40cf-a293-86847bd7f04f_Salad"",""e9fc4a2f-efaf-4341-b11b-bf9fbb625dc5_SaladOL"",""94e306f0-ad75-49ba-b2f1-553a5ce7c9c5_SaladOL"",""b69ccfaa-7ae4-4bf8-ac1f-a0a9d5fcb40f_SaladOL"",""9869c018-45e4-4d69-80fb-dc3e7ac8cb03_SaladOL""]",33,Female,White,Hispanic,3,5,Mouse,steps for each salad combination. ,I did not encounter any difficulties. 
9297-5e2fbbfc-cc48-4e3a-8962-b1c6353418fc,environment_design,overcooked_design,prolific-run-01132026,False,communicative,fully-interleaved,6144834d136ed7f27d2dbe60,chrome,1536.0,791.0,False,1768354157460.0,1768355027898.0,870438.0,0.0,"[""923da982-5016-4456-980f-fe08463be1e4_SaladOL"",""e5abe513-7271-4d97-8f41-c67d5dc744c7_SaladOL"",""ccd95ed1-36b4-46f6-a2fc-fd3f110cda80_SaladOL"",""74b431e8-e8ca-48fd-b5b4-ab6f32563faf_Salad"",""a3f0e9a9-0cec-4adb-855a-238beeba7bf9_SaladOL"",""6be479f8-4a3f-4d97-8f06-0f301b0acd64_Salad"",""9ea49cb3-212e-452f-908a-09b81601fe45_SaladOL"",""6be479f8-4a3f-4d97-8f06-0f301b0acd64_SaladOL"",""e5abe513-7271-4d97-8f41-c67d5dc744c7_Salad"",""94e306f0-ad75-49ba-b2f1-553a5ce7c9c5_SaladOL"",""9869c018-45e4-4d69-80fb-dc3e7ac8cb03_Salad"",""9ea49cb3-212e-452f-908a-09b81601fe45_Salad"",""908ba92f-7e3f-40cf-a293-86847bd7f04f_SaladOL"",""74b431e8-e8ca-48fd-b5b4-ab6f32563faf_SaladOL"",""e9fc4a2f-efaf-4341-b11b-bf9fbb625dc5_Salad"",""e9fc4a2f-efaf-4341-b11b-bf9fbb625dc5_SaladOL"",""b69ccfaa-7ae4-4bf8-ac1f-a0a9d5fcb40f_Salad"",""908ba92f-7e3f-40cf-a293-86847bd7f04f_Salad"",""a3f0e9a9-0cec-4adb-855a-238beeba7bf9_Salad"",""94e306f0-ad75-49ba-b2f1-553a5ce7c9c5_Salad"",""ccd95ed1-36b4-46f6-a2fc-fd3f110cda80_Salad"",""b69ccfaa-7ae4-4bf8-ac1f-a0a9d5fcb40f_SaladOL"",""923da982-5016-4456-980f-fe08463be1e4_Salad"",""9869c018-45e4-4d69-80fb-dc3e7ac8cb03_SaladOL""]",52,Female,White,Non-Hispanic,3,5,Mouse,"I tried to count the steps that would be necessary to make the dishes with the furniture in various places.  Ultimately, I tried to place the ingredients, plates and cutting boards as close together as possible and avoid having to backtrack.",
9498-443f19ae-7f4f-4adf-b69a-730efc71ca39,environment_design,overcooked_design,prolific-run-01132026,False,base,fully-interleaved,663a7dc83986ee24fb6ec0e6,chrome,1366.0,641.0,False,1768353917251.0,1768354508129.0,590878.0,0.0,"[""9ea49cb3-212e-452f-908a-09b81601fe45_SaladOL"",""908ba92f-7e3f-40cf-a293-86847bd7f04f_Salad"",""94e306f0-ad75-49ba-b2f1-553a5ce7c9c5_SaladOL"",""a3f0e9a9-0cec-4adb-855a-238beeba7bf9_Salad"",""ccd95ed1-36b4-46f6-a2fc-fd3f110cda80_SaladOL"",""9869c018-45e4-4d69-80fb-dc3e7ac8cb03_SaladOL"",""e9fc4a2f-efaf-4341-b11b-bf9fbb625dc5_SaladOL"",""74b431e8-e8ca-48fd-b5b4-ab6f32563faf_SaladOL"",""6be479f8-4a3f-4d97-8f06-0f301b0acd64_Salad"",""908ba92f-7e3f-40cf-a293-86847bd7f04f_SaladOL"",""923da982-5016-4456-980f-fe08463be1e4_Salad"",""6be479f8-4a3f-4d97-8f06-0f301b0acd64_SaladOL"",""e5abe513-7271-4d97-8f41-c67d5dc744c7_Salad"",""e5abe513-7271-4d97-8f41-c67d5dc744c7_SaladOL"",""b69ccfaa-7ae4-4bf8-ac1f-a0a9d5fcb40f_SaladOL"",""e9fc4a2f-efaf-4341-b11b-bf9fbb625dc5_Salad"",""923da982-5016-4456-980f-fe08463be1e4_SaladOL"",""74b431e8-e8ca-48fd-b5b4-ab6f32563faf_Salad"",""9ea49cb3-212e-452f-908a-09b81601fe45_Salad"",""94e306f0-ad75-49ba-b2f1-553a5ce7c9c5_Salad"",""ccd95ed1-36b4-46f6-a2fc-fd3f110cda80_Salad"",""a3f0e9a9-0cec-4adb-855a-238beeba7bf9_SaladOL"",""9869c018-45e4-4d69-80fb-dc3e7ac8cb03_Salad"",""b69ccfaa-7ae4-4bf8-ac1f-a0a9d5fcb40f_Salad""]",40,Male,White,Hispanic,2,5,Trackpad,The layout of the veggies and how much counter space there was,
9515-67b2d47b-cefa-4b8d-98a6-681bbef8c113,environment_design,overcooked_design,prolific-run-01132026,False,communicative,fully-interleaved,662b24af863fd5cc1437384c,chrome,1920.0,945.0,False,1768354090265.0,1768355018058.0,927793.0,0.0,"[""a3f0e9a9-0cec-4adb-855a-238beeba7bf9_Salad"",""6be479f8-4a3f-4d97-8f06-0f301b0acd64_Salad"",""9ea49cb3-212e-452f-908a-09b81601fe45_SaladOL"",""6be479f8-4a3f-4d97-8f06-0f301b0acd64_SaladOL"",""e5abe513-7271-4d97-8f41-c67d5dc744c7_Salad"",""908ba92f-7e3f-40cf-a293-86847bd7f04f_Salad"",""923da982-5016-4456-980f-fe08463be1e4_SaladOL"",""e9fc4a2f-efaf-4341-b11b-bf9fbb625dc5_Salad"",""b69ccfaa-7ae4-4bf8-ac1f-a0a9d5fcb40f_Salad"",""94e306f0-ad75-49ba-b2f1-553a5ce7c9c5_Salad"",""e5abe513-7271-4d97-8f41-c67d5dc744c7_SaladOL"",""ccd95ed1-36b4-46f6-a2fc-fd3f110cda80_Salad"",""9ea49cb3-212e-452f-908a-09b81601fe45_Salad"",""74b431e8-e8ca-48fd-b5b4-ab6f32563faf_Salad"",""9869c018-45e4-4d69-80fb-dc3e7ac8cb03_SaladOL"",""a3f0e9a9-0cec-4adb-855a-238beeba7bf9_SaladOL"",""9869c018-45e4-4d69-80fb-dc3e7ac8cb03_Salad"",""ccd95ed1-36b4-46f6-a2fc-fd3f110cda80_SaladOL"",""94e306f0-ad75-49ba-b2f1-553a5ce7c9c5_SaladOL"",""b69ccfaa-7ae4-4bf8-ac1f-a0a9d5fcb40f_SaladOL"",""923da982-5016-4456-980f-fe08463be1e4_Salad"",""74b431e8-e8ca-48fd-b5b4-ab6f32563faf_SaladOL"",""908ba92f-7e3f-40cf-a293-86847bd7f04f_SaladOL"",""e9fc4a2f-efaf-4341-b11b-bf9fbb625dc5_SaladOL""]",53,Female,Multiracial/Mixed,Hispanic,1,5,Trackpad,I wanted to place the features in the kitchen closest together for the particular kind of salad that would save as many steps as possible.,
9540-31342d72-25e6-48c5-a967-1e2d2d06bee8,environment_design,overcooked_design,prolific-run-01132026,False,base,fully-interleaved,68dc82cf2d34a90250ee5972,chrome,1366.0,633.0,False,1768347497840.0,1768348680677.0,1182837.0,0.0,"[""923da982-5016-4456-980f-fe08463be1e4_Salad"",""9869c018-45e4-4d69-80fb-dc3e7ac8cb03_Salad"",""923da982-5016-4456-980f-fe08463be1e4_SaladOL"",""9ea49cb3-212e-452f-908a-09b81601fe45_Salad"",""94e306f0-ad75-49ba-b2f1-553a5ce7c9c5_SaladOL"",""9ea49cb3-212e-452f-908a-09b81601fe45_SaladOL"",""e5abe513-7271-4d97-8f41-c67d5dc744c7_SaladOL"",""74b431e8-e8ca-48fd-b5b4-ab6f32563faf_SaladOL"",""6be479f8-4a3f-4d97-8f06-0f301b0acd64_Salad"",""a3f0e9a9-0cec-4adb-855a-238beeba7bf9_Salad"",""e5abe513-7271-4d97-8f41-c67d5dc744c7_Salad"",""e9fc4a2f-efaf-4341-b11b-bf9fbb625dc5_Salad"",""b69ccfaa-7ae4-4bf8-ac1f-a0a9d5fcb40f_Salad"",""ccd95ed1-36b4-46f6-a2fc-fd3f110cda80_Salad"",""94e306f0-ad75-49ba-b2f1-553a5ce7c9c5_Salad"",""9869c018-45e4-4d69-80fb-dc3e7ac8cb03_SaladOL"",""908ba92f-7e3f-40cf-a293-86847bd7f04f_SaladOL"",""a3f0e9a9-0cec-4adb-855a-238beeba7bf9_SaladOL"",""b69ccfaa-7ae4-4bf8-ac1f-a0a9d5fcb40f_SaladOL"",""908ba92f-7e3f-40cf-a293-86847bd7f04f_Salad"",""6be479f8-4a3f-4d97-8f06-0f301b0acd64_SaladOL"",""e9fc4a2f-efaf-4341-b11b-bf9fbb625dc5_SaladOL"",""ccd95ed1-36b4-46f6-a2fc-fd3f110cda80_SaladOL"",""74b431e8-e8ca-48fd-b5b4-ab6f32563faf_Salad""]",  55,Female,Asian,Non-Hispanic,2,3,Other,Less steps in order to make salad.,
9593-d23b89ef-64ed-41b2-9ab5-bd4fcc048893,environment_design,overcooked_design,prolific-run-01132026,False,base,fully-interleaved,65e14ceb873675f5079a6874,chrome,2560.0,1358.0,False,1768356038034.0,1768357400761.0,1362727.0,1.0,"[""923da982-5016-4456-980f-fe08463be1e4_SaladOL"",""9ea49cb3-212e-452f-908a-09b81601fe45_SaladOL"",""94e306f0-ad75-49ba-b2f1-553a5ce7c9c5_SaladOL"",""b69ccfaa-7ae4-4bf8-ac1f-a0a9d5fcb40f_Salad"",""ccd95ed1-36b4-46f6-a2fc-fd3f110cda80_SaladOL"",""e5abe513-7271-4d97-8f41-c67d5dc744c7_SaladOL"",""908ba92f-7e3f-40cf-a293-86847bd7f04f_SaladOL"",""e5abe513-7271-4d97-8f41-c67d5dc744c7_Salad"",""94e306f0-ad75-49ba-b2f1-553a5ce7c9c5_Salad"",""e9fc4a2f-efaf-4341-b11b-bf9fbb625dc5_SaladOL"",""9869c018-45e4-4d69-80fb-dc3e7ac8cb03_SaladOL"",""923da982-5016-4456-980f-fe08463be1e4_Salad"",""9ea49cb3-212e-452f-908a-09b81601fe45_Salad"",""6be479f8-4a3f-4d97-8f06-0f301b0acd64_Salad"",""9869c018-45e4-4d69-80fb-dc3e7ac8cb03_Salad"",""6be479f8-4a3f-4d97-8f06-0f301b0acd64_SaladOL"",""ccd95ed1-36b4-46f6-a2fc-fd3f110cda80_Salad"",""b69ccfaa-7ae4-4bf8-ac1f-a0a9d5fcb40f_SaladOL"",""908ba92f-7e3f-40cf-a293-86847bd7f04f_Salad"",""a3f0e9a9-0cec-4adb-855a-238beeba7bf9_SaladOL"",""74b431e8-e8ca-48fd-b5b4-ab6f32563faf_Salad"",""74b431e8-e8ca-48fd-b5b4-ab6f32563faf_SaladOL"",""a3f0e9a9-0cec-4adb-855a-238beeba7bf9_Salad"",""e9fc4a2f-efaf-4341-b11b-bf9fbb625dc5_Salad""]",36,Male,White,Non-Hispanic,1,4,Mouse,"I tried to optimize around getting the least steps as possible, such as doubling up both ingredients near eachother.",NA
9601-80337254-15fc-448e-b630-5414b07a6952,environment_design,overcooked_design,prolific-run-01132026,False,base,fully-interleaved,640415971520c41606ca4389,chrome,1278.0,951.0,False,1768354528992.0,1768356207916.0,1678924.0,0.0,"[""94e306f0-ad75-49ba-b2f1-553a5ce7c9c5_SaladOL"",""6be479f8-4a3f-4d97-8f06-0f301b0acd64_Salad"",""923da982-5016-4456-980f-fe08463be1e4_SaladOL"",""923da982-5016-4456-980f-fe08463be1e4_Salad"",""94e306f0-ad75-49ba-b2f1-553a5ce7c9c5_Salad"",""ccd95ed1-36b4-46f6-a2fc-fd3f110cda80_SaladOL"",""908ba92f-7e3f-40cf-a293-86847bd7f04f_SaladOL"",""6be479f8-4a3f-4d97-8f06-0f301b0acd64_SaladOL"",""e9fc4a2f-efaf-4341-b11b-bf9fbb625dc5_SaladOL"",""e5abe513-7271-4d97-8f41-c67d5dc744c7_SaladOL"",""a3f0e9a9-0cec-4adb-855a-238beeba7bf9_SaladOL"",""ccd95ed1-36b4-46f6-a2fc-fd3f110cda80_Salad"",""908ba92f-7e3f-40cf-a293-86847bd7f04f_Salad"",""9869c018-45e4-4d69-80fb-dc3e7ac8cb03_Salad"",""74b431e8-e8ca-48fd-b5b4-ab6f32563faf_Salad"",""b69ccfaa-7ae4-4bf8-ac1f-a0a9d5fcb40f_SaladOL"",""9ea49cb3-212e-452f-908a-09b81601fe45_Salad"",""9ea49cb3-212e-452f-908a-09b81601fe45_SaladOL"",""a3f0e9a9-0cec-4adb-855a-238beeba7bf9_Salad"",""e9fc4a2f-efaf-4341-b11b-bf9fbb625dc5_Salad"",""e5abe513-7271-4d97-8f41-c67d5dc744c7_Salad"",""b69ccfaa-7ae4-4bf8-ac1f-a0a9d5fcb40f_Salad"",""74b431e8-e8ca-48fd-b5b4-ab6f32563faf_SaladOL"",""9869c018-45e4-4d69-80fb-dc3e7ac8cb03_SaladOL""]",42,Female,White,Non-Hispanic,2,5,Mouse,what ingredients they needed,
9652-9022a876-ac23-4b34-a762-29086e392540,environment_design,overcooked_design,prolific-run-01132026,False,base,fully-interleaved,5e98e245aa25c6120f522a40,firefox,1536.0,864.0,False,1768354201752.0,1768355799852.0,1598100.0,1.0,"[""b69ccfaa-7ae4-4bf8-ac1f-a0a9d5fcb40f_Salad"",""e9fc4a2f-efaf-4341-b11b-bf9fbb625dc5_SaladOL"",""9ea49cb3-212e-452f-908a-09b81601fe45_SaladOL"",""e9fc4a2f-efaf-4341-b11b-bf9fbb625dc5_Salad"",""9869c018-45e4-4d69-80fb-dc3e7ac8cb03_Salad"",""e5abe513-7271-4d97-8f41-c67d5dc744c7_Salad"",""94e306f0-ad75-49ba-b2f1-553a5ce7c9c5_SaladOL"",""a3f0e9a9-0cec-4adb-855a-238beeba7bf9_SaladOL"",""74b431e8-e8ca-48fd-b5b4-ab6f32563faf_Salad"",""9869c018-45e4-4d69-80fb-dc3e7ac8cb03_SaladOL"",""94e306f0-ad75-49ba-b2f1-553a5ce7c9c5_Salad"",""9ea49cb3-212e-452f-908a-09b81601fe45_Salad"",""6be479f8-4a3f-4d97-8f06-0f301b0acd64_Salad"",""908ba92f-7e3f-40cf-a293-86847bd7f04f_SaladOL"",""e5abe513-7271-4d97-8f41-c67d5dc744c7_SaladOL"",""6be479f8-4a3f-4d97-8f06-0f301b0acd64_SaladOL"",""908ba92f-7e3f-40cf-a293-86847bd7f04f_Salad"",""923da982-5016-4456-980f-fe08463be1e4_Salad"",""ccd95ed1-36b4-46f6-a2fc-fd3f110cda80_SaladOL"",""ccd95ed1-36b4-46f6-a2fc-fd3f110cda80_Salad"",""b69ccfaa-7ae4-4bf8-ac1f-a0a9d5fcb40f_SaladOL"",""74b431e8-e8ca-48fd-b5b4-ab6f32563faf_SaladOL"",""a3f0e9a9-0cec-4adb-855a-238beeba7bf9_Salad"",""923da982-5016-4456-980f-fe08463be1e4_SaladOL""]",41,Male,Asian,Non-Hispanic,2,5,Mouse,"In the first design I stepped through steps and counted them. It seems you save a movement when you can place an empty counterspace across from the cutting board to store the chopped products, so I mainly tried to arrange for this. Better if the plate station was across from the cutting board but was only able to do this once",
9679-9374413e-0a89-42e6-aa56-43f661bbae42,environment_design,overcooked_design,prolific-run-01132026,False,communicative,fully-interleaved,5ed856266cb96135ff953e31,edge-chromium,1528.0,858.0,False,1768355829499.0,1768356544140.0,714641.0,0.0,"[""9869c018-45e4-4d69-80fb-dc3e7ac8cb03_Salad"",""a3f0e9a9-0cec-4adb-855a-238beeba7bf9_SaladOL"",""e5abe513-7271-4d97-8f41-c67d5dc744c7_SaladOL"",""9869c018-45e4-4d69-80fb-dc3e7ac8cb03_SaladOL"",""6be479f8-4a3f-4d97-8f06-0f301b0acd64_SaladOL"",""94e306f0-ad75-49ba-b2f1-553a5ce7c9c5_Salad"",""e5abe513-7271-4d97-8f41-c67d5dc744c7_Salad"",""e9fc4a2f-efaf-4341-b11b-bf9fbb625dc5_SaladOL"",""ccd95ed1-36b4-46f6-a2fc-fd3f110cda80_SaladOL"",""908ba92f-7e3f-40cf-a293-86847bd7f04f_Salad"",""923da982-5016-4456-980f-fe08463be1e4_SaladOL"",""74b431e8-e8ca-48fd-b5b4-ab6f32563faf_Salad"",""9ea49cb3-212e-452f-908a-09b81601fe45_Salad"",""e9fc4a2f-efaf-4341-b11b-bf9fbb625dc5_Salad"",""74b431e8-e8ca-48fd-b5b4-ab6f32563faf_SaladOL"",""ccd95ed1-36b4-46f6-a2fc-fd3f110cda80_Salad"",""908ba92f-7e3f-40cf-a293-86847bd7f04f_SaladOL"",""9ea49cb3-212e-452f-908a-09b81601fe45_SaladOL"",""6be479f8-4a3f-4d97-8f06-0f301b0acd64_Salad"",""94e306f0-ad75-49ba-b2f1-553a5ce7c9c5_SaladOL"",""b69ccfaa-7ae4-4bf8-ac1f-a0a9d5fcb40f_SaladOL"",""923da982-5016-4456-980f-fe08463be1e4_Salad"",""a3f0e9a9-0cec-4adb-855a-238beeba7bf9_Salad"",""b69ccfaa-7ae4-4bf8-ac1f-a0a9d5fcb40f_Salad""]",59,Male,White,Non-Hispanic,3,4,Trackpad,How many steps I would need to take to prepare the meals. ,None
9704-ca7ee5a1-234e-48a6-b1a4-695e7d4f4f0e,environment_design,overcooked_design,prolific-run-01132026,False,base,fully-interleaved,5f04b7a99b50ac10df3a9eac,chrome,1280.0,631.0,False,1768355310881.0,1768355805663.0,494782.0,0.0,"[""9ea49cb3-212e-452f-908a-09b81601fe45_Salad"",""9ea49cb3-212e-452f-908a-09b81601fe45_SaladOL"",""e5abe513-7271-4d97-8f41-c67d5dc744c7_Salad"",""923da982-5016-4456-980f-fe08463be1e4_Salad"",""9869c018-45e4-4d69-80fb-dc3e7ac8cb03_SaladOL"",""74b431e8-e8ca-48fd-b5b4-ab6f32563faf_Salad"",""a3f0e9a9-0cec-4adb-855a-238beeba7bf9_SaladOL"",""6be479f8-4a3f-4d97-8f06-0f301b0acd64_Salad"",""74b431e8-e8ca-48fd-b5b4-ab6f32563faf_SaladOL"",""a3f0e9a9-0cec-4adb-855a-238beeba7bf9_Salad"",""908ba92f-7e3f-40cf-a293-86847bd7f04f_Salad"",""908ba92f-7e3f-40cf-a293-86847bd7f04f_SaladOL"",""e9fc4a2f-efaf-4341-b11b-bf9fbb625dc5_SaladOL"",""6be479f8-4a3f-4d97-8f06-0f301b0acd64_SaladOL"",""94e306f0-ad75-49ba-b2f1-553a5ce7c9c5_SaladOL"",""b69ccfaa-7ae4-4bf8-ac1f-a0a9d5fcb40f_SaladOL"",""94e306f0-ad75-49ba-b2f1-553a5ce7c9c5_Salad"",""ccd95ed1-36b4-46f6-a2fc-fd3f110cda80_SaladOL"",""e5abe513-7271-4d97-8f41-c67d5dc744c7_SaladOL"",""ccd95ed1-36b4-46f6-a2fc-fd3f110cda80_Salad"",""b69ccfaa-7ae4-4bf8-ac1f-a0a9d5fcb40f_Salad"",""923da982-5016-4456-980f-fe08463be1e4_SaladOL"",""e9fc4a2f-efaf-4341-b11b-bf9fbb625dc5_Salad"",""9869c018-45e4-4d69-80fb-dc3e7ac8cb03_Salad""]",44,Female,White,Non-Hispanic,3,5,Trackpad,I tried to make the cutting board and plate as equidistant from the veggies as possible!,
9757-d778f97e-1ffc-42fa-8770-0fc2b85ce5b8,environment_design,overcooked_design,prolific-run-01132026,False,base,fully-interleaved,677489184e54abf6ee83d704,chrome,1472.0,797.0,False,1768355408391.0,1768356267808.0,859417.0,0.0,"[""ccd95ed1-36b4-46f6-a2fc-fd3f110cda80_Salad"",""b69ccfaa-7ae4-4bf8-ac1f-a0a9d5fcb40f_Salad"",""9ea49cb3-212e-452f-908a-09b81601fe45_SaladOL"",""e9fc4a2f-efaf-4341-b11b-bf9fbb625dc5_SaladOL"",""6be479f8-4a3f-4d97-8f06-0f301b0acd64_Salad"",""9869c018-45e4-4d69-80fb-dc3e7ac8cb03_Salad"",""e5abe513-7271-4d97-8f41-c67d5dc744c7_Salad"",""74b431e8-e8ca-48fd-b5b4-ab6f32563faf_Salad"",""9869c018-45e4-4d69-80fb-dc3e7ac8cb03_SaladOL"",""9ea49cb3-212e-452f-908a-09b81601fe45_Salad"",""e5abe513-7271-4d97-8f41-c67d5dc744c7_SaladOL"",""923da982-5016-4456-980f-fe08463be1e4_SaladOL"",""94e306f0-ad75-49ba-b2f1-553a5ce7c9c5_Salad"",""a3f0e9a9-0cec-4adb-855a-238beeba7bf9_Salad"",""923da982-5016-4456-980f-fe08463be1e4_Salad"",""ccd95ed1-36b4-46f6-a2fc-fd3f110cda80_SaladOL"",""74b431e8-e8ca-48fd-b5b4-ab6f32563faf_SaladOL"",""908ba92f-7e3f-40cf-a293-86847bd7f04f_Salad"",""94e306f0-ad75-49ba-b2f1-553a5ce7c9c5_SaladOL"",""b69ccfaa-7ae4-4bf8-ac1f-a0a9d5fcb40f_SaladOL"",""e9fc4a2f-efaf-4341-b11b-bf9fbb625dc5_Salad"",""6be479f8-4a3f-4d97-8f06-0f301b0acd64_SaladOL"",""908ba92f-7e3f-40cf-a293-86847bd7f04f_SaladOL"",""a3f0e9a9-0cec-4adb-855a-238beeba7bf9_SaladOL""]",53,Male,White,Non-Hispanic,2,5,Trackpad,It actually was kind of fun. I'd have liked to be able to manipulate the furniture more,
9806-1534a989-ab60-4714-86d0-c1e766072817,environment_design,overcooked_design,prolific-run-01132026,False,base,fully-interleaved,662e89416a1d494ac9e84af3,firefox,1536.0,739.0,False,1768354881176.0,1768355579598.0,698422.0,0.0,"[""94e306f0-ad75-49ba-b2f1-553a5ce7c9c5_Salad"",""e9fc4a2f-efaf-4341-b11b-bf9fbb625dc5_Salad"",""e9fc4a2f-efaf-4341-b11b-bf9fbb625dc5_SaladOL"",""ccd95ed1-36b4-46f6-a2fc-fd3f110cda80_Salad"",""9869c018-45e4-4d69-80fb-dc3e7ac8cb03_Salad"",""a3f0e9a9-0cec-4adb-855a-238beeba7bf9_SaladOL"",""9869c018-45e4-4d69-80fb-dc3e7ac8cb03_SaladOL"",""74b431e8-e8ca-48fd-b5b4-ab6f32563faf_SaladOL"",""74b431e8-e8ca-48fd-b5b4-ab6f32563faf_Salad"",""e5abe513-7271-4d97-8f41-c67d5dc744c7_Salad"",""908ba92f-7e3f-40cf-a293-86847bd7f04f_Salad"",""94e306f0-ad75-49ba-b2f1-553a5ce7c9c5_SaladOL"",""9ea49cb3-212e-452f-908a-09b81601fe45_Salad"",""6be479f8-4a3f-4d97-8f06-0f301b0acd64_Salad"",""ccd95ed1-36b4-46f6-a2fc-fd3f110cda80_SaladOL"",""a3f0e9a9-0cec-4adb-855a-238beeba7bf9_Salad"",""9ea49cb3-212e-452f-908a-09b81601fe45_SaladOL"",""6be479f8-4a3f-4d97-8f06-0f301b0acd64_SaladOL"",""e5abe513-7271-4d97-8f41-c67d5dc744c7_SaladOL"",""b69ccfaa-7ae4-4bf8-ac1f-a0a9d5fcb40f_SaladOL"",""908ba92f-7e3f-40cf-a293-86847bd7f04f_SaladOL"",""b69ccfaa-7ae4-4bf8-ac1f-a0a9d5fcb40f_Salad"",""923da982-5016-4456-980f-fe08463be1e4_SaladOL"",""923da982-5016-4456-980f-fe08463be1e4_Salad""]",46,Male,White,Non-Hispanic,3,4,Trackpad,trying to keep the necessary ingredients as close to each other as possible,no technical difficulties
9890-ad5cb564-1bc0-469b-8e6a-c2a0d086a785,environment_design,overcooked_design,prolific-run-01132026,False,base,fully-interleaved,60e0e9ed1b975bb7708968ff,chrome,1517.0,684.0,False,1768354830577.0,1768355726037.0,895460.0,0.0,"[""e9fc4a2f-efaf-4341-b11b-bf9fbb625dc5_Salad"",""e9fc4a2f-efaf-4341-b11b-bf9fbb625dc5_SaladOL"",""94e306f0-ad75-49ba-b2f1-553a5ce7c9c5_Salad"",""9ea49cb3-212e-452f-908a-09b81601fe45_SaladOL"",""6be479f8-4a3f-4d97-8f06-0f301b0acd64_SaladOL"",""e5abe513-7271-4d97-8f41-c67d5dc744c7_Salad"",""9869c018-45e4-4d69-80fb-dc3e7ac8cb03_Salad"",""908ba92f-7e3f-40cf-a293-86847bd7f04f_SaladOL"",""a3f0e9a9-0cec-4adb-855a-238beeba7bf9_Salad"",""e5abe513-7271-4d97-8f41-c67d5dc744c7_SaladOL"",""6be479f8-4a3f-4d97-8f06-0f301b0acd64_Salad"",""908ba92f-7e3f-40cf-a293-86847bd7f04f_Salad"",""9869c018-45e4-4d69-80fb-dc3e7ac8cb03_SaladOL"",""923da982-5016-4456-980f-fe08463be1e4_SaladOL"",""ccd95ed1-36b4-46f6-a2fc-fd3f110cda80_Salad"",""a3f0e9a9-0cec-4adb-855a-238beeba7bf9_SaladOL"",""b69ccfaa-7ae4-4bf8-ac1f-a0a9d5fcb40f_SaladOL"",""74b431e8-e8ca-48fd-b5b4-ab6f32563faf_Salad"",""94e306f0-ad75-49ba-b2f1-553a5ce7c9c5_SaladOL"",""b69ccfaa-7ae4-4bf8-ac1f-a0a9d5fcb40f_Salad"",""74b431e8-e8ca-48fd-b5b4-ab6f32563faf_SaladOL"",""9ea49cb3-212e-452f-908a-09b81601fe45_Salad"",""ccd95ed1-36b4-46f6-a2fc-fd3f110cda80_SaladOL"",""923da982-5016-4456-980f-fe08463be1e4_Salad""]",31,Female,Black/African American,Non-Hispanic,1,4,Mouse,How easy it would be for the chef to move about the kitchen and deliver his dishes in a timely manner.,N/A
9896-33e0ef66-23f0-473a-b521-ef636f4f838c,environment_design,overcooked_design,prolific-run-01132026,False,base,fully-interleaved,67a9034388a7629d47fdd89e,chrome,1707.0,932.0,False,1768354503559.0,1768355198016.0,694457.0,0.0,"[""e5abe513-7271-4d97-8f41-c67d5dc744c7_Salad"",""a3f0e9a9-0cec-4adb-855a-238beeba7bf9_Salad"",""923da982-5016-4456-980f-fe08463be1e4_Salad"",""74b431e8-e8ca-48fd-b5b4-ab6f32563faf_Salad"",""e9fc4a2f-efaf-4341-b11b-bf9fbb625dc5_SaladOL"",""74b431e8-e8ca-48fd-b5b4-ab6f32563faf_SaladOL"",""a3f0e9a9-0cec-4adb-855a-238beeba7bf9_SaladOL"",""9869c018-45e4-4d69-80fb-dc3e7ac8cb03_SaladOL"",""ccd95ed1-36b4-46f6-a2fc-fd3f110cda80_SaladOL"",""6be479f8-4a3f-4d97-8f06-0f301b0acd64_Salad"",""94e306f0-ad75-49ba-b2f1-553a5ce7c9c5_Salad"",""923da982-5016-4456-980f-fe08463be1e4_SaladOL"",""e5abe513-7271-4d97-8f41-c67d5dc744c7_SaladOL"",""6be479f8-4a3f-4d97-8f06-0f301b0acd64_SaladOL"",""ccd95ed1-36b4-46f6-a2fc-fd3f110cda80_Salad"",""9ea49cb3-212e-452f-908a-09b81601fe45_SaladOL"",""9ea49cb3-212e-452f-908a-09b81601fe45_Salad"",""908ba92f-7e3f-40cf-a293-86847bd7f04f_SaladOL"",""e9fc4a2f-efaf-4341-b11b-bf9fbb625dc5_Salad"",""94e306f0-ad75-49ba-b2f1-553a5ce7c9c5_SaladOL"",""b69ccfaa-7ae4-4bf8-ac1f-a0a9d5fcb40f_SaladOL"",""b69ccfaa-7ae4-4bf8-ac1f-a0a9d5fcb40f_Salad"",""9869c018-45e4-4d69-80fb-dc3e7ac8cb03_Salad"",""908ba92f-7e3f-40cf-a293-86847bd7f04f_Salad""]",44,Male,White,Non-Hispanic,1,4,Trackpad,tried to make it the most efficent i could,no difficulties
9897-27ba6666-fbec-486b-81d5-a4dc59c91626,environment_design,overcooked_design,prolific-run-01132026,False,communicative,fully-interleaved,64d518b2a5e95098500a176c,chrome,1366.0,599.0,False,1768354371206.0,1768355696269.0,1325063.0,1.0,"[""e5abe513-7271-4d97-8f41-c67d5dc744c7_SaladOL"",""e9fc4a2f-efaf-4341-b11b-bf9fbb625dc5_Salad"",""6be479f8-4a3f-4d97-8f06-0f301b0acd64_Salad"",""94e306f0-ad75-49ba-b2f1-553a5ce7c9c5_Salad"",""a3f0e9a9-0cec-4adb-855a-238beeba7bf9_SaladOL"",""74b431e8-e8ca-48fd-b5b4-ab6f32563faf_SaladOL"",""e9fc4a2f-efaf-4341-b11b-bf9fbb625dc5_SaladOL"",""6be479f8-4a3f-4d97-8f06-0f301b0acd64_SaladOL"",""74b431e8-e8ca-48fd-b5b4-ab6f32563faf_Salad"",""9869c018-45e4-4d69-80fb-dc3e7ac8cb03_SaladOL"",""a3f0e9a9-0cec-4adb-855a-238beeba7bf9_Salad"",""94e306f0-ad75-49ba-b2f1-553a5ce7c9c5_SaladOL"",""ccd95ed1-36b4-46f6-a2fc-fd3f110cda80_Salad"",""ccd95ed1-36b4-46f6-a2fc-fd3f110cda80_SaladOL"",""908ba92f-7e3f-40cf-a293-86847bd7f04f_SaladOL"",""9ea49cb3-212e-452f-908a-09b81601fe45_Salad"",""9ea49cb3-212e-452f-908a-09b81601fe45_SaladOL"",""e5abe513-7271-4d97-8f41-c67d5dc744c7_Salad"",""9869c018-45e4-4d69-80fb-dc3e7ac8cb03_Salad"",""923da982-5016-4456-980f-fe08463be1e4_SaladOL"",""b69ccfaa-7ae4-4bf8-ac1f-a0a9d5fcb40f_SaladOL"",""b69ccfaa-7ae4-4bf8-ac1f-a0a9d5fcb40f_Salad"",""923da982-5016-4456-980f-fe08463be1e4_Salad"",""908ba92f-7e3f-40cf-a293-86847bd7f04f_Salad""]",51,Female,Black/African American,Non-Hispanic,1,5,Mouse,I tried to make the station (or furniture) easy to work by each other as possible by keeping the food prep by each of the veggies. ,No issues! 
9913-567a32c8-b42a-42d1-8c8b-09cc201eed69,environment_design,overcooked_design,prolific-run-01132026,False,communicative,fully-interleaved,61647de75314468d5cb57f93,chrome,1366.0,633.0,False,1768356020389.0,1768356818124.0,797735.0,0.0,"[""9ea49cb3-212e-452f-908a-09b81601fe45_Salad"",""e9fc4a2f-efaf-4341-b11b-bf9fbb625dc5_Salad"",""923da982-5016-4456-980f-fe08463be1e4_Salad"",""ccd95ed1-36b4-46f6-a2fc-fd3f110cda80_Salad"",""e9fc4a2f-efaf-4341-b11b-bf9fbb625dc5_SaladOL"",""74b431e8-e8ca-48fd-b5b4-ab6f32563faf_SaladOL"",""9869c018-45e4-4d69-80fb-dc3e7ac8cb03_SaladOL"",""923da982-5016-4456-980f-fe08463be1e4_SaladOL"",""908ba92f-7e3f-40cf-a293-86847bd7f04f_SaladOL"",""94e306f0-ad75-49ba-b2f1-553a5ce7c9c5_Salad"",""ccd95ed1-36b4-46f6-a2fc-fd3f110cda80_SaladOL"",""e5abe513-7271-4d97-8f41-c67d5dc744c7_SaladOL"",""e5abe513-7271-4d97-8f41-c67d5dc744c7_Salad"",""b69ccfaa-7ae4-4bf8-ac1f-a0a9d5fcb40f_Salad"",""9869c018-45e4-4d69-80fb-dc3e7ac8cb03_Salad"",""9ea49cb3-212e-452f-908a-09b81601fe45_SaladOL"",""74b431e8-e8ca-48fd-b5b4-ab6f32563faf_Salad"",""94e306f0-ad75-49ba-b2f1-553a5ce7c9c5_SaladOL"",""b69ccfaa-7ae4-4bf8-ac1f-a0a9d5fcb40f_SaladOL"",""6be479f8-4a3f-4d97-8f06-0f301b0acd64_SaladOL"",""6be479f8-4a3f-4d97-8f06-0f301b0acd64_Salad"",""908ba92f-7e3f-40cf-a293-86847bd7f04f_Salad"",""a3f0e9a9-0cec-4adb-855a-238beeba7bf9_Salad"",""a3f0e9a9-0cec-4adb-855a-238beeba7bf9_SaladOL""]",27,Male,White,Non-Hispanic,4,5,Mouse,I considered what would be easiest to make the dish,
