trial,trial_type,intended_slider_value,n_chopping_boards,n_counters,model_agents,model_model,model_recipe,model_seed,model_settings,timesteps,agent_pauses,agent_collisions,was_successful
trial_01,cooks,0.0,1,4,2,bd_bd,Salad,1,agents=2-model=bd_bd-recipe=Salad,16,12,0,True
trial_01,cooks,0.0,1,4,2,bd_bd,Salad,2,agents=2-model=bd_bd-recipe=Salad,18,13,0,True
trial_01,cooks,0.0,1,4,2,bd_bd,Salad,3,agents=2-model=bd_bd-recipe=Salad,16,10,0,True
trial_01,cooks,0.0,1,4,2,bd_bd,Salad,4,agents=2-model=bd_bd-recipe=Salad,16,11,0,True
trial_01,cooks,0.0,1,4,2,bd_bd,Salad,5,agents=2-model=bd_bd-recipe=Salad,19,17,0,True
trial_01,cooks,0.0,1,4,2,bd_bd,Salad,6,agents=2-model=bd_bd-recipe=Salad,17,11,0,True
trial_01,cooks,0.0,1,4,2,bd_bd,Salad,7,agents=2-model=bd_bd-recipe=Salad,18,16,0,True
trial_01,cooks,0.0,1,4,2,bd_bd,Salad,8,agents=2-model=bd_bd-recipe=Salad,17,12,0,True
trial_01,cooks,0.0,1,4,2,bd_bd,Salad,9,agents=2-model=bd_bd-recipe=Salad,17,13,0,True
trial_01,cooks,0.0,1,4,2,bd_bd,Salad,10,agents=2-model=bd_bd-recipe=Salad,16,9,0,True
trial_01,cooks,0.0,1,4,2,bd_bd,Salad,11,agents=2-model=bd_bd-recipe=Salad,16,10,0,True
trial_01,cooks,0.0,1,4,2,bd_bd,Salad,12,agents=2-model=bd_bd-recipe=Salad,19,15,0,True
trial_01,cooks,0.0,1,4,2,bd_bd,Salad,13,agents=2-model=bd_bd-recipe=Salad,16,12,0,True
trial_01,cooks,0.0,1,4,2,bd_bd,Salad,14,agents=2-model=bd_bd-recipe=Salad,16,9,0,True
trial_01,cooks,0.0,1,4,2,bd_bd,Salad,15,agents=2-model=bd_bd-recipe=Salad,16,11,0,True
trial_01,cooks,0.0,1,4,2,bd_bd,Salad,16,agents=2-model=bd_bd-recipe=Salad,16,10,0,True
trial_01,cooks,0.0,1,4,2,bd_bd,Salad,17,agents=2-model=bd_bd-recipe=Salad,16,11,0,True
trial_01,cooks,0.0,1,4,2,bd_bd,Salad,18,agents=2-model=bd_bd-recipe=Salad,16,8,0,True
trial_01,cooks,0.0,1,4,2,bd_bd,Salad,19,agents=2-model=bd_bd-recipe=Salad,16,11,0,True
trial_01,cooks,0.0,1,4,2,bd_bd,Salad,20,agents=2-model=bd_bd-recipe=Salad,16,13,0,True
trial_01,cooks,0.0,1,4,2,centralized_centralized,Salad,1,agents=2-model=centralized_centralized-recipe=Salad,16,16,0,True
trial_01,cooks,0.0,1,4,2,centralized_centralized,Salad,2,agents=2-model=centralized_centralized-recipe=Salad,16,16,0,True
trial_01,cooks,0.0,1,4,2,centralized_centralized,Salad,3,agents=2-model=centralized_centralized-recipe=Salad,16,16,0,True
trial_01,cooks,0.0,1,4,2,centralized_centralized,Salad,4,agents=2-model=centralized_centralized-recipe=Salad,16,16,0,True
trial_01,cooks,0.0,1,4,2,centralized_centralized,Salad,5,agents=2-model=centralized_centralized-recipe=Salad,16,16,0,True
trial_01,cooks,0.0,1,4,2,centralized_centralized,Salad,6,agents=2-model=centralized_centralized-recipe=Salad,16,16,0,True
trial_01,cooks,0.0,1,4,2,centralized_centralized,Salad,7,agents=2-model=centralized_centralized-recipe=Salad,16,16,0,True
trial_01,cooks,0.0,1,4,2,centralized_centralized,Salad,8,agents=2-model=centralized_centralized-recipe=Salad,16,16,0,True
trial_01,cooks,0.0,1,4,2,centralized_centralized,Salad,9,agents=2-model=centralized_centralized-recipe=Salad,16,16,0,True
trial_01,cooks,0.0,1,4,2,centralized_centralized,Salad,10,agents=2-model=centralized_centralized-recipe=Salad,16,16,0,True
trial_01,cooks,0.0,1,4,2,centralized_centralized,Salad,11,agents=2-model=centralized_centralized-recipe=Salad,16,16,0,True
trial_01,cooks,0.0,1,4,2,centralized_centralized,Salad,12,agents=2-model=centralized_centralized-recipe=Salad,16,16,0,True
trial_01,cooks,0.0,1,4,2,centralized_centralized,Salad,13,agents=2-model=centralized_centralized-recipe=Salad,16,16,0,True
trial_01,cooks,0.0,1,4,2,centralized_centralized,Salad,14,agents=2-model=centralized_centralized-recipe=Salad,16,16,0,True
trial_01,cooks,0.0,1,4,2,centralized_centralized,Salad,15,agents=2-model=centralized_centralized-recipe=Salad,16,16,0,True
trial_01,cooks,0.0,1,4,2,centralized_centralized,Salad,16,agents=2-model=centralized_centralized-recipe=Salad,16,16,0,True
trial_01,cooks,0.0,1,4,2,centralized_centralized,Salad,17,agents=2-model=centralized_centralized-recipe=Salad,16,16,0,True
trial_01,cooks,0.0,1,4,2,centralized_centralized,Salad,18,agents=2-model=centralized_centralized-recipe=Salad,16,16,0,True
trial_01,cooks,0.0,1,4,2,centralized_centralized,Salad,19,agents=2-model=centralized_centralized-recipe=Salad,16,16,0,True
trial_01,cooks,0.0,1,4,2,centralized_centralized,Salad,20,agents=2-model=centralized_centralized-recipe=Salad,16,16,0,True
trial_01,cooks,0.0,1,4,1,greedy,Salad,1,agents=1-model=greedy-recipe=Salad,16,0,0,True
trial_01,cooks,0.0,1,4,1,greedy,Salad,2,agents=1-model=greedy-recipe=Salad,16,0,0,True
trial_01,cooks,0.0,1,4,1,greedy,Salad,3,agents=1-model=greedy-recipe=Salad,16,0,0,True
trial_01,cooks,0.0,1,4,1,greedy,Salad,4,agents=1-model=greedy-recipe=Salad,16,0,0,True
trial_01,cooks,0.0,1,4,1,greedy,Salad,5,agents=1-model=greedy-recipe=Salad,16,0,0,True
trial_01,cooks,0.0,1,4,1,greedy,Salad,6,agents=1-model=greedy-recipe=Salad,16,0,0,True
trial_01,cooks,0.0,1,4,1,greedy,Salad,7,agents=1-model=greedy-recipe=Salad,16,0,0,True
trial_01,cooks,0.0,1,4,1,greedy,Salad,8,agents=1-model=greedy-recipe=Salad,16,0,0,True
trial_01,cooks,0.0,1,4,1,greedy,Salad,9,agents=1-model=greedy-recipe=Salad,16,0,0,True
trial_01,cooks,0.0,1,4,1,greedy,Salad,10,agents=1-model=greedy-recipe=Salad,16,0,0,True
trial_01,cooks,0.0,1,4,1,greedy,Salad,11,agents=1-model=greedy-recipe=Salad,16,0,0,True
trial_01,cooks,0.0,1,4,1,greedy,Salad,12,agents=1-model=greedy-recipe=Salad,16,0,0,True
trial_01,cooks,0.0,1,4,1,greedy,Salad,13,agents=1-model=greedy-recipe=Salad,16,0,0,True
trial_01,cooks,0.0,1,4,1,greedy,Salad,14,agents=1-model=greedy-recipe=Salad,16,0,0,True
trial_01,cooks,0.0,1,4,1,greedy,Salad,15,agents=1-model=greedy-recipe=Salad,16,0,0,True
trial_01,cooks,0.0,1,4,1,greedy,Salad,16,agents=1-model=greedy-recipe=Salad,16,0,0,True
trial_01,cooks,0.0,1,4,1,greedy,Salad,17,agents=1-model=greedy-recipe=Salad,16,0,0,True
trial_01,cooks,0.0,1,4,1,greedy,Salad,18,agents=1-model=greedy-recipe=Salad,16,0,0,True
trial_01,cooks,0.0,1,4,1,greedy,Salad,19,agents=1-model=greedy-recipe=Salad,16,0,0,True
trial_01,cooks,0.0,1,4,1,greedy,Salad,20,agents=1-model=greedy-recipe=Salad,16,0,0,True
trial_01,cooks,0.0,1,4,2,greedy_greedy,Salad,1,agents=2-model=greedy_greedy-recipe=Salad,16,10,0,True
trial_01,cooks,0.0,1,4,2,greedy_greedy,Salad,2,agents=2-model=greedy_greedy-recipe=Salad,16,7,0,True
trial_01,cooks,0.0,1,4,2,greedy_greedy,Salad,3,agents=2-model=greedy_greedy-recipe=Salad,16,13,0,True
trial_01,cooks,0.0,1,4,2,greedy_greedy,Salad,4,agents=2-model=greedy_greedy-recipe=Salad,16,10,0,True
trial_01,cooks,0.0,1,4,2,greedy_greedy,Salad,5,agents=2-model=greedy_greedy-recipe=Salad,16,10,0,True
trial_01,cooks,0.0,1,4,2,greedy_greedy,Salad,6,agents=2-model=greedy_greedy-recipe=Salad,16,11,0,True
trial_01,cooks,0.0,1,4,2,greedy_greedy,Salad,7,agents=2-model=greedy_greedy-recipe=Salad,16,9,0,True
trial_01,cooks,0.0,1,4,2,greedy_greedy,Salad,8,agents=2-model=greedy_greedy-recipe=Salad,16,6,0,True
trial_01,cooks,0.0,1,4,2,greedy_greedy,Salad,9,agents=2-model=greedy_greedy-recipe=Salad,16,7,0,True
trial_01,cooks,0.0,1,4,2,greedy_greedy,Salad,10,agents=2-model=greedy_greedy-recipe=Salad,16,7,0,True
trial_01,cooks,0.0,1,4,2,greedy_greedy,Salad,11,agents=2-model=greedy_greedy-recipe=Salad,16,11,0,True
trial_01,cooks,0.0,1,4,2,greedy_greedy,Salad,12,agents=2-model=greedy_greedy-recipe=Salad,16,6,0,True
trial_01,cooks,0.0,1,4,2,greedy_greedy,Salad,13,agents=2-model=greedy_greedy-recipe=Salad,16,6,0,True
trial_01,cooks,0.0,1,4,2,greedy_greedy,Salad,14,agents=2-model=greedy_greedy-recipe=Salad,16,8,0,True
trial_01,cooks,0.0,1,4,2,greedy_greedy,Salad,15,agents=2-model=greedy_greedy-recipe=Salad,16,4,0,True
trial_01,cooks,0.0,1,4,2,greedy_greedy,Salad,16,agents=2-model=greedy_greedy-recipe=Salad,16,6,0,True
trial_01,cooks,0.0,1,4,2,greedy_greedy,Salad,17,agents=2-model=greedy_greedy-recipe=Salad,16,13,0,True
trial_01,cooks,0.0,1,4,2,greedy_greedy,Salad,18,agents=2-model=greedy_greedy-recipe=Salad,16,10,0,True
trial_01,cooks,0.0,1,4,2,greedy_greedy,Salad,19,agents=2-model=greedy_greedy-recipe=Salad,16,10,0,True
trial_01,cooks,0.0,1,4,2,greedy_greedy,Salad,20,agents=2-model=greedy_greedy-recipe=Salad,16,7,0,True
trial_02,cooks,0.0,2,6,2,bd_bd,Salad,1,agents=2-model=bd_bd-recipe=Salad,20,18,0,True
trial_02,cooks,0.0,2,6,2,bd_bd,Salad,2,agents=2-model=bd_bd-recipe=Salad,20,15,0,True
trial_02,cooks,0.0,2,6,2,bd_bd,Salad,3,agents=2-model=bd_bd-recipe=Salad,20,17,0,True
trial_02,cooks,0.0,2,6,2,bd_bd,Salad,4,agents=2-model=bd_bd-recipe=Salad,20,12,0,True
trial_02,cooks,0.0,2,6,2,bd_bd,Salad,5,agents=2-model=bd_bd-recipe=Salad,20,16,0,True
trial_02,cooks,0.0,2,6,2,bd_bd,Salad,6,agents=2-model=bd_bd-recipe=Salad,20,14,0,True
trial_02,cooks,0.0,2,6,2,bd_bd,Salad,7,agents=2-model=bd_bd-recipe=Salad,20,13,0,True
trial_02,cooks,0.0,2,6,2,bd_bd,Salad,8,agents=2-model=bd_bd-recipe=Salad,20,11,0,True
trial_02,cooks,0.0,2,6,2,bd_bd,Salad,9,agents=2-model=bd_bd-recipe=Salad,20,14,0,True
trial_02,cooks,0.0,2,6,2,bd_bd,Salad,10,agents=2-model=bd_bd-recipe=Salad,24,20,0,True
trial_02,cooks,0.0,2,6,2,bd_bd,Salad,11,agents=2-model=bd_bd-recipe=Salad,20,15,0,True
trial_02,cooks,0.0,2,6,2,bd_bd,Salad,12,agents=2-model=bd_bd-recipe=Salad,24,13,0,True
trial_02,cooks,0.0,2,6,2,bd_bd,Salad,13,agents=2-model=bd_bd-recipe=Salad,20,17,0,True
trial_02,cooks,0.0,2,6,2,bd_bd,Salad,14,agents=2-model=bd_bd-recipe=Salad,20,14,0,True
trial_02,cooks,0.0,2,6,2,bd_bd,Salad,15,agents=2-model=bd_bd-recipe=Salad,20,15,0,True
trial_02,cooks,0.0,2,6,2,bd_bd,Salad,16,agents=2-model=bd_bd-recipe=Salad,24,21,0,True
trial_02,cooks,0.0,2,6,2,bd_bd,Salad,17,agents=2-model=bd_bd-recipe=Salad,24,17,0,True
trial_02,cooks,0.0,2,6,2,bd_bd,Salad,18,agents=2-model=bd_bd-recipe=Salad,22,13,0,True
trial_02,cooks,0.0,2,6,2,bd_bd,Salad,19,agents=2-model=bd_bd-recipe=Salad,24,15,0,True
trial_02,cooks,0.0,2,6,2,bd_bd,Salad,20,agents=2-model=bd_bd-recipe=Salad,20,14,0,True
trial_02,cooks,0.0,2,6,2,centralized_centralized,Salad,1,agents=2-model=centralized_centralized-recipe=Salad,20,20,0,True
trial_02,cooks,0.0,2,6,2,centralized_centralized,Salad,2,agents=2-model=centralized_centralized-recipe=Salad,20,20,0,True
trial_02,cooks,0.0,2,6,2,centralized_centralized,Salad,3,agents=2-model=centralized_centralized-recipe=Salad,20,20,0,True
trial_02,cooks,0.0,2,6,2,centralized_centralized,Salad,4,agents=2-model=centralized_centralized-recipe=Salad,20,20,0,True
trial_02,cooks,0.0,2,6,2,centralized_centralized,Salad,5,agents=2-model=centralized_centralized-recipe=Salad,20,20,0,True
trial_02,cooks,0.0,2,6,2,centralized_centralized,Salad,6,agents=2-model=centralized_centralized-recipe=Salad,20,20,0,True
trial_02,cooks,0.0,2,6,2,centralized_centralized,Salad,7,agents=2-model=centralized_centralized-recipe=Salad,20,20,0,True
trial_02,cooks,0.0,2,6,2,centralized_centralized,Salad,8,agents=2-model=centralized_centralized-recipe=Salad,20,20,0,True
trial_02,cooks,0.0,2,6,2,centralized_centralized,Salad,9,agents=2-model=centralized_centralized-recipe=Salad,20,20,0,True
trial_02,cooks,0.0,2,6,2,centralized_centralized,Salad,10,agents=2-model=centralized_centralized-recipe=Salad,20,20,0,True
trial_02,cooks,0.0,2,6,2,centralized_centralized,Salad,11,agents=2-model=centralized_centralized-recipe=Salad,20,20,0,True
trial_02,cooks,0.0,2,6,2,centralized_centralized,Salad,12,agents=2-model=centralized_centralized-recipe=Salad,20,20,0,True
trial_02,cooks,0.0,2,6,2,centralized_centralized,Salad,13,agents=2-model=centralized_centralized-recipe=Salad,20,20,0,True
trial_02,cooks,0.0,2,6,2,centralized_centralized,Salad,14,agents=2-model=centralized_centralized-recipe=Salad,20,20,0,True
trial_02,cooks,0.0,2,6,2,centralized_centralized,Salad,15,agents=2-model=centralized_centralized-recipe=Salad,20,20,0,True
trial_02,cooks,0.0,2,6,2,centralized_centralized,Salad,16,agents=2-model=centralized_centralized-recipe=Salad,20,20,0,True
trial_02,cooks,0.0,2,6,2,centralized_centralized,Salad,17,agents=2-model=centralized_centralized-recipe=Salad,20,20,0,True
trial_02,cooks,0.0,2,6,2,centralized_centralized,Salad,18,agents=2-model=centralized_centralized-recipe=Salad,20,20,0,True
trial_02,cooks,0.0,2,6,2,centralized_centralized,Salad,19,agents=2-model=centralized_centralized-recipe=Salad,20,20,0,True
trial_02,cooks,0.0,2,6,2,centralized_centralized,Salad,20,agents=2-model=centralized_centralized-recipe=Salad,20,20,0,True
trial_02,cooks,0.0,2,6,1,greedy,Salad,1,agents=1-model=greedy-recipe=Salad,20,0,0,True
trial_02,cooks,0.0,2,6,1,greedy,Salad,2,agents=1-model=greedy-recipe=Salad,20,0,0,True
trial_02,cooks,0.0,2,6,1,greedy,Salad,3,agents=1-model=greedy-recipe=Salad,20,0,0,True
trial_02,cooks,0.0,2,6,1,greedy,Salad,4,agents=1-model=greedy-recipe=Salad,20,0,0,True
trial_02,cooks,0.0,2,6,1,greedy,Salad,5,agents=1-model=greedy-recipe=Salad,20,0,0,True
trial_02,cooks,0.0,2,6,1,greedy,Salad,6,agents=1-model=greedy-recipe=Salad,20,0,0,True
trial_02,cooks,0.0,2,6,1,greedy,Salad,7,agents=1-model=greedy-recipe=Salad,20,0,0,True
trial_02,cooks,0.0,2,6,1,greedy,Salad,8,agents=1-model=greedy-recipe=Salad,20,0,0,True
trial_02,cooks,0.0,2,6,1,greedy,Salad,9,agents=1-model=greedy-recipe=Salad,20,0,0,True
trial_02,cooks,0.0,2,6,1,greedy,Salad,10,agents=1-model=greedy-recipe=Salad,20,0,0,True
trial_02,cooks,0.0,2,6,1,greedy,Salad,11,agents=1-model=greedy-recipe=Salad,20,0,0,True
trial_02,cooks,0.0,2,6,1,greedy,Salad,12,agents=1-model=greedy-recipe=Salad,20,0,0,True
trial_02,cooks,0.0,2,6,1,greedy,Salad,13,agents=1-model=greedy-recipe=Salad,20,0,0,True
trial_02,cooks,0.0,2,6,1,greedy,Salad,14,agents=1-model=greedy-recipe=Salad,20,0,0,True
trial_02,cooks,0.0,2,6,1,greedy,Salad,15,agents=1-model=greedy-recipe=Salad,20,0,0,True
trial_02,cooks,0.0,2,6,1,greedy,Salad,16,agents=1-model=greedy-recipe=Salad,20,0,0,True
trial_02,cooks,0.0,2,6,1,greedy,Salad,17,agents=1-model=greedy-recipe=Salad,20,0,0,True
trial_02,cooks,0.0,2,6,1,greedy,Salad,18,agents=1-model=greedy-recipe=Salad,20,0,0,True
trial_02,cooks,0.0,2,6,1,greedy,Salad,19,agents=1-model=greedy-recipe=Salad,20,0,0,True
trial_02,cooks,0.0,2,6,1,greedy,Salad,20,agents=1-model=greedy-recipe=Salad,20,0,0,True
trial_02,cooks,0.0,2,6,2,greedy_greedy,Salad,1,agents=2-model=greedy_greedy-recipe=Salad,20,7,0,True
trial_02,cooks,0.0,2,6,2,greedy_greedy,Salad,2,agents=2-model=greedy_greedy-recipe=Salad,20,13,0,True
trial_02,cooks,0.0,2,6,2,greedy_greedy,Salad,3,agents=2-model=greedy_greedy-recipe=Salad,20,8,0,True
trial_02,cooks,0.0,2,6,2,greedy_greedy,Salad,4,agents=2-model=greedy_greedy-recipe=Salad,20,8,0,True
trial_02,cooks,0.0,2,6,2,greedy_greedy,Salad,5,agents=2-model=greedy_greedy-recipe=Salad,20,10,0,True
trial_02,cooks,0.0,2,6,2,greedy_greedy,Salad,6,agents=2-model=greedy_greedy-recipe=Salad,20,8,0,True
trial_02,cooks,0.0,2,6,2,greedy_greedy,Salad,7,agents=2-model=greedy_greedy-recipe=Salad,20,10,0,True
trial_02,cooks,0.0,2,6,2,greedy_greedy,Salad,8,agents=2-model=greedy_greedy-recipe=Salad,20,11,0,True
trial_02,cooks,0.0,2,6,2,greedy_greedy,Salad,9,agents=2-model=greedy_greedy-recipe=Salad,20,8,0,True
trial_02,cooks,0.0,2,6,2,greedy_greedy,Salad,10,agents=2-model=greedy_greedy-recipe=Salad,20,7,0,True
trial_02,cooks,0.0,2,6,2,greedy_greedy,Salad,11,agents=2-model=greedy_greedy-recipe=Salad,20,12,0,True
trial_02,cooks,0.0,2,6,2,greedy_greedy,Salad,12,agents=2-model=greedy_greedy-recipe=Salad,20,14,0,True
trial_02,cooks,0.0,2,6,2,greedy_greedy,Salad,13,agents=2-model=greedy_greedy-recipe=Salad,20,11,0,True
trial_02,cooks,0.0,2,6,2,greedy_greedy,Salad,14,agents=2-model=greedy_greedy-recipe=Salad,20,5,0,True
trial_02,cooks,0.0,2,6,2,greedy_greedy,Salad,15,agents=2-model=greedy_greedy-recipe=Salad,20,8,0,True
trial_02,cooks,0.0,2,6,2,greedy_greedy,Salad,16,agents=2-model=greedy_greedy-recipe=Salad,20,12,0,True
trial_02,cooks,0.0,2,6,2,greedy_greedy,Salad,17,agents=2-model=greedy_greedy-recipe=Salad,20,10,0,True
trial_02,cooks,0.0,2,6,2,greedy_greedy,Salad,18,agents=2-model=greedy_greedy-recipe=Salad,20,10,0,True
trial_02,cooks,0.0,2,6,2,greedy_greedy,Salad,19,agents=2-model=greedy_greedy-recipe=Salad,20,10,0,True
trial_02,cooks,0.0,2,6,2,greedy_greedy,Salad,20,agents=2-model=greedy_greedy-recipe=Salad,20,14,0,True
trial_03,cooks,12.5,1,9,2,bd_bd,Salad,1,agents=2-model=bd_bd-recipe=Salad,24,13,0,True
trial_03,cooks,12.5,1,9,2,bd_bd,Salad,2,agents=2-model=bd_bd-recipe=Salad,21,12,0,True
trial_03,cooks,12.5,1,9,2,bd_bd,Salad,3,agents=2-model=bd_bd-recipe=Salad,22,11,0,True
trial_03,cooks,12.5,1,9,2,bd_bd,Salad,4,agents=2-model=bd_bd-recipe=Salad,21,8,0,True
trial_03,cooks,12.5,1,9,2,bd_bd,Salad,5,agents=2-model=bd_bd-recipe=Salad,26,12,0,True
trial_03,cooks,12.5,1,9,2,bd_bd,Salad,6,agents=2-model=bd_bd-recipe=Salad,22,13,0,True
trial_03,cooks,12.5,1,9,2,bd_bd,Salad,7,agents=2-model=bd_bd-recipe=Salad,21,10,0,True
trial_03,cooks,12.5,1,9,2,bd_bd,Salad,8,agents=2-model=bd_bd-recipe=Salad,28,19,0,True
trial_03,cooks,12.5,1,9,2,bd_bd,Salad,9,agents=2-model=bd_bd-recipe=Salad,23,11,0,True
trial_03,cooks,12.5,1,9,2,bd_bd,Salad,10,agents=2-model=bd_bd-recipe=Salad,21,11,0,True
trial_03,cooks,12.5,1,9,2,bd_bd,Salad,11,agents=2-model=bd_bd-recipe=Salad,21,8,0,True
trial_03,cooks,12.5,1,9,2,bd_bd,Salad,12,agents=2-model=bd_bd-recipe=Salad,21,4,0,True
trial_03,cooks,12.5,1,9,2,bd_bd,Salad,13,agents=2-model=bd_bd-recipe=Salad,24,8,0,True
trial_03,cooks,12.5,1,9,2,bd_bd,Salad,14,agents=2-model=bd_bd-recipe=Salad,21,13,0,True
trial_03,cooks,12.5,1,9,2,bd_bd,Salad,15,agents=2-model=bd_bd-recipe=Salad,21,9,0,True
trial_03,cooks,12.5,1,9,2,bd_bd,Salad,16,agents=2-model=bd_bd-recipe=Salad,21,12,0,True
trial_03,cooks,12.5,1,9,2,bd_bd,Salad,17,agents=2-model=bd_bd-recipe=Salad,22,12,0,True
trial_03,cooks,12.5,1,9,2,bd_bd,Salad,18,agents=2-model=bd_bd-recipe=Salad,23,13,0,True
trial_03,cooks,12.5,1,9,2,bd_bd,Salad,19,agents=2-model=bd_bd-recipe=Salad,21,13,0,True
trial_03,cooks,12.5,1,9,2,bd_bd,Salad,20,agents=2-model=bd_bd-recipe=Salad,23,8,0,True
trial_03,cooks,12.5,1,9,2,centralized_centralized,Salad,1,agents=2-model=centralized_centralized-recipe=Salad,21,11,0,True
trial_03,cooks,12.5,1,9,2,centralized_centralized,Salad,2,agents=2-model=centralized_centralized-recipe=Salad,21,11,0,True
trial_03,cooks,12.5,1,9,2,centralized_centralized,Salad,3,agents=2-model=centralized_centralized-recipe=Salad,23,15,0,True
trial_03,cooks,12.5,1,9,2,centralized_centralized,Salad,4,agents=2-model=centralized_centralized-recipe=Salad,21,11,0,True
trial_03,cooks,12.5,1,9,2,centralized_centralized,Salad,5,agents=2-model=centralized_centralized-recipe=Salad,23,15,0,True
trial_03,cooks,12.5,1,9,2,centralized_centralized,Salad,6,agents=2-model=centralized_centralized-recipe=Salad,21,11,0,True
trial_03,cooks,12.5,1,9,2,centralized_centralized,Salad,7,agents=2-model=centralized_centralized-recipe=Salad,23,15,0,True
trial_03,cooks,12.5,1,9,2,centralized_centralized,Salad,8,agents=2-model=centralized_centralized-recipe=Salad,23,15,0,True
trial_03,cooks,12.5,1,9,2,centralized_centralized,Salad,9,agents=2-model=centralized_centralized-recipe=Salad,23,16,0,True
trial_03,cooks,12.5,1,9,2,centralized_centralized,Salad,10,agents=2-model=centralized_centralized-recipe=Salad,22,13,0,True
trial_03,cooks,12.5,1,9,2,centralized_centralized,Salad,11,agents=2-model=centralized_centralized-recipe=Salad,23,15,0,True
trial_03,cooks,12.5,1,9,2,centralized_centralized,Salad,12,agents=2-model=centralized_centralized-recipe=Salad,23,15,0,True
trial_03,cooks,12.5,1,9,2,centralized_centralized,Salad,13,agents=2-model=centralized_centralized-recipe=Salad,21,11,0,True
trial_03,cooks,12.5,1,9,2,centralized_centralized,Salad,14,agents=2-model=centralized_centralized-recipe=Salad,23,15,0,True
trial_03,cooks,12.5,1,9,2,centralized_centralized,Salad,15,agents=2-model=centralized_centralized-recipe=Salad,23,15,0,True
trial_03,cooks,12.5,1,9,2,centralized_centralized,Salad,16,agents=2-model=centralized_centralized-recipe=Salad,21,11,0,True
trial_03,cooks,12.5,1,9,2,centralized_centralized,Salad,17,agents=2-model=centralized_centralized-recipe=Salad,23,15,0,True
trial_03,cooks,12.5,1,9,2,centralized_centralized,Salad,18,agents=2-model=centralized_centralized-recipe=Salad,23,15,0,True
trial_03,cooks,12.5,1,9,2,centralized_centralized,Salad,19,agents=2-model=centralized_centralized-recipe=Salad,23,14,0,True
trial_03,cooks,12.5,1,9,2,centralized_centralized,Salad,20,agents=2-model=centralized_centralized-recipe=Salad,23,15,0,True
trial_03,cooks,12.5,1,9,1,greedy,Salad,1,agents=1-model=greedy-recipe=Salad,23,0,0,True
trial_03,cooks,12.5,1,9,1,greedy,Salad,2,agents=1-model=greedy-recipe=Salad,25,0,0,True
trial_03,cooks,12.5,1,9,1,greedy,Salad,3,agents=1-model=greedy-recipe=Salad,25,0,0,True
trial_03,cooks,12.5,1,9,1,greedy,Salad,4,agents=1-model=greedy-recipe=Salad,25,0,0,True
trial_03,cooks,12.5,1,9,1,greedy,Salad,5,agents=1-model=greedy-recipe=Salad,23,0,0,True
trial_03,cooks,12.5,1,9,1,greedy,Salad,6,agents=1-model=greedy-recipe=Salad,23,0,0,True
trial_03,cooks,12.5,1,9,1,greedy,Salad,7,agents=1-model=greedy-recipe=Salad,25,0,0,True
trial_03,cooks,12.5,1,9,1,greedy,Salad,8,agents=1-model=greedy-recipe=Salad,25,0,0,True
trial_03,cooks,12.5,1,9,1,greedy,Salad,9,agents=1-model=greedy-recipe=Salad,23,0,0,True
trial_03,cooks,12.5,1,9,1,greedy,Salad,10,agents=1-model=greedy-recipe=Salad,25,0,0,True
trial_03,cooks,12.5,1,9,1,greedy,Salad,11,agents=1-model=greedy-recipe=Salad,25,0,0,True
trial_03,cooks,12.5,1,9,1,greedy,Salad,12,agents=1-model=greedy-recipe=Salad,23,0,0,True
trial_03,cooks,12.5,1,9,1,greedy,Salad,13,agents=1-model=greedy-recipe=Salad,23,0,0,True
trial_03,cooks,12.5,1,9,1,greedy,Salad,14,agents=1-model=greedy-recipe=Salad,25,0,0,True
trial_03,cooks,12.5,1,9,1,greedy,Salad,15,agents=1-model=greedy-recipe=Salad,25,0,0,True
trial_03,cooks,12.5,1,9,1,greedy,Salad,16,agents=1-model=greedy-recipe=Salad,23,0,0,True
trial_03,cooks,12.5,1,9,1,greedy,Salad,17,agents=1-model=greedy-recipe=Salad,23,0,0,True
trial_03,cooks,12.5,1,9,1,greedy,Salad,18,agents=1-model=greedy-recipe=Salad,25,0,0,True
trial_03,cooks,12.5,1,9,1,greedy,Salad,19,agents=1-model=greedy-recipe=Salad,23,0,0,True
trial_03,cooks,12.5,1,9,1,greedy,Salad,20,agents=1-model=greedy-recipe=Salad,23,0,0,True
trial_03,cooks,12.5,1,9,2,greedy_greedy,Salad,1,agents=2-model=greedy_greedy-recipe=Salad,77,27,1,True
trial_03,cooks,12.5,1,9,2,greedy_greedy,Salad,2,agents=2-model=greedy_greedy-recipe=Salad,42,18,1,True
trial_03,cooks,12.5,1,9,2,greedy_greedy,Salad,3,agents=2-model=greedy_greedy-recipe=Salad,31,10,4,True
trial_03,cooks,12.5,1,9,2,greedy_greedy,Salad,4,agents=2-model=greedy_greedy-recipe=Salad,35,11,0,True
trial_03,cooks,12.5,1,9,2,greedy_greedy,Salad,5,agents=2-model=greedy_greedy-recipe=Salad,48,19,2,True
trial_03,cooks,12.5,1,9,2,greedy_greedy,Salad,6,agents=2-model=greedy_greedy-recipe=Salad,69,23,0,True
trial_03,cooks,12.5,1,9,2,greedy_greedy,Salad,7,agents=2-model=greedy_greedy-recipe=Salad,25,6,0,True
trial_03,cooks,12.5,1,9,2,greedy_greedy,Salad,8,agents=2-model=greedy_greedy-recipe=Salad,48,17,3,True
trial_03,cooks,12.5,1,9,2,greedy_greedy,Salad,9,agents=2-model=greedy_greedy-recipe=Salad,38,18,1,True
trial_03,cooks,12.5,1,9,2,greedy_greedy,Salad,10,agents=2-model=greedy_greedy-recipe=Salad,26,4,3,True
trial_03,cooks,12.5,1,9,2,greedy_greedy,Salad,11,agents=2-model=greedy_greedy-recipe=Salad,30,9,2,True
trial_03,cooks,12.5,1,9,2,greedy_greedy,Salad,12,agents=2-model=greedy_greedy-recipe=Salad,100,17,53,False
trial_03,cooks,12.5,1,9,2,greedy_greedy,Salad,13,agents=2-model=greedy_greedy-recipe=Salad,31,6,0,True
trial_03,cooks,12.5,1,9,2,greedy_greedy,Salad,14,agents=2-model=greedy_greedy-recipe=Salad,27,9,0,True
trial_03,cooks,12.5,1,9,2,greedy_greedy,Salad,15,agents=2-model=greedy_greedy-recipe=Salad,26,6,0,True
trial_03,cooks,12.5,1,9,2,greedy_greedy,Salad,16,agents=2-model=greedy_greedy-recipe=Salad,67,29,0,True
trial_03,cooks,12.5,1,9,2,greedy_greedy,Salad,17,agents=2-model=greedy_greedy-recipe=Salad,46,12,0,True
trial_03,cooks,12.5,1,9,2,greedy_greedy,Salad,18,agents=2-model=greedy_greedy-recipe=Salad,24,6,0,True
trial_03,cooks,12.5,1,9,2,greedy_greedy,Salad,19,agents=2-model=greedy_greedy-recipe=Salad,55,20,13,True
trial_03,cooks,12.5,1,9,2,greedy_greedy,Salad,20,agents=2-model=greedy_greedy-recipe=Salad,94,41,2,True
trial_04,cooks,12.5,2,4,2,bd_bd,Salad,1,agents=2-model=bd_bd-recipe=Salad,23,8,2,True
trial_04,cooks,12.5,2,4,2,bd_bd,Salad,2,agents=2-model=bd_bd-recipe=Salad,17,7,0,True
trial_04,cooks,12.5,2,4,2,bd_bd,Salad,3,agents=2-model=bd_bd-recipe=Salad,23,7,0,True
trial_04,cooks,12.5,2,4,2,bd_bd,Salad,4,agents=2-model=bd_bd-recipe=Salad,22,9,2,True
trial_04,cooks,12.5,2,4,2,bd_bd,Salad,5,agents=2-model=bd_bd-recipe=Salad,20,7,0,True
trial_04,cooks,12.5,2,4,2,bd_bd,Salad,6,agents=2-model=bd_bd-recipe=Salad,20,12,0,True
trial_04,cooks,12.5,2,4,2,bd_bd,Salad,7,agents=2-model=bd_bd-recipe=Salad,19,7,0,True
trial_04,cooks,12.5,2,4,2,bd_bd,Salad,8,agents=2-model=bd_bd-recipe=Salad,25,7,2,True
trial_04,cooks,12.5,2,4,2,bd_bd,Salad,9,agents=2-model=bd_bd-recipe=Salad,17,5,0,True
trial_04,cooks,12.5,2,4,2,bd_bd,Salad,10,agents=2-model=bd_bd-recipe=Salad,15,2,0,True
trial_04,cooks,12.5,2,4,2,bd_bd,Salad,11,agents=2-model=bd_bd-recipe=Salad,20,10,0,True
trial_04,cooks,12.5,2,4,2,bd_bd,Salad,12,agents=2-model=bd_bd-recipe=Salad,15,2,0,True
trial_04,cooks,12.5,2,4,2,bd_bd,Salad,13,agents=2-model=bd_bd-recipe=Salad,15,2,0,True
trial_04,cooks,12.5,2,4,2,bd_bd,Salad,14,agents=2-model=bd_bd-recipe=Salad,22,8,1,True
trial_04,cooks,12.5,2,4,2,bd_bd,Salad,15,agents=2-model=bd_bd-recipe=Salad,23,9,0,True
trial_04,cooks,12.5,2,4,2,bd_bd,Salad,16,agents=2-model=bd_bd-recipe=Salad,24,10,0,True
trial_04,cooks,12.5,2,4,2,bd_bd,Salad,17,agents=2-model=bd_bd-recipe=Salad,17,6,1,True
trial_04,cooks,12.5,2,4,2,bd_bd,Salad,18,agents=2-model=bd_bd-recipe=Salad,23,12,0,True
trial_04,cooks,12.5,2,4,2,bd_bd,Salad,19,agents=2-model=bd_bd-recipe=Salad,16,5,0,True
trial_04,cooks,12.5,2,4,2,bd_bd,Salad,20,agents=2-model=bd_bd-recipe=Salad,17,5,0,True
trial_04,cooks,12.5,2,4,2,centralized_centralized,Salad,1,agents=2-model=centralized_centralized-recipe=Salad,24,5,7,True
trial_04,cooks,12.5,2,4,2,centralized_centralized,Salad,2,agents=2-model=centralized_centralized-recipe=Salad,17,7,0,True
trial_04,cooks,12.5,2,4,2,centralized_centralized,Salad,3,agents=2-model=centralized_centralized-recipe=Salad,20,5,3,True
trial_04,cooks,12.5,2,4,2,centralized_centralized,Salad,4,agents=2-model=centralized_centralized-recipe=Salad,17,7,0,True
trial_04,cooks,12.5,2,4,2,centralized_centralized,Salad,5,agents=2-model=centralized_centralized-recipe=Salad,15,5,0,True
trial_04,cooks,12.5,2,4,2,centralized_centralized,Salad,6,agents=2-model=centralized_centralized-recipe=Salad,15,5,0,True
trial_04,cooks,12.5,2,4,2,centralized_centralized,Salad,7,agents=2-model=centralized_centralized-recipe=Salad,19,5,2,True
trial_04,cooks,12.5,2,4,2,centralized_centralized,Salad,8,agents=2-model=centralized_centralized-recipe=Salad,20,10,0,True
trial_04,cooks,12.5,2,4,2,centralized_centralized,Salad,9,agents=2-model=centralized_centralized-recipe=Salad,17,7,0,True
trial_04,cooks,12.5,2,4,2,centralized_centralized,Salad,10,agents=2-model=centralized_centralized-recipe=Salad,15,5,0,True
trial_04,cooks,12.5,2,4,2,centralized_centralized,Salad,11,agents=2-model=centralized_centralized-recipe=Salad,17,7,0,True
trial_04,cooks,12.5,2,4,2,centralized_centralized,Salad,12,agents=2-model=centralized_centralized-recipe=Salad,15,5,0,True
trial_04,cooks,12.5,2,4,2,centralized_centralized,Salad,13,agents=2-model=centralized_centralized-recipe=Salad,20,8,0,True
trial_04,cooks,12.5,2,4,2,centralized_centralized,Salad,14,agents=2-model=centralized_centralized-recipe=Salad,19,7,0,True
trial_04,cooks,12.5,2,4,2,centralized_centralized,Salad,15,agents=2-model=centralized_centralized-recipe=Salad,17,7,0,True
trial_04,cooks,12.5,2,4,2,centralized_centralized,Salad,16,agents=2-model=centralized_centralized-recipe=Salad,15,5,0,True
trial_04,cooks,12.5,2,4,2,centralized_centralized,Salad,17,agents=2-model=centralized_centralized-recipe=Salad,15,5,0,True
trial_04,cooks,12.5,2,4,2,centralized_centralized,Salad,18,agents=2-model=centralized_centralized-recipe=Salad,15,5,0,True
trial_04,cooks,12.5,2,4,2,centralized_centralized,Salad,19,agents=2-model=centralized_centralized-recipe=Salad,19,7,0,True
trial_04,cooks,12.5,2,4,2,centralized_centralized,Salad,20,agents=2-model=centralized_centralized-recipe=Salad,15,5,0,True
trial_04,cooks,12.5,2,4,1,greedy,Salad,1,agents=1-model=greedy-recipe=Salad,23,0,0,True
trial_04,cooks,12.5,2,4,1,greedy,Salad,2,agents=1-model=greedy-recipe=Salad,21,0,0,True
trial_04,cooks,12.5,2,4,1,greedy,Salad,3,agents=1-model=greedy-recipe=Salad,23,0,0,True
trial_04,cooks,12.5,2,4,1,greedy,Salad,4,agents=1-model=greedy-recipe=Salad,21,0,0,True
trial_04,cooks,12.5,2,4,1,greedy,Salad,5,agents=1-model=greedy-recipe=Salad,23,0,0,True
trial_04,cooks,12.5,2,4,1,greedy,Salad,6,agents=1-model=greedy-recipe=Salad,21,0,0,True
trial_04,cooks,12.5,2,4,1,greedy,Salad,7,agents=1-model=greedy-recipe=Salad,21,0,0,True
trial_04,cooks,12.5,2,4,1,greedy,Salad,8,agents=1-model=greedy-recipe=Salad,21,0,0,True
trial_04,cooks,12.5,2,4,1,greedy,Salad,9,agents=1-model=greedy-recipe=Salad,21,0,0,True
trial_04,cooks,12.5,2,4,1,greedy,Salad,10,agents=1-model=greedy-recipe=Salad,23,0,0,True
trial_04,cooks,12.5,2,4,1,greedy,Salad,11,agents=1-model=greedy-recipe=Salad,21,0,0,True
trial_04,cooks,12.5,2,4,1,greedy,Salad,12,agents=1-model=greedy-recipe=Salad,21,0,0,True
trial_04,cooks,12.5,2,4,1,greedy,Salad,13,agents=1-model=greedy-recipe=Salad,21,0,0,True
trial_04,cooks,12.5,2,4,1,greedy,Salad,14,agents=1-model=greedy-recipe=Salad,21,0,0,True
trial_04,cooks,12.5,2,4,1,greedy,Salad,15,agents=1-model=greedy-recipe=Salad,21,0,0,True
trial_04,cooks,12.5,2,4,1,greedy,Salad,16,agents=1-model=greedy-recipe=Salad,21,0,0,True
trial_04,cooks,12.5,2,4,1,greedy,Salad,17,agents=1-model=greedy-recipe=Salad,21,0,0,True
trial_04,cooks,12.5,2,4,1,greedy,Salad,18,agents=1-model=greedy-recipe=Salad,21,0,0,True
trial_04,cooks,12.5,2,4,1,greedy,Salad,19,agents=1-model=greedy-recipe=Salad,21,0,0,True
trial_04,cooks,12.5,2,4,1,greedy,Salad,20,agents=1-model=greedy-recipe=Salad,21,0,0,True
trial_04,cooks,12.5,2,4,2,greedy_greedy,Salad,1,agents=2-model=greedy_greedy-recipe=Salad,30,10,0,True
trial_04,cooks,12.5,2,4,2,greedy_greedy,Salad,2,agents=2-model=greedy_greedy-recipe=Salad,15,2,0,True
trial_04,cooks,12.5,2,4,2,greedy_greedy,Salad,3,agents=2-model=greedy_greedy-recipe=Salad,27,8,0,True
trial_04,cooks,12.5,2,4,2,greedy_greedy,Salad,4,agents=2-model=greedy_greedy-recipe=Salad,38,14,0,True
trial_04,cooks,12.5,2,4,2,greedy_greedy,Salad,5,agents=2-model=greedy_greedy-recipe=Salad,27,4,4,True
trial_04,cooks,12.5,2,4,2,greedy_greedy,Salad,6,agents=2-model=greedy_greedy-recipe=Salad,21,3,2,True
trial_04,cooks,12.5,2,4,2,greedy_greedy,Salad,7,agents=2-model=greedy_greedy-recipe=Salad,17,0,0,True
trial_04,cooks,12.5,2,4,2,greedy_greedy,Salad,8,agents=2-model=greedy_greedy-recipe=Salad,15,1,0,True
trial_04,cooks,12.5,2,4,2,greedy_greedy,Salad,9,agents=2-model=greedy_greedy-recipe=Salad,21,5,0,True
trial_04,cooks,12.5,2,4,2,greedy_greedy,Salad,10,agents=2-model=greedy_greedy-recipe=Salad,17,1,0,True
trial_04,cooks,12.5,2,4,2,greedy_greedy,Salad,11,agents=2-model=greedy_greedy-recipe=Salad,15,1,0,True
trial_04,cooks,12.5,2,4,2,greedy_greedy,Salad,12,agents=2-model=greedy_greedy-recipe=Salad,28,11,1,True
trial_04,cooks,12.5,2,4,2,greedy_greedy,Salad,13,agents=2-model=greedy_greedy-recipe=Salad,21,4,0,True
trial_04,cooks,12.5,2,4,2,greedy_greedy,Salad,14,agents=2-model=greedy_greedy-recipe=Salad,42,17,4,True
trial_04,cooks,12.5,2,4,2,greedy_greedy,Salad,15,agents=2-model=greedy_greedy-recipe=Salad,24,4,0,True
trial_04,cooks,12.5,2,4,2,greedy_greedy,Salad,16,agents=2-model=greedy_greedy-recipe=Salad,22,7,0,True
trial_04,cooks,12.5,2,4,2,greedy_greedy,Salad,17,agents=2-model=greedy_greedy-recipe=Salad,26,4,5,True
trial_04,cooks,12.5,2,4,2,greedy_greedy,Salad,18,agents=2-model=greedy_greedy-recipe=Salad,22,6,0,True
trial_04,cooks,12.5,2,4,2,greedy_greedy,Salad,19,agents=2-model=greedy_greedy-recipe=Salad,16,1,0,True
trial_04,cooks,12.5,2,4,2,greedy_greedy,Salad,20,agents=2-model=greedy_greedy-recipe=Salad,100,1,86,False
trial_05,cooks,25.0,1,6,2,bd_bd,Salad,1,agents=2-model=bd_bd-recipe=Salad,24,8,0,True
trial_05,cooks,25.0,1,6,2,bd_bd,Salad,2,agents=2-model=bd_bd-recipe=Salad,29,15,0,True
trial_05,cooks,25.0,1,6,2,bd_bd,Salad,3,agents=2-model=bd_bd-recipe=Salad,22,8,0,True
trial_05,cooks,25.0,1,6,2,bd_bd,Salad,4,agents=2-model=bd_bd-recipe=Salad,26,9,0,True
trial_05,cooks,25.0,1,6,2,bd_bd,Salad,5,agents=2-model=bd_bd-recipe=Salad,26,10,0,True
trial_05,cooks,25.0,1,6,2,bd_bd,Salad,6,agents=2-model=bd_bd-recipe=Salad,30,16,0,True
trial_05,cooks,25.0,1,6,2,bd_bd,Salad,7,agents=2-model=bd_bd-recipe=Salad,36,15,0,True
trial_05,cooks,25.0,1,6,2,bd_bd,Salad,8,agents=2-model=bd_bd-recipe=Salad,33,10,3,True
trial_05,cooks,25.0,1,6,2,bd_bd,Salad,9,agents=2-model=bd_bd-recipe=Salad,25,10,0,True
trial_05,cooks,25.0,1,6,2,bd_bd,Salad,10,agents=2-model=bd_bd-recipe=Salad,24,6,1,True
trial_05,cooks,25.0,1,6,2,bd_bd,Salad,11,agents=2-model=bd_bd-recipe=Salad,33,11,0,True
trial_05,cooks,25.0,1,6,2,bd_bd,Salad,12,agents=2-model=bd_bd-recipe=Salad,27,9,0,True
trial_05,cooks,25.0,1,6,2,bd_bd,Salad,13,agents=2-model=bd_bd-recipe=Salad,28,8,1,True
trial_05,cooks,25.0,1,6,2,bd_bd,Salad,14,agents=2-model=bd_bd-recipe=Salad,26,13,0,True
trial_05,cooks,25.0,1,6,2,bd_bd,Salad,15,agents=2-model=bd_bd-recipe=Salad,25,9,0,True
trial_05,cooks,25.0,1,6,2,bd_bd,Salad,16,agents=2-model=bd_bd-recipe=Salad,24,7,0,True
trial_05,cooks,25.0,1,6,2,bd_bd,Salad,17,agents=2-model=bd_bd-recipe=Salad,32,5,3,True
trial_05,cooks,25.0,1,6,2,bd_bd,Salad,18,agents=2-model=bd_bd-recipe=Salad,24,8,0,True
trial_05,cooks,25.0,1,6,2,bd_bd,Salad,19,agents=2-model=bd_bd-recipe=Salad,31,4,0,True
trial_05,cooks,25.0,1,6,2,bd_bd,Salad,20,agents=2-model=bd_bd-recipe=Salad,24,7,0,True
trial_05,cooks,25.0,1,6,2,centralized_centralized,Salad,1,agents=2-model=centralized_centralized-recipe=Salad,100,0,92,False
trial_05,cooks,25.0,1,6,2,centralized_centralized,Salad,2,agents=2-model=centralized_centralized-recipe=Salad,20,6,0,True
trial_05,cooks,25.0,1,6,2,centralized_centralized,Salad,3,agents=2-model=centralized_centralized-recipe=Salad,23,9,0,True
trial_05,cooks,25.0,1,6,2,centralized_centralized,Salad,4,agents=2-model=centralized_centralized-recipe=Salad,100,0,92,False
trial_05,cooks,25.0,1,6,2,centralized_centralized,Salad,5,agents=2-model=centralized_centralized-recipe=Salad,20,6,0,True
trial_05,cooks,25.0,1,6,2,centralized_centralized,Salad,6,agents=2-model=centralized_centralized-recipe=Salad,82,11,0,True
trial_05,cooks,25.0,1,6,2,centralized_centralized,Salad,7,agents=2-model=centralized_centralized-recipe=Salad,69,4,0,True
trial_05,cooks,25.0,1,6,2,centralized_centralized,Salad,8,agents=2-model=centralized_centralized-recipe=Salad,23,9,0,True
trial_05,cooks,25.0,1,6,2,centralized_centralized,Salad,9,agents=2-model=centralized_centralized-recipe=Salad,100,0,92,False
trial_05,cooks,25.0,1,6,2,centralized_centralized,Salad,10,agents=2-model=centralized_centralized-recipe=Salad,23,9,0,True
trial_05,cooks,25.0,1,6,2,centralized_centralized,Salad,11,agents=2-model=centralized_centralized-recipe=Salad,23,9,0,True
trial_05,cooks,25.0,1,6,2,centralized_centralized,Salad,12,agents=2-model=centralized_centralized-recipe=Salad,100,0,92,False
trial_05,cooks,25.0,1,6,2,centralized_centralized,Salad,13,agents=2-model=centralized_centralized-recipe=Salad,23,9,0,True
trial_05,cooks,25.0,1,6,2,centralized_centralized,Salad,14,agents=2-model=centralized_centralized-recipe=Salad,23,9,0,True
trial_05,cooks,25.0,1,6,2,centralized_centralized,Salad,15,agents=2-model=centralized_centralized-recipe=Salad,100,0,0,False
trial_05,cooks,25.0,1,6,2,centralized_centralized,Salad,16,agents=2-model=centralized_centralized-recipe=Salad,23,9,0,True
trial_05,cooks,25.0,1,6,2,centralized_centralized,Salad,17,agents=2-model=centralized_centralized-recipe=Salad,98,10,0,True
trial_05,cooks,25.0,1,6,2,centralized_centralized,Salad,18,agents=2-model=centralized_centralized-recipe=Salad,20,6,0,True
trial_05,cooks,25.0,1,6,2,centralized_centralized,Salad,19,agents=2-model=centralized_centralized-recipe=Salad,20,6,0,True
trial_05,cooks,25.0,1,6,2,centralized_centralized,Salad,20,agents=2-model=centralized_centralized-recipe=Salad,23,9,0,True
trial_05,cooks,25.0,1,6,1,greedy,Salad,1,agents=1-model=greedy-recipe=Salad,29,0,0,True
trial_05,cooks,25.0,1,6,1,greedy,Salad,2,agents=1-model=greedy-recipe=Salad,35,0,0,True
trial_05,cooks,25.0,1,6,1,greedy,Salad,3,agents=1-model=greedy-recipe=Salad,29,0,0,True
trial_05,cooks,25.0,1,6,1,greedy,Salad,4,agents=1-model=greedy-recipe=Salad,35,0,0,True
trial_05,cooks,25.0,1,6,1,greedy,Salad,5,agents=1-model=greedy-recipe=Salad,35,0,0,True
trial_05,cooks,25.0,1,6,1,greedy,Salad,6,agents=1-model=greedy-recipe=Salad,29,0,0,True
trial_05,cooks,25.0,1,6,1,greedy,Salad,7,agents=1-model=greedy-recipe=Salad,31,0,0,True
trial_05,cooks,25.0,1,6,1,greedy,Salad,8,agents=1-model=greedy-recipe=Salad,29,0,0,True
trial_05,cooks,25.0,1,6,1,greedy,Salad,9,agents=1-model=greedy-recipe=Salad,29,0,0,True
trial_05,cooks,25.0,1,6,1,greedy,Salad,10,agents=1-model=greedy-recipe=Salad,35,0,0,True
trial_05,cooks,25.0,1,6,1,greedy,Salad,11,agents=1-model=greedy-recipe=Salad,31,0,0,True
trial_05,cooks,25.0,1,6,1,greedy,Salad,12,agents=1-model=greedy-recipe=Salad,29,0,0,True
trial_05,cooks,25.0,1,6,1,greedy,Salad,13,agents=1-model=greedy-recipe=Salad,29,0,0,True
trial_05,cooks,25.0,1,6,1,greedy,Salad,14,agents=1-model=greedy-recipe=Salad,35,0,0,True
trial_05,cooks,25.0,1,6,1,greedy,Salad,15,agents=1-model=greedy-recipe=Salad,29,0,0,True
trial_05,cooks,25.0,1,6,1,greedy,Salad,16,agents=1-model=greedy-recipe=Salad,35,0,0,True
trial_05,cooks,25.0,1,6,1,greedy,Salad,17,agents=1-model=greedy-recipe=Salad,35,0,0,True
trial_05,cooks,25.0,1,6,1,greedy,Salad,18,agents=1-model=greedy-recipe=Salad,29,0,0,True
trial_05,cooks,25.0,1,6,1,greedy,Salad,19,agents=1-model=greedy-recipe=Salad,29,0,0,True
trial_05,cooks,25.0,1,6,1,greedy,Salad,20,agents=1-model=greedy-recipe=Salad,29,0,0,True
trial_05,cooks,25.0,1,6,2,greedy_greedy,Salad,1,agents=2-model=greedy_greedy-recipe=Salad,62,20,0,True
trial_05,cooks,25.0,1,6,2,greedy_greedy,Salad,2,agents=2-model=greedy_greedy-recipe=Salad,100,1,92,False
trial_05,cooks,25.0,1,6,2,greedy_greedy,Salad,3,agents=2-model=greedy_greedy-recipe=Salad,100,0,89,False
trial_05,cooks,25.0,1,6,2,greedy_greedy,Salad,4,agents=2-model=greedy_greedy-recipe=Salad,41,13,1,True
trial_05,cooks,25.0,1,6,2,greedy_greedy,Salad,5,agents=2-model=greedy_greedy-recipe=Salad,60,6,0,True
trial_05,cooks,25.0,1,6,2,greedy_greedy,Salad,6,agents=2-model=greedy_greedy-recipe=Salad,70,25,1,True
trial_05,cooks,25.0,1,6,2,greedy_greedy,Salad,7,agents=2-model=greedy_greedy-recipe=Salad,56,8,0,True
trial_05,cooks,25.0,1,6,2,greedy_greedy,Salad,8,agents=2-model=greedy_greedy-recipe=Salad,28,3,1,True
trial_05,cooks,25.0,1,6,2,greedy_greedy,Salad,9,agents=2-model=greedy_greedy-recipe=Salad,43,11,0,True
trial_05,cooks,25.0,1,6,2,greedy_greedy,Salad,10,agents=2-model=greedy_greedy-recipe=Salad,40,5,1,True
trial_05,cooks,25.0,1,6,2,greedy_greedy,Salad,11,agents=2-model=greedy_greedy-recipe=Salad,30,3,1,True
trial_05,cooks,25.0,1,6,2,greedy_greedy,Salad,12,agents=2-model=greedy_greedy-recipe=Salad,32,7,1,True
trial_05,cooks,25.0,1,6,2,greedy_greedy,Salad,13,agents=2-model=greedy_greedy-recipe=Salad,29,4,1,True
trial_05,cooks,25.0,1,6,2,greedy_greedy,Salad,14,agents=2-model=greedy_greedy-recipe=Salad,65,26,4,True
trial_05,cooks,25.0,1,6,2,greedy_greedy,Salad,15,agents=2-model=greedy_greedy-recipe=Salad,32,5,1,True
trial_05,cooks,25.0,1,6,2,greedy_greedy,Salad,16,agents=2-model=greedy_greedy-recipe=Salad,36,5,1,True
trial_05,cooks,25.0,1,6,2,greedy_greedy,Salad,17,agents=2-model=greedy_greedy-recipe=Salad,100,0,89,False
trial_05,cooks,25.0,1,6,2,greedy_greedy,Salad,18,agents=2-model=greedy_greedy-recipe=Salad,100,0,79,False
trial_05,cooks,25.0,1,6,2,greedy_greedy,Salad,19,agents=2-model=greedy_greedy-recipe=Salad,43,10,4,True
trial_05,cooks,25.0,1,6,2,greedy_greedy,Salad,20,agents=2-model=greedy_greedy-recipe=Salad,29,9,0,True
trial_06,cooks,25.0,2,9,2,bd_bd,Salad,1,agents=2-model=bd_bd-recipe=Salad,23,7,2,True
trial_06,cooks,25.0,2,9,2,bd_bd,Salad,2,agents=2-model=bd_bd-recipe=Salad,20,5,0,True
trial_06,cooks,25.0,2,9,2,bd_bd,Salad,3,agents=2-model=bd_bd-recipe=Salad,22,5,1,True
trial_06,cooks,25.0,2,9,2,bd_bd,Salad,4,agents=2-model=bd_bd-recipe=Salad,24,5,1,True
trial_06,cooks,25.0,2,9,2,bd_bd,Salad,5,agents=2-model=bd_bd-recipe=Salad,24,5,0,True
trial_06,cooks,25.0,2,9,2,bd_bd,Salad,6,agents=2-model=bd_bd-recipe=Salad,21,5,1,True
trial_06,cooks,25.0,2,9,2,bd_bd,Salad,7,agents=2-model=bd_bd-recipe=Salad,19,5,0,True
trial_06,cooks,25.0,2,9,2,bd_bd,Salad,8,agents=2-model=bd_bd-recipe=Salad,20,4,0,True
trial_06,cooks,25.0,2,9,2,bd_bd,Salad,9,agents=2-model=bd_bd-recipe=Salad,22,7,1,True
trial_06,cooks,25.0,2,9,2,bd_bd,Salad,10,agents=2-model=bd_bd-recipe=Salad,22,5,0,True
trial_06,cooks,25.0,2,9,2,bd_bd,Salad,11,agents=2-model=bd_bd-recipe=Salad,20,6,0,True
trial_06,cooks,25.0,2,9,2,bd_bd,Salad,12,agents=2-model=bd_bd-recipe=Salad,20,3,0,True
trial_06,cooks,25.0,2,9,2,bd_bd,Salad,13,agents=2-model=bd_bd-recipe=Salad,20,5,0,True
trial_06,cooks,25.0,2,9,2,bd_bd,Salad,14,agents=2-model=bd_bd-recipe=Salad,20,7,0,True
trial_06,cooks,25.0,2,9,2,bd_bd,Salad,15,agents=2-model=bd_bd-recipe=Salad,22,4,0,True
trial_06,cooks,25.0,2,9,2,bd_bd,Salad,16,agents=2-model=bd_bd-recipe=Salad,20,3,0,True
trial_06,cooks,25.0,2,9,2,bd_bd,Salad,17,agents=2-model=bd_bd-recipe=Salad,20,5,0,True
trial_06,cooks,25.0,2,9,2,bd_bd,Salad,18,agents=2-model=bd_bd-recipe=Salad,20,6,0,True
trial_06,cooks,25.0,2,9,2,bd_bd,Salad,19,agents=2-model=bd_bd-recipe=Salad,20,5,0,True
trial_06,cooks,25.0,2,9,2,bd_bd,Salad,20,agents=2-model=bd_bd-recipe=Salad,20,2,0,True
trial_06,cooks,25.0,2,9,2,centralized_centralized,Salad,1,agents=2-model=centralized_centralized-recipe=Salad,20,7,0,True
trial_06,cooks,25.0,2,9,2,centralized_centralized,Salad,2,agents=2-model=centralized_centralized-recipe=Salad,20,7,0,True
trial_06,cooks,25.0,2,9,2,centralized_centralized,Salad,3,agents=2-model=centralized_centralized-recipe=Salad,21,9,0,True
trial_06,cooks,25.0,2,9,2,centralized_centralized,Salad,4,agents=2-model=centralized_centralized-recipe=Salad,20,7,0,True
trial_06,cooks,25.0,2,9,2,centralized_centralized,Salad,5,agents=2-model=centralized_centralized-recipe=Salad,21,9,0,True
trial_06,cooks,25.0,2,9,2,centralized_centralized,Salad,6,agents=2-model=centralized_centralized-recipe=Salad,20,7,0,True
trial_06,cooks,25.0,2,9,2,centralized_centralized,Salad,7,agents=2-model=centralized_centralized-recipe=Salad,20,7,0,True
trial_06,cooks,25.0,2,9,2,centralized_centralized,Salad,8,agents=2-model=centralized_centralized-recipe=Salad,20,7,0,True
trial_06,cooks,25.0,2,9,2,centralized_centralized,Salad,9,agents=2-model=centralized_centralized-recipe=Salad,20,7,0,True
trial_06,cooks,25.0,2,9,2,centralized_centralized,Salad,10,agents=2-model=centralized_centralized-recipe=Salad,21,9,0,True
trial_06,cooks,25.0,2,9,2,centralized_centralized,Salad,11,agents=2-model=centralized_centralized-recipe=Salad,20,7,0,True
trial_06,cooks,25.0,2,9,2,centralized_centralized,Salad,12,agents=2-model=centralized_centralized-recipe=Salad,21,9,0,True
trial_06,cooks,25.0,2,9,2,centralized_centralized,Salad,13,agents=2-model=centralized_centralized-recipe=Salad,20,7,0,True
trial_06,cooks,25.0,2,9,2,centralized_centralized,Salad,14,agents=2-model=centralized_centralized-recipe=Salad,20,7,0,True
trial_06,cooks,25.0,2,9,2,centralized_centralized,Salad,15,agents=2-model=centralized_centralized-recipe=Salad,20,7,0,True
trial_06,cooks,25.0,2,9,2,centralized_centralized,Salad,16,agents=2-model=centralized_centralized-recipe=Salad,21,9,0,True
trial_06,cooks,25.0,2,9,2,centralized_centralized,Salad,17,agents=2-model=centralized_centralized-recipe=Salad,20,7,0,True
trial_06,cooks,25.0,2,9,2,centralized_centralized,Salad,18,agents=2-model=centralized_centralized-recipe=Salad,21,9,0,True
trial_06,cooks,25.0,2,9,2,centralized_centralized,Salad,19,agents=2-model=centralized_centralized-recipe=Salad,20,7,0,True
trial_06,cooks,25.0,2,9,2,centralized_centralized,Salad,20,agents=2-model=centralized_centralized-recipe=Salad,20,7,0,True
trial_06,cooks,25.0,2,9,1,greedy,Salad,1,agents=1-model=greedy-recipe=Salad,35,0,0,True
trial_06,cooks,25.0,2,9,1,greedy,Salad,2,agents=1-model=greedy-recipe=Salad,35,0,0,True
trial_06,cooks,25.0,2,9,1,greedy,Salad,3,agents=1-model=greedy-recipe=Salad,27,0,0,True
trial_06,cooks,25.0,2,9,1,greedy,Salad,4,agents=1-model=greedy-recipe=Salad,35,0,0,True
trial_06,cooks,25.0,2,9,1,greedy,Salad,5,agents=1-model=greedy-recipe=Salad,31,0,0,True
trial_06,cooks,25.0,2,9,1,greedy,Salad,6,agents=1-model=greedy-recipe=Salad,31,0,0,True
trial_06,cooks,25.0,2,9,1,greedy,Salad,7,agents=1-model=greedy-recipe=Salad,35,0,0,True
trial_06,cooks,25.0,2,9,1,greedy,Salad,8,agents=1-model=greedy-recipe=Salad,27,0,0,True
trial_06,cooks,25.0,2,9,1,greedy,Salad,9,agents=1-model=greedy-recipe=Salad,25,0,0,True
trial_06,cooks,25.0,2,9,1,greedy,Salad,10,agents=1-model=greedy-recipe=Salad,35,0,0,True
trial_06,cooks,25.0,2,9,1,greedy,Salad,11,agents=1-model=greedy-recipe=Salad,25,0,0,True
trial_06,cooks,25.0,2,9,1,greedy,Salad,12,agents=1-model=greedy-recipe=Salad,27,0,0,True
trial_06,cooks,25.0,2,9,1,greedy,Salad,13,agents=1-model=greedy-recipe=Salad,25,0,0,True
trial_06,cooks,25.0,2,9,1,greedy,Salad,14,agents=1-model=greedy-recipe=Salad,25,0,0,True
trial_06,cooks,25.0,2,9,1,greedy,Salad,15,agents=1-model=greedy-recipe=Salad,31,0,0,True
trial_06,cooks,25.0,2,9,1,greedy,Salad,16,agents=1-model=greedy-recipe=Salad,35,0,0,True
trial_06,cooks,25.0,2,9,1,greedy,Salad,17,agents=1-model=greedy-recipe=Salad,25,0,0,True
trial_06,cooks,25.0,2,9,1,greedy,Salad,18,agents=1-model=greedy-recipe=Salad,27,0,0,True
trial_06,cooks,25.0,2,9,1,greedy,Salad,19,agents=1-model=greedy-recipe=Salad,25,0,0,True
trial_06,cooks,25.0,2,9,1,greedy,Salad,20,agents=1-model=greedy-recipe=Salad,25,0,0,True
trial_06,cooks,25.0,2,9,2,greedy_greedy,Salad,1,agents=2-model=greedy_greedy-recipe=Salad,31,7,2,True
trial_06,cooks,25.0,2,9,2,greedy_greedy,Salad,2,agents=2-model=greedy_greedy-recipe=Salad,30,4,4,True
trial_06,cooks,25.0,2,9,2,greedy_greedy,Salad,3,agents=2-model=greedy_greedy-recipe=Salad,27,6,3,True
trial_06,cooks,25.0,2,9,2,greedy_greedy,Salad,4,agents=2-model=greedy_greedy-recipe=Salad,25,6,0,True
trial_06,cooks,25.0,2,9,2,greedy_greedy,Salad,5,agents=2-model=greedy_greedy-recipe=Salad,33,16,2,True
trial_06,cooks,25.0,2,9,2,greedy_greedy,Salad,6,agents=2-model=greedy_greedy-recipe=Salad,29,13,0,True
trial_06,cooks,25.0,2,9,2,greedy_greedy,Salad,7,agents=2-model=greedy_greedy-recipe=Salad,26,5,1,True
trial_06,cooks,25.0,2,9,2,greedy_greedy,Salad,8,agents=2-model=greedy_greedy-recipe=Salad,41,6,1,True
trial_06,cooks,25.0,2,9,2,greedy_greedy,Salad,9,agents=2-model=greedy_greedy-recipe=Salad,28,6,0,True
trial_06,cooks,25.0,2,9,2,greedy_greedy,Salad,10,agents=2-model=greedy_greedy-recipe=Salad,25,6,0,True
trial_06,cooks,25.0,2,9,2,greedy_greedy,Salad,11,agents=2-model=greedy_greedy-recipe=Salad,31,10,1,True
trial_06,cooks,25.0,2,9,2,greedy_greedy,Salad,12,agents=2-model=greedy_greedy-recipe=Salad,23,4,0,True
trial_06,cooks,25.0,2,9,2,greedy_greedy,Salad,13,agents=2-model=greedy_greedy-recipe=Salad,23,4,1,True
trial_06,cooks,25.0,2,9,2,greedy_greedy,Salad,14,agents=2-model=greedy_greedy-recipe=Salad,30,3,2,True
trial_06,cooks,25.0,2,9,2,greedy_greedy,Salad,15,agents=2-model=greedy_greedy-recipe=Salad,30,6,4,True
trial_06,cooks,25.0,2,9,2,greedy_greedy,Salad,16,agents=2-model=greedy_greedy-recipe=Salad,27,3,1,True
trial_06,cooks,25.0,2,9,2,greedy_greedy,Salad,17,agents=2-model=greedy_greedy-recipe=Salad,27,9,1,True
trial_06,cooks,25.0,2,9,2,greedy_greedy,Salad,18,agents=2-model=greedy_greedy-recipe=Salad,21,5,2,True
trial_06,cooks,25.0,2,9,2,greedy_greedy,Salad,19,agents=2-model=greedy_greedy-recipe=Salad,24,7,0,True
trial_06,cooks,25.0,2,9,2,greedy_greedy,Salad,20,agents=2-model=greedy_greedy-recipe=Salad,34,12,3,True
trial_07,cooks,37.5,1,4,2,bd_bd,Salad,1,agents=2-model=bd_bd-recipe=Salad,41,17,0,True
trial_07,cooks,37.5,1,4,2,bd_bd,Salad,2,agents=2-model=bd_bd-recipe=Salad,100,3,0,False
trial_07,cooks,37.5,1,4,2,bd_bd,Salad,3,agents=2-model=bd_bd-recipe=Salad,42,23,0,True
trial_07,cooks,37.5,1,4,2,bd_bd,Salad,4,agents=2-model=bd_bd-recipe=Salad,40,19,0,True
trial_07,cooks,37.5,1,4,2,bd_bd,Salad,5,agents=2-model=bd_bd-recipe=Salad,33,11,0,True
trial_07,cooks,37.5,1,4,2,bd_bd,Salad,6,agents=2-model=bd_bd-recipe=Salad,44,18,6,True
trial_07,cooks,37.5,1,4,2,bd_bd,Salad,7,agents=2-model=bd_bd-recipe=Salad,61,12,3,True
trial_07,cooks,37.5,1,4,2,bd_bd,Salad,8,agents=2-model=bd_bd-recipe=Salad,41,16,0,True
trial_07,cooks,37.5,1,4,2,bd_bd,Salad,9,agents=2-model=bd_bd-recipe=Salad,37,14,0,True
trial_07,cooks,37.5,1,4,2,bd_bd,Salad,10,agents=2-model=bd_bd-recipe=Salad,39,15,1,True
trial_07,cooks,37.5,1,4,2,bd_bd,Salad,11,agents=2-model=bd_bd-recipe=Salad,39,15,0,True
trial_07,cooks,37.5,1,4,2,bd_bd,Salad,12,agents=2-model=bd_bd-recipe=Salad,33,12,1,True
trial_07,cooks,37.5,1,4,2,bd_bd,Salad,13,agents=2-model=bd_bd-recipe=Salad,39,16,1,True
trial_07,cooks,37.5,1,4,2,bd_bd,Salad,14,agents=2-model=bd_bd-recipe=Salad,41,14,0,True
trial_07,cooks,37.5,1,4,2,bd_bd,Salad,15,agents=2-model=bd_bd-recipe=Salad,38,17,0,True
trial_07,cooks,37.5,1,4,2,bd_bd,Salad,16,agents=2-model=bd_bd-recipe=Salad,41,9,0,True
trial_07,cooks,37.5,1,4,2,bd_bd,Salad,17,agents=2-model=bd_bd-recipe=Salad,40,15,1,True
trial_07,cooks,37.5,1,4,2,bd_bd,Salad,18,agents=2-model=bd_bd-recipe=Salad,39,11,0,True
trial_07,cooks,37.5,1,4,2,bd_bd,Salad,19,agents=2-model=bd_bd-recipe=Salad,37,14,0,True
trial_07,cooks,37.5,1,4,2,bd_bd,Salad,20,agents=2-model=bd_bd-recipe=Salad,39,13,1,True
trial_07,cooks,37.5,1,4,2,centralized_centralized,Salad,1,agents=2-model=centralized_centralized-recipe=Salad,37,19,0,True
trial_07,cooks,37.5,1,4,2,centralized_centralized,Salad,2,agents=2-model=centralized_centralized-recipe=Salad,39,21,0,True
trial_07,cooks,37.5,1,4,2,centralized_centralized,Salad,3,agents=2-model=centralized_centralized-recipe=Salad,100,0,84,False
trial_07,cooks,37.5,1,4,2,centralized_centralized,Salad,4,agents=2-model=centralized_centralized-recipe=Salad,38,17,0,True
trial_07,cooks,37.5,1,4,2,centralized_centralized,Salad,5,agents=2-model=centralized_centralized-recipe=Salad,39,21,0,True
trial_07,cooks,37.5,1,4,2,centralized_centralized,Salad,6,agents=2-model=centralized_centralized-recipe=Salad,39,20,1,True
trial_07,cooks,37.5,1,4,2,centralized_centralized,Salad,7,agents=2-model=centralized_centralized-recipe=Salad,37,19,0,True
trial_07,cooks,37.5,1,4,2,centralized_centralized,Salad,8,agents=2-model=centralized_centralized-recipe=Salad,38,17,0,True
trial_07,cooks,37.5,1,4,2,centralized_centralized,Salad,9,agents=2-model=centralized_centralized-recipe=Salad,38,23,0,True
trial_07,cooks,37.5,1,4,2,centralized_centralized,Salad,10,agents=2-model=centralized_centralized-recipe=Salad,43,20,1,True
trial_07,cooks,37.5,1,4,2,centralized_centralized,Salad,11,agents=2-model=centralized_centralized-recipe=Salad,40,17,2,True
trial_07,cooks,37.5,1,4,2,centralized_centralized,Salad,12,agents=2-model=centralized_centralized-recipe=Salad,53,22,12,True
trial_07,cooks,37.5,1,4,2,centralized_centralized,Salad,13,agents=2-model=centralized_centralized-recipe=Salad,100,0,86,False
trial_07,cooks,37.5,1,4,2,centralized_centralized,Salad,14,agents=2-model=centralized_centralized-recipe=Salad,39,21,0,True
trial_07,cooks,37.5,1,4,2,centralized_centralized,Salad,15,agents=2-model=centralized_centralized-recipe=Salad,100,0,86,False
trial_07,cooks,37.5,1,4,2,centralized_centralized,Salad,16,agents=2-model=centralized_centralized-recipe=Salad,100,0,86,False
trial_07,cooks,37.5,1,4,2,centralized_centralized,Salad,17,agents=2-model=centralized_centralized-recipe=Salad,39,19,1,True
trial_07,cooks,37.5,1,4,2,centralized_centralized,Salad,18,agents=2-model=centralized_centralized-recipe=Salad,40,21,0,True
trial_07,cooks,37.5,1,4,2,centralized_centralized,Salad,19,agents=2-model=centralized_centralized-recipe=Salad,38,19,0,True
trial_07,cooks,37.5,1,4,2,centralized_centralized,Salad,20,agents=2-model=centralized_centralized-recipe=Salad,39,19,0,True
trial_07,cooks,37.5,1,4,1,greedy,Salad,1,agents=1-model=greedy-recipe=Salad,39,0,0,True
trial_07,cooks,37.5,1,4,1,greedy,Salad,2,agents=1-model=greedy-recipe=Salad,39,0,0,True
trial_07,cooks,37.5,1,4,1,greedy,Salad,3,agents=1-model=greedy-recipe=Salad,39,0,0,True
trial_07,cooks,37.5,1,4,1,greedy,Salad,4,agents=1-model=greedy-recipe=Salad,39,0,0,True
trial_07,cooks,37.5,1,4,1,greedy,Salad,5,agents=1-model=greedy-recipe=Salad,39,0,0,True
trial_07,cooks,37.5,1,4,1,greedy,Salad,6,agents=1-model=greedy-recipe=Salad,39,0,0,True
trial_07,cooks,37.5,1,4,1,greedy,Salad,7,agents=1-model=greedy-recipe=Salad,39,0,0,True
trial_07,cooks,37.5,1,4,1,greedy,Salad,8,agents=1-model=greedy-recipe=Salad,39,0,0,True
trial_07,cooks,37.5,1,4,1,greedy,Salad,9,agents=1-model=greedy-recipe=Salad,39,0,0,True
trial_07,cooks,37.5,1,4,1,greedy,Salad,10,agents=1-model=greedy-recipe=Salad,39,0,0,True
trial_07,cooks,37.5,1,4,1,greedy,Salad,11,agents=1-model=greedy-recipe=Salad,39,0,0,True
trial_07,cooks,37.5,1,4,1,greedy,Salad,12,agents=1-model=greedy-recipe=Salad,39,0,0,True
trial_07,cooks,37.5,1,4,1,greedy,Salad,13,agents=1-model=greedy-recipe=Salad,39,0,0,True
trial_07,cooks,37.5,1,4,1,greedy,Salad,14,agents=1-model=greedy-recipe=Salad,39,0,0,True
trial_07,cooks,37.5,1,4,1,greedy,Salad,15,agents=1-model=greedy-recipe=Salad,39,0,0,True
trial_07,cooks,37.5,1,4,1,greedy,Salad,16,agents=1-model=greedy-recipe=Salad,39,0,0,True
trial_07,cooks,37.5,1,4,1,greedy,Salad,17,agents=1-model=greedy-recipe=Salad,39,0,0,True
trial_07,cooks,37.5,1,4,1,greedy,Salad,18,agents=1-model=greedy-recipe=Salad,39,0,0,True
trial_07,cooks,37.5,1,4,1,greedy,Salad,19,agents=1-model=greedy-recipe=Salad,39,0,0,True
trial_07,cooks,37.5,1,4,1,greedy,Salad,20,agents=1-model=greedy-recipe=Salad,39,0,0,True
trial_07,cooks,37.5,1,4,2,greedy_greedy,Salad,1,agents=2-model=greedy_greedy-recipe=Salad,47,8,2,True
trial_07,cooks,37.5,1,4,2,greedy_greedy,Salad,2,agents=2-model=greedy_greedy-recipe=Salad,49,7,1,True
trial_07,cooks,37.5,1,4,2,greedy_greedy,Salad,3,agents=2-model=greedy_greedy-recipe=Salad,50,5,7,True
trial_07,cooks,37.5,1,4,2,greedy_greedy,Salad,4,agents=2-model=greedy_greedy-recipe=Salad,43,9,1,True
trial_07,cooks,37.5,1,4,2,greedy_greedy,Salad,5,agents=2-model=greedy_greedy-recipe=Salad,65,34,5,True
trial_07,cooks,37.5,1,4,2,greedy_greedy,Salad,6,agents=2-model=greedy_greedy-recipe=Salad,50,16,0,True
trial_07,cooks,37.5,1,4,2,greedy_greedy,Salad,7,agents=2-model=greedy_greedy-recipe=Salad,52,12,0,True
trial_07,cooks,37.5,1,4,2,greedy_greedy,Salad,8,agents=2-model=greedy_greedy-recipe=Salad,42,8,2,True
trial_07,cooks,37.5,1,4,2,greedy_greedy,Salad,9,agents=2-model=greedy_greedy-recipe=Salad,46,11,3,True
trial_07,cooks,37.5,1,4,2,greedy_greedy,Salad,10,agents=2-model=greedy_greedy-recipe=Salad,39,9,0,True
trial_07,cooks,37.5,1,4,2,greedy_greedy,Salad,11,agents=2-model=greedy_greedy-recipe=Salad,67,26,1,True
trial_07,cooks,37.5,1,4,2,greedy_greedy,Salad,12,agents=2-model=greedy_greedy-recipe=Salad,51,17,2,True
trial_07,cooks,37.5,1,4,2,greedy_greedy,Salad,13,agents=2-model=greedy_greedy-recipe=Salad,39,9,2,True
trial_07,cooks,37.5,1,4,2,greedy_greedy,Salad,14,agents=2-model=greedy_greedy-recipe=Salad,49,9,0,True
trial_07,cooks,37.5,1,4,2,greedy_greedy,Salad,15,agents=2-model=greedy_greedy-recipe=Salad,45,5,3,True
trial_07,cooks,37.5,1,4,2,greedy_greedy,Salad,16,agents=2-model=greedy_greedy-recipe=Salad,42,9,0,True
trial_07,cooks,37.5,1,4,2,greedy_greedy,Salad,17,agents=2-model=greedy_greedy-recipe=Salad,48,14,1,True
trial_07,cooks,37.5,1,4,2,greedy_greedy,Salad,18,agents=2-model=greedy_greedy-recipe=Salad,57,8,9,True
trial_07,cooks,37.5,1,4,2,greedy_greedy,Salad,19,agents=2-model=greedy_greedy-recipe=Salad,86,26,16,True
trial_07,cooks,37.5,1,4,2,greedy_greedy,Salad,20,agents=2-model=greedy_greedy-recipe=Salad,74,34,0,True
trial_08,cooks,37.5,2,6,2,bd_bd,Salad,1,agents=2-model=bd_bd-recipe=Salad,18,4,0,True
trial_08,cooks,37.5,2,6,2,bd_bd,Salad,2,agents=2-model=bd_bd-recipe=Salad,18,4,0,True
trial_08,cooks,37.5,2,6,2,bd_bd,Salad,3,agents=2-model=bd_bd-recipe=Salad,18,4,0,True
trial_08,cooks,37.5,2,6,2,bd_bd,Salad,4,agents=2-model=bd_bd-recipe=Salad,18,5,0,True
trial_08,cooks,37.5,2,6,2,bd_bd,Salad,5,agents=2-model=bd_bd-recipe=Salad,18,5,0,True
trial_08,cooks,37.5,2,6,2,bd_bd,Salad,6,agents=2-model=bd_bd-recipe=Salad,18,4,0,True
trial_08,cooks,37.5,2,6,2,bd_bd,Salad,7,agents=2-model=bd_bd-recipe=Salad,18,4,0,True
trial_08,cooks,37.5,2,6,2,bd_bd,Salad,8,agents=2-model=bd_bd-recipe=Salad,18,5,0,True
trial_08,cooks,37.5,2,6,2,bd_bd,Salad,9,agents=2-model=bd_bd-recipe=Salad,18,5,0,True
trial_08,cooks,37.5,2,6,2,bd_bd,Salad,10,agents=2-model=bd_bd-recipe=Salad,18,6,0,True
trial_08,cooks,37.5,2,6,2,bd_bd,Salad,11,agents=2-model=bd_bd-recipe=Salad,18,5,0,True
trial_08,cooks,37.5,2,6,2,bd_bd,Salad,12,agents=2-model=bd_bd-recipe=Salad,18,4,0,True
trial_08,cooks,37.5,2,6,2,bd_bd,Salad,13,agents=2-model=bd_bd-recipe=Salad,18,5,0,True
trial_08,cooks,37.5,2,6,2,bd_bd,Salad,14,agents=2-model=bd_bd-recipe=Salad,18,5,0,True
trial_08,cooks,37.5,2,6,2,bd_bd,Salad,15,agents=2-model=bd_bd-recipe=Salad,18,6,0,True
trial_08,cooks,37.5,2,6,2,bd_bd,Salad,16,agents=2-model=bd_bd-recipe=Salad,18,3,0,True
trial_08,cooks,37.5,2,6,2,bd_bd,Salad,17,agents=2-model=bd_bd-recipe=Salad,18,4,0,True
trial_08,cooks,37.5,2,6,2,bd_bd,Salad,18,agents=2-model=bd_bd-recipe=Salad,18,5,0,True
trial_08,cooks,37.5,2,6,2,bd_bd,Salad,19,agents=2-model=bd_bd-recipe=Salad,18,6,0,True
trial_08,cooks,37.5,2,6,2,bd_bd,Salad,20,agents=2-model=bd_bd-recipe=Salad,18,5,0,True
trial_08,cooks,37.5,2,6,2,centralized_centralized,Salad,1,agents=2-model=centralized_centralized-recipe=Salad,18,6,0,True
trial_08,cooks,37.5,2,6,2,centralized_centralized,Salad,2,agents=2-model=centralized_centralized-recipe=Salad,18,6,0,True
trial_08,cooks,37.5,2,6,2,centralized_centralized,Salad,3,agents=2-model=centralized_centralized-recipe=Salad,18,6,0,True
trial_08,cooks,37.5,2,6,2,centralized_centralized,Salad,4,agents=2-model=centralized_centralized-recipe=Salad,18,6,0,True
trial_08,cooks,37.5,2,6,2,centralized_centralized,Salad,5,agents=2-model=centralized_centralized-recipe=Salad,18,6,0,True
trial_08,cooks,37.5,2,6,2,centralized_centralized,Salad,6,agents=2-model=centralized_centralized-recipe=Salad,18,6,0,True
trial_08,cooks,37.5,2,6,2,centralized_centralized,Salad,7,agents=2-model=centralized_centralized-recipe=Salad,18,6,0,True
trial_08,cooks,37.5,2,6,2,centralized_centralized,Salad,8,agents=2-model=centralized_centralized-recipe=Salad,18,6,0,True
trial_08,cooks,37.5,2,6,2,centralized_centralized,Salad,9,agents=2-model=centralized_centralized-recipe=Salad,18,6,0,True
trial_08,cooks,37.5,2,6,2,centralized_centralized,Salad,10,agents=2-model=centralized_centralized-recipe=Salad,18,6,0,True
trial_08,cooks,37.5,2,6,2,centralized_centralized,Salad,11,agents=2-model=centralized_centralized-recipe=Salad,18,6,0,True
trial_08,cooks,37.5,2,6,2,centralized_centralized,Salad,12,agents=2-model=centralized_centralized-recipe=Salad,18,6,0,True
trial_08,cooks,37.5,2,6,2,centralized_centralized,Salad,13,agents=2-model=centralized_centralized-recipe=Salad,18,6,0,True
trial_08,cooks,37.5,2,6,2,centralized_centralized,Salad,14,agents=2-model=centralized_centralized-recipe=Salad,18,6,0,True
trial_08,cooks,37.5,2,6,2,centralized_centralized,Salad,15,agents=2-model=centralized_centralized-recipe=Salad,18,6,0,True
trial_08,cooks,37.5,2,6,2,centralized_centralized,Salad,16,agents=2-model=centralized_centralized-recipe=Salad,18,6,0,True
trial_08,cooks,37.5,2,6,2,centralized_centralized,Salad,17,agents=2-model=centralized_centralized-recipe=Salad,18,6,0,True
trial_08,cooks,37.5,2,6,2,centralized_centralized,Salad,18,agents=2-model=centralized_centralized-recipe=Salad,18,6,0,True
trial_08,cooks,37.5,2,6,2,centralized_centralized,Salad,19,agents=2-model=centralized_centralized-recipe=Salad,18,6,0,True
trial_08,cooks,37.5,2,6,2,centralized_centralized,Salad,20,agents=2-model=centralized_centralized-recipe=Salad,18,6,0,True
trial_08,cooks,37.5,2,6,1,greedy,Salad,1,agents=1-model=greedy-recipe=Salad,43,0,0,True
trial_08,cooks,37.5,2,6,1,greedy,Salad,2,agents=1-model=greedy-recipe=Salad,43,0,0,True
trial_08,cooks,37.5,2,6,1,greedy,Salad,3,agents=1-model=greedy-recipe=Salad,43,0,0,True
trial_08,cooks,37.5,2,6,1,greedy,Salad,4,agents=1-model=greedy-recipe=Salad,43,0,0,True
trial_08,cooks,37.5,2,6,1,greedy,Salad,5,agents=1-model=greedy-recipe=Salad,43,0,0,True
trial_08,cooks,37.5,2,6,1,greedy,Salad,6,agents=1-model=greedy-recipe=Salad,43,0,0,True
trial_08,cooks,37.5,2,6,1,greedy,Salad,7,agents=1-model=greedy-recipe=Salad,43,0,0,True
trial_08,cooks,37.5,2,6,1,greedy,Salad,8,agents=1-model=greedy-recipe=Salad,43,0,0,True
trial_08,cooks,37.5,2,6,1,greedy,Salad,9,agents=1-model=greedy-recipe=Salad,45,0,0,True
trial_08,cooks,37.5,2,6,1,greedy,Salad,10,agents=1-model=greedy-recipe=Salad,55,0,0,True
trial_08,cooks,37.5,2,6,1,greedy,Salad,11,agents=1-model=greedy-recipe=Salad,43,0,0,True
trial_08,cooks,37.5,2,6,1,greedy,Salad,12,agents=1-model=greedy-recipe=Salad,43,0,0,True
trial_08,cooks,37.5,2,6,1,greedy,Salad,13,agents=1-model=greedy-recipe=Salad,55,0,0,True
trial_08,cooks,37.5,2,6,1,greedy,Salad,14,agents=1-model=greedy-recipe=Salad,43,0,0,True
trial_08,cooks,37.5,2,6,1,greedy,Salad,15,agents=1-model=greedy-recipe=Salad,55,0,0,True
trial_08,cooks,37.5,2,6,1,greedy,Salad,16,agents=1-model=greedy-recipe=Salad,43,0,0,True
trial_08,cooks,37.5,2,6,1,greedy,Salad,17,agents=1-model=greedy-recipe=Salad,45,0,0,True
trial_08,cooks,37.5,2,6,1,greedy,Salad,18,agents=1-model=greedy-recipe=Salad,43,0,0,True
trial_08,cooks,37.5,2,6,1,greedy,Salad,19,agents=1-model=greedy-recipe=Salad,43,0,0,True
trial_08,cooks,37.5,2,6,1,greedy,Salad,20,agents=1-model=greedy-recipe=Salad,43,0,0,True
trial_08,cooks,37.5,2,6,2,greedy_greedy,Salad,1,agents=2-model=greedy_greedy-recipe=Salad,52,28,0,True
trial_08,cooks,37.5,2,6,2,greedy_greedy,Salad,2,agents=2-model=greedy_greedy-recipe=Salad,29,9,2,True
trial_08,cooks,37.5,2,6,2,greedy_greedy,Salad,3,agents=2-model=greedy_greedy-recipe=Salad,29,13,0,True
trial_08,cooks,37.5,2,6,2,greedy_greedy,Salad,4,agents=2-model=greedy_greedy-recipe=Salad,30,12,0,True
trial_08,cooks,37.5,2,6,2,greedy_greedy,Salad,5,agents=2-model=greedy_greedy-recipe=Salad,32,10,0,True
trial_08,cooks,37.5,2,6,2,greedy_greedy,Salad,6,agents=2-model=greedy_greedy-recipe=Salad,50,20,0,True
trial_08,cooks,37.5,2,6,2,greedy_greedy,Salad,7,agents=2-model=greedy_greedy-recipe=Salad,41,14,0,True
trial_08,cooks,37.5,2,6,2,greedy_greedy,Salad,8,agents=2-model=greedy_greedy-recipe=Salad,19,5,0,True
trial_08,cooks,37.5,2,6,2,greedy_greedy,Salad,9,agents=2-model=greedy_greedy-recipe=Salad,57,28,0,True
trial_08,cooks,37.5,2,6,2,greedy_greedy,Salad,10,agents=2-model=greedy_greedy-recipe=Salad,37,15,0,True
trial_08,cooks,37.5,2,6,2,greedy_greedy,Salad,11,agents=2-model=greedy_greedy-recipe=Salad,38,19,1,True
trial_08,cooks,37.5,2,6,2,greedy_greedy,Salad,12,agents=2-model=greedy_greedy-recipe=Salad,25,6,0,True
trial_08,cooks,37.5,2,6,2,greedy_greedy,Salad,13,agents=2-model=greedy_greedy-recipe=Salad,34,12,0,True
trial_08,cooks,37.5,2,6,2,greedy_greedy,Salad,14,agents=2-model=greedy_greedy-recipe=Salad,34,8,0,True
trial_08,cooks,37.5,2,6,2,greedy_greedy,Salad,15,agents=2-model=greedy_greedy-recipe=Salad,38,11,0,True
trial_08,cooks,37.5,2,6,2,greedy_greedy,Salad,16,agents=2-model=greedy_greedy-recipe=Salad,53,22,2,True
trial_08,cooks,37.5,2,6,2,greedy_greedy,Salad,17,agents=2-model=greedy_greedy-recipe=Salad,31,11,0,True
trial_08,cooks,37.5,2,6,2,greedy_greedy,Salad,18,agents=2-model=greedy_greedy-recipe=Salad,46,15,0,True
trial_08,cooks,37.5,2,6,2,greedy_greedy,Salad,19,agents=2-model=greedy_greedy-recipe=Salad,26,10,0,True
trial_08,cooks,37.5,2,6,2,greedy_greedy,Salad,20,agents=2-model=greedy_greedy-recipe=Salad,45,20,0,True
trial_09,cooks,50.0,1,9,2,bd_bd,Salad,1,agents=2-model=bd_bd-recipe=Salad,30,10,0,True
trial_09,cooks,50.0,1,9,2,bd_bd,Salad,2,agents=2-model=bd_bd-recipe=Salad,35,13,0,True
trial_09,cooks,50.0,1,9,2,bd_bd,Salad,3,agents=2-model=bd_bd-recipe=Salad,35,14,1,True
trial_09,cooks,50.0,1,9,2,bd_bd,Salad,4,agents=2-model=bd_bd-recipe=Salad,35,13,1,True
trial_09,cooks,50.0,1,9,2,bd_bd,Salad,5,agents=2-model=bd_bd-recipe=Salad,30,8,0,True
trial_09,cooks,50.0,1,9,2,bd_bd,Salad,6,agents=2-model=bd_bd-recipe=Salad,38,18,2,True
trial_09,cooks,50.0,1,9,2,bd_bd,Salad,7,agents=2-model=bd_bd-recipe=Salad,30,9,0,True
trial_09,cooks,50.0,1,9,2,bd_bd,Salad,8,agents=2-model=bd_bd-recipe=Salad,32,14,0,True
trial_09,cooks,50.0,1,9,2,bd_bd,Salad,9,agents=2-model=bd_bd-recipe=Salad,31,14,0,True
trial_09,cooks,50.0,1,9,2,bd_bd,Salad,10,agents=2-model=bd_bd-recipe=Salad,38,18,1,True
trial_09,cooks,50.0,1,9,2,bd_bd,Salad,11,agents=2-model=bd_bd-recipe=Salad,37,16,3,True
trial_09,cooks,50.0,1,9,2,bd_bd,Salad,12,agents=2-model=bd_bd-recipe=Salad,29,12,0,True
trial_09,cooks,50.0,1,9,2,bd_bd,Salad,13,agents=2-model=bd_bd-recipe=Salad,32,13,0,True
trial_09,cooks,50.0,1,9,2,bd_bd,Salad,14,agents=2-model=bd_bd-recipe=Salad,100,31,5,False
trial_09,cooks,50.0,1,9,2,bd_bd,Salad,15,agents=2-model=bd_bd-recipe=Salad,30,12,0,True
trial_09,cooks,50.0,1,9,2,bd_bd,Salad,16,agents=2-model=bd_bd-recipe=Salad,30,13,1,True
trial_09,cooks,50.0,1,9,2,bd_bd,Salad,17,agents=2-model=bd_bd-recipe=Salad,34,14,2,True
trial_09,cooks,50.0,1,9,2,bd_bd,Salad,18,agents=2-model=bd_bd-recipe=Salad,34,18,0,True
trial_09,cooks,50.0,1,9,2,bd_bd,Salad,19,agents=2-model=bd_bd-recipe=Salad,37,10,1,True
trial_09,cooks,50.0,1,9,2,bd_bd,Salad,20,agents=2-model=bd_bd-recipe=Salad,32,13,0,True
trial_09,cooks,50.0,1,9,2,centralized_centralized,Salad,1,agents=2-model=centralized_centralized-recipe=Salad,33,17,2,True
trial_09,cooks,50.0,1,9,2,centralized_centralized,Salad,2,agents=2-model=centralized_centralized-recipe=Salad,52,18,21,True
trial_09,cooks,50.0,1,9,2,centralized_centralized,Salad,3,agents=2-model=centralized_centralized-recipe=Salad,78,18,44,True
trial_09,cooks,50.0,1,9,2,centralized_centralized,Salad,4,agents=2-model=centralized_centralized-recipe=Salad,39,18,5,True
trial_09,cooks,50.0,1,9,2,centralized_centralized,Salad,5,agents=2-model=centralized_centralized-recipe=Salad,46,21,11,True
trial_09,cooks,50.0,1,9,2,centralized_centralized,Salad,6,agents=2-model=centralized_centralized-recipe=Salad,44,17,13,True
trial_09,cooks,50.0,1,9,2,centralized_centralized,Salad,7,agents=2-model=centralized_centralized-recipe=Salad,56,26,18,True
trial_09,cooks,50.0,1,9,2,centralized_centralized,Salad,8,agents=2-model=centralized_centralized-recipe=Salad,34,22,0,True
trial_09,cooks,50.0,1,9,2,centralized_centralized,Salad,9,agents=2-model=centralized_centralized-recipe=Salad,39,20,5,True
trial_09,cooks,50.0,1,9,2,centralized_centralized,Salad,10,agents=2-model=centralized_centralized-recipe=Salad,33,20,1,True
trial_09,cooks,50.0,1,9,2,centralized_centralized,Salad,11,agents=2-model=centralized_centralized-recipe=Salad,34,22,0,True
trial_09,cooks,50.0,1,9,2,centralized_centralized,Salad,12,agents=2-model=centralized_centralized-recipe=Salad,37,20,3,True
trial_09,cooks,50.0,1,9,2,centralized_centralized,Salad,13,agents=2-model=centralized_centralized-recipe=Salad,34,22,0,True
trial_09,cooks,50.0,1,9,2,centralized_centralized,Salad,14,agents=2-model=centralized_centralized-recipe=Salad,32,20,0,True
trial_09,cooks,50.0,1,9,2,centralized_centralized,Salad,15,agents=2-model=centralized_centralized-recipe=Salad,36,19,4,True
trial_09,cooks,50.0,1,9,2,centralized_centralized,Salad,16,agents=2-model=centralized_centralized-recipe=Salad,32,20,0,True
trial_09,cooks,50.0,1,9,2,centralized_centralized,Salad,17,agents=2-model=centralized_centralized-recipe=Salad,32,20,0,True
trial_09,cooks,50.0,1,9,2,centralized_centralized,Salad,18,agents=2-model=centralized_centralized-recipe=Salad,44,24,8,True
trial_09,cooks,50.0,1,9,2,centralized_centralized,Salad,19,agents=2-model=centralized_centralized-recipe=Salad,36,20,2,True
trial_09,cooks,50.0,1,9,2,centralized_centralized,Salad,20,agents=2-model=centralized_centralized-recipe=Salad,38,22,4,True
trial_09,cooks,50.0,1,9,1,greedy,Salad,1,agents=1-model=greedy-recipe=Salad,38,0,0,True
trial_09,cooks,50.0,1,9,1,greedy,Salad,2,agents=1-model=greedy-recipe=Salad,38,0,0,True
trial_09,cooks,50.0,1,9,1,greedy,Salad,3,agents=1-model=greedy-recipe=Salad,38,0,0,True
trial_09,cooks,50.0,1,9,1,greedy,Salad,4,agents=1-model=greedy-recipe=Salad,38,0,0,True
trial_09,cooks,50.0,1,9,1,greedy,Salad,5,agents=1-model=greedy-recipe=Salad,38,0,0,True
trial_09,cooks,50.0,1,9,1,greedy,Salad,6,agents=1-model=greedy-recipe=Salad,38,0,0,True
trial_09,cooks,50.0,1,9,1,greedy,Salad,7,agents=1-model=greedy-recipe=Salad,38,0,0,True
trial_09,cooks,50.0,1,9,1,greedy,Salad,8,agents=1-model=greedy-recipe=Salad,38,0,0,True
trial_09,cooks,50.0,1,9,1,greedy,Salad,9,agents=1-model=greedy-recipe=Salad,38,0,0,True
trial_09,cooks,50.0,1,9,1,greedy,Salad,10,agents=1-model=greedy-recipe=Salad,38,0,0,True
trial_09,cooks,50.0,1,9,1,greedy,Salad,11,agents=1-model=greedy-recipe=Salad,38,0,0,True
trial_09,cooks,50.0,1,9,1,greedy,Salad,12,agents=1-model=greedy-recipe=Salad,38,0,0,True
trial_09,cooks,50.0,1,9,1,greedy,Salad,13,agents=1-model=greedy-recipe=Salad,38,0,0,True
trial_09,cooks,50.0,1,9,1,greedy,Salad,14,agents=1-model=greedy-recipe=Salad,38,0,0,True
trial_09,cooks,50.0,1,9,1,greedy,Salad,15,agents=1-model=greedy-recipe=Salad,38,0,0,True
trial_09,cooks,50.0,1,9,1,greedy,Salad,16,agents=1-model=greedy-recipe=Salad,38,0,0,True
trial_09,cooks,50.0,1,9,1,greedy,Salad,17,agents=1-model=greedy-recipe=Salad,38,0,0,True
trial_09,cooks,50.0,1,9,1,greedy,Salad,18,agents=1-model=greedy-recipe=Salad,38,0,0,True
trial_09,cooks,50.0,1,9,1,greedy,Salad,19,agents=1-model=greedy-recipe=Salad,38,0,0,True
trial_09,cooks,50.0,1,9,1,greedy,Salad,20,agents=1-model=greedy-recipe=Salad,38,0,0,True
trial_09,cooks,50.0,1,9,2,greedy_greedy,Salad,1,agents=2-model=greedy_greedy-recipe=Salad,30,9,0,True
trial_09,cooks,50.0,1,9,2,greedy_greedy,Salad,2,agents=2-model=greedy_greedy-recipe=Salad,44,9,1,True
trial_09,cooks,50.0,1,9,2,greedy_greedy,Salad,3,agents=2-model=greedy_greedy-recipe=Salad,43,10,1,True
trial_09,cooks,50.0,1,9,2,greedy_greedy,Salad,4,agents=2-model=greedy_greedy-recipe=Salad,59,5,9,True
trial_09,cooks,50.0,1,9,2,greedy_greedy,Salad,5,agents=2-model=greedy_greedy-recipe=Salad,32,6,0,True
trial_09,cooks,50.0,1,9,2,greedy_greedy,Salad,6,agents=2-model=greedy_greedy-recipe=Salad,70,17,10,True
trial_09,cooks,50.0,1,9,2,greedy_greedy,Salad,7,agents=2-model=greedy_greedy-recipe=Salad,40,10,1,True
trial_09,cooks,50.0,1,9,2,greedy_greedy,Salad,8,agents=2-model=greedy_greedy-recipe=Salad,35,8,1,True
trial_09,cooks,50.0,1,9,2,greedy_greedy,Salad,9,agents=2-model=greedy_greedy-recipe=Salad,34,3,0,True
trial_09,cooks,50.0,1,9,2,greedy_greedy,Salad,10,agents=2-model=greedy_greedy-recipe=Salad,77,23,15,True
trial_09,cooks,50.0,1,9,2,greedy_greedy,Salad,11,agents=2-model=greedy_greedy-recipe=Salad,48,8,3,True
trial_09,cooks,50.0,1,9,2,greedy_greedy,Salad,12,agents=2-model=greedy_greedy-recipe=Salad,49,8,1,True
trial_09,cooks,50.0,1,9,2,greedy_greedy,Salad,13,agents=2-model=greedy_greedy-recipe=Salad,48,17,0,True
trial_09,cooks,50.0,1,9,2,greedy_greedy,Salad,14,agents=2-model=greedy_greedy-recipe=Salad,100,0,80,False
trial_09,cooks,50.0,1,9,2,greedy_greedy,Salad,15,agents=2-model=greedy_greedy-recipe=Salad,43,11,2,True
trial_09,cooks,50.0,1,9,2,greedy_greedy,Salad,16,agents=2-model=greedy_greedy-recipe=Salad,41,10,1,True
trial_09,cooks,50.0,1,9,2,greedy_greedy,Salad,17,agents=2-model=greedy_greedy-recipe=Salad,33,5,1,True
trial_09,cooks,50.0,1,9,2,greedy_greedy,Salad,18,agents=2-model=greedy_greedy-recipe=Salad,73,16,1,True
trial_09,cooks,50.0,1,9,2,greedy_greedy,Salad,19,agents=2-model=greedy_greedy-recipe=Salad,46,7,0,True
trial_09,cooks,50.0,1,9,2,greedy_greedy,Salad,20,agents=2-model=greedy_greedy-recipe=Salad,46,10,0,True
trial_10,cooks,50.0,2,4,2,bd_bd,Salad,1,agents=2-model=bd_bd-recipe=Salad,17,4,0,True
trial_10,cooks,50.0,2,4,2,bd_bd,Salad,2,agents=2-model=bd_bd-recipe=Salad,22,7,0,True
trial_10,cooks,50.0,2,4,2,bd_bd,Salad,3,agents=2-model=bd_bd-recipe=Salad,21,8,0,True
trial_10,cooks,50.0,2,4,2,bd_bd,Salad,4,agents=2-model=bd_bd-recipe=Salad,100,0,94,False
trial_10,cooks,50.0,2,4,2,bd_bd,Salad,5,agents=2-model=bd_bd-recipe=Salad,22,5,0,True
trial_10,cooks,50.0,2,4,2,bd_bd,Salad,6,agents=2-model=bd_bd-recipe=Salad,24,4,2,True
trial_10,cooks,50.0,2,4,2,bd_bd,Salad,7,agents=2-model=bd_bd-recipe=Salad,20,4,0,True
trial_10,cooks,50.0,2,4,2,bd_bd,Salad,8,agents=2-model=bd_bd-recipe=Salad,19,5,0,True
trial_10,cooks,50.0,2,4,2,bd_bd,Salad,9,agents=2-model=bd_bd-recipe=Salad,22,8,0,True
trial_10,cooks,50.0,2,4,2,bd_bd,Salad,10,agents=2-model=bd_bd-recipe=Salad,22,7,0,True
trial_10,cooks,50.0,2,4,2,bd_bd,Salad,11,agents=2-model=bd_bd-recipe=Salad,18,3,0,True
trial_10,cooks,50.0,2,4,2,bd_bd,Salad,12,agents=2-model=bd_bd-recipe=Salad,22,5,0,True
trial_10,cooks,50.0,2,4,2,bd_bd,Salad,13,agents=2-model=bd_bd-recipe=Salad,23,9,0,True
trial_10,cooks,50.0,2,4,2,bd_bd,Salad,14,agents=2-model=bd_bd-recipe=Salad,19,5,0,True
trial_10,cooks,50.0,2,4,2,bd_bd,Salad,15,agents=2-model=bd_bd-recipe=Salad,100,0,94,False
trial_10,cooks,50.0,2,4,2,bd_bd,Salad,16,agents=2-model=bd_bd-recipe=Salad,19,5,0,True
trial_10,cooks,50.0,2,4,2,bd_bd,Salad,17,agents=2-model=bd_bd-recipe=Salad,28,7,0,True
trial_10,cooks,50.0,2,4,2,bd_bd,Salad,18,agents=2-model=bd_bd-recipe=Salad,18,4,0,True
trial_10,cooks,50.0,2,4,2,bd_bd,Salad,19,agents=2-model=bd_bd-recipe=Salad,23,4,1,True
trial_10,cooks,50.0,2,4,2,bd_bd,Salad,20,agents=2-model=bd_bd-recipe=Salad,25,10,0,True
trial_10,cooks,50.0,2,4,2,centralized_centralized,Salad,1,agents=2-model=centralized_centralized-recipe=Salad,18,6,0,True
trial_10,cooks,50.0,2,4,2,centralized_centralized,Salad,2,agents=2-model=centralized_centralized-recipe=Salad,22,11,0,True
trial_10,cooks,50.0,2,4,2,centralized_centralized,Salad,3,agents=2-model=centralized_centralized-recipe=Salad,19,6,0,True
trial_10,cooks,50.0,2,4,2,centralized_centralized,Salad,4,agents=2-model=centralized_centralized-recipe=Salad,20,6,0,True
trial_10,cooks,50.0,2,4,2,centralized_centralized,Salad,5,agents=2-model=centralized_centralized-recipe=Salad,22,10,0,True
trial_10,cooks,50.0,2,4,2,centralized_centralized,Salad,6,agents=2-model=centralized_centralized-recipe=Salad,100,0,89,False
trial_10,cooks,50.0,2,4,2,centralized_centralized,Salad,7,agents=2-model=centralized_centralized-recipe=Salad,22,11,0,True
trial_10,cooks,50.0,2,4,2,centralized_centralized,Salad,8,agents=2-model=centralized_centralized-recipe=Salad,22,6,0,True
trial_10,cooks,50.0,2,4,2,centralized_centralized,Salad,9,agents=2-model=centralized_centralized-recipe=Salad,20,8,0,True
trial_10,cooks,50.0,2,4,2,centralized_centralized,Salad,10,agents=2-model=centralized_centralized-recipe=Salad,20,6,0,True
trial_10,cooks,50.0,2,4,2,centralized_centralized,Salad,11,agents=2-model=centralized_centralized-recipe=Salad,19,6,0,True
trial_10,cooks,50.0,2,4,2,centralized_centralized,Salad,12,agents=2-model=centralized_centralized-recipe=Salad,22,11,0,True
trial_10,cooks,50.0,2,4,2,centralized_centralized,Salad,13,agents=2-model=centralized_centralized-recipe=Salad,20,6,0,True
trial_10,cooks,50.0,2,4,2,centralized_centralized,Salad,14,agents=2-model=centralized_centralized-recipe=Salad,17,4,0,True
trial_10,cooks,50.0,2,4,2,centralized_centralized,Salad,15,agents=2-model=centralized_centralized-recipe=Salad,22,10,0,True
trial_10,cooks,50.0,2,4,2,centralized_centralized,Salad,16,agents=2-model=centralized_centralized-recipe=Salad,21,6,1,True
trial_10,cooks,50.0,2,4,2,centralized_centralized,Salad,17,agents=2-model=centralized_centralized-recipe=Salad,20,6,0,True
trial_10,cooks,50.0,2,4,2,centralized_centralized,Salad,18,agents=2-model=centralized_centralized-recipe=Salad,19,6,0,True
trial_10,cooks,50.0,2,4,2,centralized_centralized,Salad,19,agents=2-model=centralized_centralized-recipe=Salad,20,6,0,True
trial_10,cooks,50.0,2,4,2,centralized_centralized,Salad,20,agents=2-model=centralized_centralized-recipe=Salad,19,6,0,True
trial_10,cooks,50.0,2,4,1,greedy,Salad,1,agents=1-model=greedy-recipe=Salad,33,0,0,True
trial_10,cooks,50.0,2,4,1,greedy,Salad,2,agents=1-model=greedy-recipe=Salad,31,0,0,True
trial_10,cooks,50.0,2,4,1,greedy,Salad,3,agents=1-model=greedy-recipe=Salad,35,0,0,True
trial_10,cooks,50.0,2,4,1,greedy,Salad,4,agents=1-model=greedy-recipe=Salad,35,0,0,True
trial_10,cooks,50.0,2,4,1,greedy,Salad,5,agents=1-model=greedy-recipe=Salad,29,0,0,True
trial_10,cooks,50.0,2,4,1,greedy,Salad,6,agents=1-model=greedy-recipe=Salad,33,0,0,True
trial_10,cooks,50.0,2,4,1,greedy,Salad,7,agents=1-model=greedy-recipe=Salad,31,0,0,True
trial_10,cooks,50.0,2,4,1,greedy,Salad,8,agents=1-model=greedy-recipe=Salad,39,0,0,True
trial_10,cooks,50.0,2,4,1,greedy,Salad,9,agents=1-model=greedy-recipe=Salad,33,0,0,True
trial_10,cooks,50.0,2,4,1,greedy,Salad,10,agents=1-model=greedy-recipe=Salad,35,0,0,True
trial_10,cooks,50.0,2,4,1,greedy,Salad,11,agents=1-model=greedy-recipe=Salad,31,0,0,True
trial_10,cooks,50.0,2,4,1,greedy,Salad,12,agents=1-model=greedy-recipe=Salad,31,0,0,True
trial_10,cooks,50.0,2,4,1,greedy,Salad,13,agents=1-model=greedy-recipe=Salad,31,0,0,True
trial_10,cooks,50.0,2,4,1,greedy,Salad,14,agents=1-model=greedy-recipe=Salad,31,0,0,True
trial_10,cooks,50.0,2,4,1,greedy,Salad,15,agents=1-model=greedy-recipe=Salad,33,0,0,True
trial_10,cooks,50.0,2,4,1,greedy,Salad,16,agents=1-model=greedy-recipe=Salad,33,0,0,True
trial_10,cooks,50.0,2,4,1,greedy,Salad,17,agents=1-model=greedy-recipe=Salad,27,0,0,True
trial_10,cooks,50.0,2,4,1,greedy,Salad,18,agents=1-model=greedy-recipe=Salad,31,0,0,True
trial_10,cooks,50.0,2,4,1,greedy,Salad,19,agents=1-model=greedy-recipe=Salad,35,0,0,True
trial_10,cooks,50.0,2,4,1,greedy,Salad,20,agents=1-model=greedy-recipe=Salad,31,0,0,True
trial_10,cooks,50.0,2,4,2,greedy_greedy,Salad,1,agents=2-model=greedy_greedy-recipe=Salad,34,18,0,True
trial_10,cooks,50.0,2,4,2,greedy_greedy,Salad,2,agents=2-model=greedy_greedy-recipe=Salad,22,5,0,True
trial_10,cooks,50.0,2,4,2,greedy_greedy,Salad,3,agents=2-model=greedy_greedy-recipe=Salad,35,9,1,True
trial_10,cooks,50.0,2,4,2,greedy_greedy,Salad,4,agents=2-model=greedy_greedy-recipe=Salad,28,4,0,True
trial_10,cooks,50.0,2,4,2,greedy_greedy,Salad,5,agents=2-model=greedy_greedy-recipe=Salad,31,6,0,True
trial_10,cooks,50.0,2,4,2,greedy_greedy,Salad,6,agents=2-model=greedy_greedy-recipe=Salad,21,4,0,True
trial_10,cooks,50.0,2,4,2,greedy_greedy,Salad,7,agents=2-model=greedy_greedy-recipe=Salad,20,4,0,True
trial_10,cooks,50.0,2,4,2,greedy_greedy,Salad,8,agents=2-model=greedy_greedy-recipe=Salad,18,2,0,True
trial_10,cooks,50.0,2,4,2,greedy_greedy,Salad,9,agents=2-model=greedy_greedy-recipe=Salad,26,7,2,True
trial_10,cooks,50.0,2,4,2,greedy_greedy,Salad,10,agents=2-model=greedy_greedy-recipe=Salad,26,3,0,True
trial_10,cooks,50.0,2,4,2,greedy_greedy,Salad,11,agents=2-model=greedy_greedy-recipe=Salad,23,4,0,True
trial_10,cooks,50.0,2,4,2,greedy_greedy,Salad,12,agents=2-model=greedy_greedy-recipe=Salad,37,10,1,True
trial_10,cooks,50.0,2,4,2,greedy_greedy,Salad,13,agents=2-model=greedy_greedy-recipe=Salad,29,5,1,True
trial_10,cooks,50.0,2,4,2,greedy_greedy,Salad,14,agents=2-model=greedy_greedy-recipe=Salad,31,10,1,True
trial_10,cooks,50.0,2,4,2,greedy_greedy,Salad,15,agents=2-model=greedy_greedy-recipe=Salad,22,5,0,True
trial_10,cooks,50.0,2,4,2,greedy_greedy,Salad,16,agents=2-model=greedy_greedy-recipe=Salad,100,0,89,False
trial_10,cooks,50.0,2,4,2,greedy_greedy,Salad,17,agents=2-model=greedy_greedy-recipe=Salad,37,17,1,True
trial_10,cooks,50.0,2,4,2,greedy_greedy,Salad,18,agents=2-model=greedy_greedy-recipe=Salad,34,10,1,True
trial_10,cooks,50.0,2,4,2,greedy_greedy,Salad,19,agents=2-model=greedy_greedy-recipe=Salad,27,5,3,True
trial_10,cooks,50.0,2,4,2,greedy_greedy,Salad,20,agents=2-model=greedy_greedy-recipe=Salad,24,7,0,True
trial_11,cooks,62.5,1,6,2,bd_bd,Salad,1,agents=2-model=bd_bd-recipe=Salad,18,6,0,True
trial_11,cooks,62.5,1,6,2,bd_bd,Salad,2,agents=2-model=bd_bd-recipe=Salad,17,5,0,True
trial_11,cooks,62.5,1,6,2,bd_bd,Salad,3,agents=2-model=bd_bd-recipe=Salad,20,8,0,True
trial_11,cooks,62.5,1,6,2,bd_bd,Salad,4,agents=2-model=bd_bd-recipe=Salad,18,6,0,True
trial_11,cooks,62.5,1,6,2,bd_bd,Salad,5,agents=2-model=bd_bd-recipe=Salad,24,5,1,True
trial_11,cooks,62.5,1,6,2,bd_bd,Salad,6,agents=2-model=bd_bd-recipe=Salad,19,7,0,True
trial_11,cooks,62.5,1,6,2,bd_bd,Salad,7,agents=2-model=bd_bd-recipe=Salad,18,8,0,True
trial_11,cooks,62.5,1,6,2,bd_bd,Salad,8,agents=2-model=bd_bd-recipe=Salad,20,7,0,True
trial_11,cooks,62.5,1,6,2,bd_bd,Salad,9,agents=2-model=bd_bd-recipe=Salad,19,9,0,True
trial_11,cooks,62.5,1,6,2,bd_bd,Salad,10,agents=2-model=bd_bd-recipe=Salad,22,9,0,True
trial_11,cooks,62.5,1,6,2,bd_bd,Salad,11,agents=2-model=bd_bd-recipe=Salad,19,8,0,True
trial_11,cooks,62.5,1,6,2,bd_bd,Salad,12,agents=2-model=bd_bd-recipe=Salad,19,9,0,True
trial_11,cooks,62.5,1,6,2,bd_bd,Salad,13,agents=2-model=bd_bd-recipe=Salad,17,8,0,True
trial_11,cooks,62.5,1,6,2,bd_bd,Salad,14,agents=2-model=bd_bd-recipe=Salad,18,6,0,True
trial_11,cooks,62.5,1,6,2,bd_bd,Salad,15,agents=2-model=bd_bd-recipe=Salad,23,10,0,True
trial_11,cooks,62.5,1,6,2,bd_bd,Salad,16,agents=2-model=bd_bd-recipe=Salad,19,5,0,True
trial_11,cooks,62.5,1,6,2,bd_bd,Salad,17,agents=2-model=bd_bd-recipe=Salad,20,7,0,True
trial_11,cooks,62.5,1,6,2,bd_bd,Salad,18,agents=2-model=bd_bd-recipe=Salad,19,6,0,True
trial_11,cooks,62.5,1,6,2,bd_bd,Salad,19,agents=2-model=bd_bd-recipe=Salad,18,6,0,True
trial_11,cooks,62.5,1,6,2,bd_bd,Salad,20,agents=2-model=bd_bd-recipe=Salad,21,9,0,True
trial_11,cooks,62.5,1,6,2,centralized_centralized,Salad,1,agents=2-model=centralized_centralized-recipe=Salad,18,9,0,True
trial_11,cooks,62.5,1,6,2,centralized_centralized,Salad,2,agents=2-model=centralized_centralized-recipe=Salad,18,9,0,True
trial_11,cooks,62.5,1,6,2,centralized_centralized,Salad,3,agents=2-model=centralized_centralized-recipe=Salad,18,9,0,True
trial_11,cooks,62.5,1,6,2,centralized_centralized,Salad,4,agents=2-model=centralized_centralized-recipe=Salad,18,9,0,True
trial_11,cooks,62.5,1,6,2,centralized_centralized,Salad,5,agents=2-model=centralized_centralized-recipe=Salad,16,7,0,True
trial_11,cooks,62.5,1,6,2,centralized_centralized,Salad,6,agents=2-model=centralized_centralized-recipe=Salad,21,11,0,True
trial_11,cooks,62.5,1,6,2,centralized_centralized,Salad,7,agents=2-model=centralized_centralized-recipe=Salad,16,7,0,True
trial_11,cooks,62.5,1,6,2,centralized_centralized,Salad,8,agents=2-model=centralized_centralized-recipe=Salad,18,9,0,True
trial_11,cooks,62.5,1,6,2,centralized_centralized,Salad,9,agents=2-model=centralized_centralized-recipe=Salad,16,7,0,True
trial_11,cooks,62.5,1,6,2,centralized_centralized,Salad,10,agents=2-model=centralized_centralized-recipe=Salad,16,7,0,True
trial_11,cooks,62.5,1,6,2,centralized_centralized,Salad,11,agents=2-model=centralized_centralized-recipe=Salad,16,7,0,True
trial_11,cooks,62.5,1,6,2,centralized_centralized,Salad,12,agents=2-model=centralized_centralized-recipe=Salad,16,7,0,True
trial_11,cooks,62.5,1,6,2,centralized_centralized,Salad,13,agents=2-model=centralized_centralized-recipe=Salad,18,9,0,True
trial_11,cooks,62.5,1,6,2,centralized_centralized,Salad,14,agents=2-model=centralized_centralized-recipe=Salad,16,7,0,True
trial_11,cooks,62.5,1,6,2,centralized_centralized,Salad,15,agents=2-model=centralized_centralized-recipe=Salad,16,7,0,True
trial_11,cooks,62.5,1,6,2,centralized_centralized,Salad,16,agents=2-model=centralized_centralized-recipe=Salad,16,7,0,True
trial_11,cooks,62.5,1,6,2,centralized_centralized,Salad,17,agents=2-model=centralized_centralized-recipe=Salad,16,7,0,True
trial_11,cooks,62.5,1,6,2,centralized_centralized,Salad,18,agents=2-model=centralized_centralized-recipe=Salad,18,9,0,True
trial_11,cooks,62.5,1,6,2,centralized_centralized,Salad,19,agents=2-model=centralized_centralized-recipe=Salad,16,7,0,True
trial_11,cooks,62.5,1,6,2,centralized_centralized,Salad,20,agents=2-model=centralized_centralized-recipe=Salad,18,9,0,True
trial_11,cooks,62.5,1,6,1,greedy,Salad,1,agents=1-model=greedy-recipe=Salad,32,0,0,True
trial_11,cooks,62.5,1,6,1,greedy,Salad,2,agents=1-model=greedy-recipe=Salad,30,0,0,True
trial_11,cooks,62.5,1,6,1,greedy,Salad,3,agents=1-model=greedy-recipe=Salad,30,0,0,True
trial_11,cooks,62.5,1,6,1,greedy,Salad,4,agents=1-model=greedy-recipe=Salad,32,0,0,True
trial_11,cooks,62.5,1,6,1,greedy,Salad,5,agents=1-model=greedy-recipe=Salad,30,0,0,True
trial_11,cooks,62.5,1,6,1,greedy,Salad,6,agents=1-model=greedy-recipe=Salad,32,0,0,True
trial_11,cooks,62.5,1,6,1,greedy,Salad,7,agents=1-model=greedy-recipe=Salad,32,0,0,True
trial_11,cooks,62.5,1,6,1,greedy,Salad,8,agents=1-model=greedy-recipe=Salad,32,0,0,True
trial_11,cooks,62.5,1,6,1,greedy,Salad,9,agents=1-model=greedy-recipe=Salad,30,0,0,True
trial_11,cooks,62.5,1,6,1,greedy,Salad,10,agents=1-model=greedy-recipe=Salad,30,0,0,True
trial_11,cooks,62.5,1,6,1,greedy,Salad,11,agents=1-model=greedy-recipe=Salad,32,0,0,True
trial_11,cooks,62.5,1,6,1,greedy,Salad,12,agents=1-model=greedy-recipe=Salad,30,0,0,True
trial_11,cooks,62.5,1,6,1,greedy,Salad,13,agents=1-model=greedy-recipe=Salad,30,0,0,True
trial_11,cooks,62.5,1,6,1,greedy,Salad,14,agents=1-model=greedy-recipe=Salad,30,0,0,True
trial_11,cooks,62.5,1,6,1,greedy,Salad,15,agents=1-model=greedy-recipe=Salad,32,0,0,True
trial_11,cooks,62.5,1,6,1,greedy,Salad,16,agents=1-model=greedy-recipe=Salad,30,0,0,True
trial_11,cooks,62.5,1,6,1,greedy,Salad,17,agents=1-model=greedy-recipe=Salad,30,0,0,True
trial_11,cooks,62.5,1,6,1,greedy,Salad,18,agents=1-model=greedy-recipe=Salad,32,0,0,True
trial_11,cooks,62.5,1,6,1,greedy,Salad,19,agents=1-model=greedy-recipe=Salad,32,0,0,True
trial_11,cooks,62.5,1,6,1,greedy,Salad,20,agents=1-model=greedy-recipe=Salad,30,0,0,True
trial_11,cooks,62.5,1,6,2,greedy_greedy,Salad,1,agents=2-model=greedy_greedy-recipe=Salad,29,9,1,True
trial_11,cooks,62.5,1,6,2,greedy_greedy,Salad,2,agents=2-model=greedy_greedy-recipe=Salad,46,14,0,True
trial_11,cooks,62.5,1,6,2,greedy_greedy,Salad,3,agents=2-model=greedy_greedy-recipe=Salad,35,13,0,True
trial_11,cooks,62.5,1,6,2,greedy_greedy,Salad,4,agents=2-model=greedy_greedy-recipe=Salad,25,8,0,True
trial_11,cooks,62.5,1,6,2,greedy_greedy,Salad,5,agents=2-model=greedy_greedy-recipe=Salad,33,11,0,True
trial_11,cooks,62.5,1,6,2,greedy_greedy,Salad,6,agents=2-model=greedy_greedy-recipe=Salad,21,5,0,True
trial_11,cooks,62.5,1,6,2,greedy_greedy,Salad,7,agents=2-model=greedy_greedy-recipe=Salad,21,3,0,True
trial_11,cooks,62.5,1,6,2,greedy_greedy,Salad,8,agents=2-model=greedy_greedy-recipe=Salad,33,18,0,True
trial_11,cooks,62.5,1,6,2,greedy_greedy,Salad,9,agents=2-model=greedy_greedy-recipe=Salad,26,8,1,True
trial_11,cooks,62.5,1,6,2,greedy_greedy,Salad,10,agents=2-model=greedy_greedy-recipe=Salad,23,7,0,True
trial_11,cooks,62.5,1,6,2,greedy_greedy,Salad,11,agents=2-model=greedy_greedy-recipe=Salad,27,8,0,True
trial_11,cooks,62.5,1,6,2,greedy_greedy,Salad,12,agents=2-model=greedy_greedy-recipe=Salad,34,12,0,True
trial_11,cooks,62.5,1,6,2,greedy_greedy,Salad,13,agents=2-model=greedy_greedy-recipe=Salad,21,7,0,True
trial_11,cooks,62.5,1,6,2,greedy_greedy,Salad,14,agents=2-model=greedy_greedy-recipe=Salad,34,13,0,True
trial_11,cooks,62.5,1,6,2,greedy_greedy,Salad,15,agents=2-model=greedy_greedy-recipe=Salad,23,6,0,True
trial_11,cooks,62.5,1,6,2,greedy_greedy,Salad,16,agents=2-model=greedy_greedy-recipe=Salad,35,11,0,True
trial_11,cooks,62.5,1,6,2,greedy_greedy,Salad,17,agents=2-model=greedy_greedy-recipe=Salad,42,20,3,True
trial_11,cooks,62.5,1,6,2,greedy_greedy,Salad,18,agents=2-model=greedy_greedy-recipe=Salad,34,13,1,True
trial_11,cooks,62.5,1,6,2,greedy_greedy,Salad,19,agents=2-model=greedy_greedy-recipe=Salad,35,14,0,True
trial_11,cooks,62.5,1,6,2,greedy_greedy,Salad,20,agents=2-model=greedy_greedy-recipe=Salad,29,5,0,True
trial_12,cooks,62.5,2,9,2,bd_bd,Salad,1,agents=2-model=bd_bd-recipe=Salad,25,6,0,True
trial_12,cooks,62.5,2,9,2,bd_bd,Salad,2,agents=2-model=bd_bd-recipe=Salad,31,6,0,True
trial_12,cooks,62.5,2,9,2,bd_bd,Salad,3,agents=2-model=bd_bd-recipe=Salad,26,5,0,True
trial_12,cooks,62.5,2,9,2,bd_bd,Salad,4,agents=2-model=bd_bd-recipe=Salad,25,4,0,True
trial_12,cooks,62.5,2,9,2,bd_bd,Salad,5,agents=2-model=bd_bd-recipe=Salad,30,11,0,True
trial_12,cooks,62.5,2,9,2,bd_bd,Salad,6,agents=2-model=bd_bd-recipe=Salad,26,4,0,True
trial_12,cooks,62.5,2,9,2,bd_bd,Salad,7,agents=2-model=bd_bd-recipe=Salad,25,4,0,True
trial_12,cooks,62.5,2,9,2,bd_bd,Salad,8,agents=2-model=bd_bd-recipe=Salad,23,3,0,True
trial_12,cooks,62.5,2,9,2,bd_bd,Salad,9,agents=2-model=bd_bd-recipe=Salad,30,10,0,True
trial_12,cooks,62.5,2,9,2,bd_bd,Salad,10,agents=2-model=bd_bd-recipe=Salad,25,3,0,True
trial_12,cooks,62.5,2,9,2,bd_bd,Salad,11,agents=2-model=bd_bd-recipe=Salad,23,3,0,True
trial_12,cooks,62.5,2,9,2,bd_bd,Salad,12,agents=2-model=bd_bd-recipe=Salad,27,9,0,True
trial_12,cooks,62.5,2,9,2,bd_bd,Salad,13,agents=2-model=bd_bd-recipe=Salad,29,12,0,True
trial_12,cooks,62.5,2,9,2,bd_bd,Salad,14,agents=2-model=bd_bd-recipe=Salad,27,6,0,True
trial_12,cooks,62.5,2,9,2,bd_bd,Salad,15,agents=2-model=bd_bd-recipe=Salad,23,2,0,True
trial_12,cooks,62.5,2,9,2,bd_bd,Salad,16,agents=2-model=bd_bd-recipe=Salad,25,4,0,True
trial_12,cooks,62.5,2,9,2,bd_bd,Salad,17,agents=2-model=bd_bd-recipe=Salad,26,3,0,True
trial_12,cooks,62.5,2,9,2,bd_bd,Salad,18,agents=2-model=bd_bd-recipe=Salad,23,2,0,True
trial_12,cooks,62.5,2,9,2,bd_bd,Salad,19,agents=2-model=bd_bd-recipe=Salad,27,8,0,True
trial_12,cooks,62.5,2,9,2,bd_bd,Salad,20,agents=2-model=bd_bd-recipe=Salad,23,2,0,True
trial_12,cooks,62.5,2,9,2,centralized_centralized,Salad,1,agents=2-model=centralized_centralized-recipe=Salad,25,12,0,True
trial_12,cooks,62.5,2,9,2,centralized_centralized,Salad,2,agents=2-model=centralized_centralized-recipe=Salad,25,13,0,True
trial_12,cooks,62.5,2,9,2,centralized_centralized,Salad,3,agents=2-model=centralized_centralized-recipe=Salad,23,2,0,True
trial_12,cooks,62.5,2,9,2,centralized_centralized,Salad,4,agents=2-model=centralized_centralized-recipe=Salad,24,12,0,True
trial_12,cooks,62.5,2,9,2,centralized_centralized,Salad,5,agents=2-model=centralized_centralized-recipe=Salad,25,8,0,True
trial_12,cooks,62.5,2,9,2,centralized_centralized,Salad,6,agents=2-model=centralized_centralized-recipe=Salad,23,11,0,True
trial_12,cooks,62.5,2,9,2,centralized_centralized,Salad,7,agents=2-model=centralized_centralized-recipe=Salad,23,9,0,True
trial_12,cooks,62.5,2,9,2,centralized_centralized,Salad,8,agents=2-model=centralized_centralized-recipe=Salad,21,3,0,True
trial_12,cooks,62.5,2,9,2,centralized_centralized,Salad,9,agents=2-model=centralized_centralized-recipe=Salad,25,13,0,True
trial_12,cooks,62.5,2,9,2,centralized_centralized,Salad,10,agents=2-model=centralized_centralized-recipe=Salad,23,5,0,True
trial_12,cooks,62.5,2,9,2,centralized_centralized,Salad,11,agents=2-model=centralized_centralized-recipe=Salad,23,5,0,True
trial_12,cooks,62.5,2,9,2,centralized_centralized,Salad,12,agents=2-model=centralized_centralized-recipe=Salad,21,3,0,True
trial_12,cooks,62.5,2,9,2,centralized_centralized,Salad,13,agents=2-model=centralized_centralized-recipe=Salad,25,11,0,True
trial_12,cooks,62.5,2,9,2,centralized_centralized,Salad,14,agents=2-model=centralized_centralized-recipe=Salad,23,3,0,True
trial_12,cooks,62.5,2,9,2,centralized_centralized,Salad,15,agents=2-model=centralized_centralized-recipe=Salad,25,10,0,True
trial_12,cooks,62.5,2,9,2,centralized_centralized,Salad,16,agents=2-model=centralized_centralized-recipe=Salad,21,3,0,True
trial_12,cooks,62.5,2,9,2,centralized_centralized,Salad,17,agents=2-model=centralized_centralized-recipe=Salad,23,9,0,True
trial_12,cooks,62.5,2,9,2,centralized_centralized,Salad,18,agents=2-model=centralized_centralized-recipe=Salad,23,11,0,True
trial_12,cooks,62.5,2,9,2,centralized_centralized,Salad,19,agents=2-model=centralized_centralized-recipe=Salad,23,9,0,True
trial_12,cooks,62.5,2,9,2,centralized_centralized,Salad,20,agents=2-model=centralized_centralized-recipe=Salad,23,2,0,True
trial_12,cooks,62.5,2,9,1,greedy,Salad,1,agents=1-model=greedy-recipe=Salad,30,0,0,True
trial_12,cooks,62.5,2,9,1,greedy,Salad,2,agents=1-model=greedy-recipe=Salad,32,0,0,True
trial_12,cooks,62.5,2,9,1,greedy,Salad,3,agents=1-model=greedy-recipe=Salad,32,0,0,True
trial_12,cooks,62.5,2,9,1,greedy,Salad,4,agents=1-model=greedy-recipe=Salad,42,0,0,True
trial_12,cooks,62.5,2,9,1,greedy,Salad,5,agents=1-model=greedy-recipe=Salad,32,0,0,True
trial_12,cooks,62.5,2,9,1,greedy,Salad,6,agents=1-model=greedy-recipe=Salad,30,0,0,True
trial_12,cooks,62.5,2,9,1,greedy,Salad,7,agents=1-model=greedy-recipe=Salad,30,0,0,True
trial_12,cooks,62.5,2,9,1,greedy,Salad,8,agents=1-model=greedy-recipe=Salad,30,0,0,True
trial_12,cooks,62.5,2,9,1,greedy,Salad,9,agents=1-model=greedy-recipe=Salad,34,0,0,True
trial_12,cooks,62.5,2,9,1,greedy,Salad,10,agents=1-model=greedy-recipe=Salad,32,0,0,True
trial_12,cooks,62.5,2,9,1,greedy,Salad,11,agents=1-model=greedy-recipe=Salad,32,0,0,True
trial_12,cooks,62.5,2,9,1,greedy,Salad,12,agents=1-model=greedy-recipe=Salad,32,0,0,True
trial_12,cooks,62.5,2,9,1,greedy,Salad,13,agents=1-model=greedy-recipe=Salad,30,0,0,True
trial_12,cooks,62.5,2,9,1,greedy,Salad,14,agents=1-model=greedy-recipe=Salad,32,0,0,True
trial_12,cooks,62.5,2,9,1,greedy,Salad,15,agents=1-model=greedy-recipe=Salad,32,0,0,True
trial_12,cooks,62.5,2,9,1,greedy,Salad,16,agents=1-model=greedy-recipe=Salad,32,0,0,True
trial_12,cooks,62.5,2,9,1,greedy,Salad,17,agents=1-model=greedy-recipe=Salad,32,0,0,True
trial_12,cooks,62.5,2,9,1,greedy,Salad,18,agents=1-model=greedy-recipe=Salad,42,0,0,True
trial_12,cooks,62.5,2,9,1,greedy,Salad,19,agents=1-model=greedy-recipe=Salad,42,0,0,True
trial_12,cooks,62.5,2,9,1,greedy,Salad,20,agents=1-model=greedy-recipe=Salad,30,0,0,True
trial_12,cooks,62.5,2,9,2,greedy_greedy,Salad,1,agents=2-model=greedy_greedy-recipe=Salad,42,6,0,True
trial_12,cooks,62.5,2,9,2,greedy_greedy,Salad,2,agents=2-model=greedy_greedy-recipe=Salad,75,28,0,True
trial_12,cooks,62.5,2,9,2,greedy_greedy,Salad,3,agents=2-model=greedy_greedy-recipe=Salad,49,11,0,True
trial_12,cooks,62.5,2,9,2,greedy_greedy,Salad,4,agents=2-model=greedy_greedy-recipe=Salad,90,26,1,True
trial_12,cooks,62.5,2,9,2,greedy_greedy,Salad,5,agents=2-model=greedy_greedy-recipe=Salad,23,3,0,True
trial_12,cooks,62.5,2,9,2,greedy_greedy,Salad,6,agents=2-model=greedy_greedy-recipe=Salad,61,27,0,True
trial_12,cooks,62.5,2,9,2,greedy_greedy,Salad,7,agents=2-model=greedy_greedy-recipe=Salad,25,3,0,True
trial_12,cooks,62.5,2,9,2,greedy_greedy,Salad,8,agents=2-model=greedy_greedy-recipe=Salad,38,9,0,True
trial_12,cooks,62.5,2,9,2,greedy_greedy,Salad,9,agents=2-model=greedy_greedy-recipe=Salad,100,35,0,False
trial_12,cooks,62.5,2,9,2,greedy_greedy,Salad,10,agents=2-model=greedy_greedy-recipe=Salad,100,26,0,False
trial_12,cooks,62.5,2,9,2,greedy_greedy,Salad,11,agents=2-model=greedy_greedy-recipe=Salad,39,12,2,True
trial_12,cooks,62.5,2,9,2,greedy_greedy,Salad,12,agents=2-model=greedy_greedy-recipe=Salad,42,15,0,True
trial_12,cooks,62.5,2,9,2,greedy_greedy,Salad,13,agents=2-model=greedy_greedy-recipe=Salad,30,5,0,True
trial_12,cooks,62.5,2,9,2,greedy_greedy,Salad,14,agents=2-model=greedy_greedy-recipe=Salad,33,10,0,True
trial_12,cooks,62.5,2,9,2,greedy_greedy,Salad,15,agents=2-model=greedy_greedy-recipe=Salad,31,7,0,True
trial_12,cooks,62.5,2,9,2,greedy_greedy,Salad,16,agents=2-model=greedy_greedy-recipe=Salad,64,19,0,True
trial_12,cooks,62.5,2,9,2,greedy_greedy,Salad,17,agents=2-model=greedy_greedy-recipe=Salad,31,8,1,True
trial_12,cooks,62.5,2,9,2,greedy_greedy,Salad,18,agents=2-model=greedy_greedy-recipe=Salad,54,12,0,True
trial_12,cooks,62.5,2,9,2,greedy_greedy,Salad,19,agents=2-model=greedy_greedy-recipe=Salad,54,19,0,True
trial_12,cooks,62.5,2,9,2,greedy_greedy,Salad,20,agents=2-model=greedy_greedy-recipe=Salad,38,12,0,True
trial_13,cooks,75.0,1,4,2,bd_bd,Salad,1,agents=2-model=bd_bd-recipe=Salad,38,16,0,True
trial_13,cooks,75.0,1,4,2,bd_bd,Salad,2,agents=2-model=bd_bd-recipe=Salad,28,10,0,True
trial_13,cooks,75.0,1,4,2,bd_bd,Salad,3,agents=2-model=bd_bd-recipe=Salad,30,17,0,True
trial_13,cooks,75.0,1,4,2,bd_bd,Salad,4,agents=2-model=bd_bd-recipe=Salad,36,7,0,True
trial_13,cooks,75.0,1,4,2,bd_bd,Salad,5,agents=2-model=bd_bd-recipe=Salad,31,10,1,True
trial_13,cooks,75.0,1,4,2,bd_bd,Salad,6,agents=2-model=bd_bd-recipe=Salad,100,2,2,False
trial_13,cooks,75.0,1,4,2,bd_bd,Salad,7,agents=2-model=bd_bd-recipe=Salad,35,15,0,True
trial_13,cooks,75.0,1,4,2,bd_bd,Salad,8,agents=2-model=bd_bd-recipe=Salad,29,5,0,True
trial_13,cooks,75.0,1,4,2,bd_bd,Salad,9,agents=2-model=bd_bd-recipe=Salad,36,11,0,True
trial_13,cooks,75.0,1,4,2,bd_bd,Salad,10,agents=2-model=bd_bd-recipe=Salad,33,14,0,True
trial_13,cooks,75.0,1,4,2,bd_bd,Salad,11,agents=2-model=bd_bd-recipe=Salad,41,20,0,True
trial_13,cooks,75.0,1,4,2,bd_bd,Salad,12,agents=2-model=bd_bd-recipe=Salad,29,8,0,True
trial_13,cooks,75.0,1,4,2,bd_bd,Salad,13,agents=2-model=bd_bd-recipe=Salad,31,10,0,True
trial_13,cooks,75.0,1,4,2,bd_bd,Salad,14,agents=2-model=bd_bd-recipe=Salad,100,0,0,False
trial_13,cooks,75.0,1,4,2,bd_bd,Salad,15,agents=2-model=bd_bd-recipe=Salad,28,7,0,True
trial_13,cooks,75.0,1,4,2,bd_bd,Salad,16,agents=2-model=bd_bd-recipe=Salad,29,10,0,True
trial_13,cooks,75.0,1,4,2,bd_bd,Salad,17,agents=2-model=bd_bd-recipe=Salad,36,15,0,True
trial_13,cooks,75.0,1,4,2,bd_bd,Salad,18,agents=2-model=bd_bd-recipe=Salad,30,8,0,True
trial_13,cooks,75.0,1,4,2,bd_bd,Salad,19,agents=2-model=bd_bd-recipe=Salad,30,13,0,True
trial_13,cooks,75.0,1,4,2,bd_bd,Salad,20,agents=2-model=bd_bd-recipe=Salad,28,10,0,True
trial_13,cooks,75.0,1,4,2,centralized_centralized,Salad,1,agents=2-model=centralized_centralized-recipe=Salad,100,0,0,False
trial_13,cooks,75.0,1,4,2,centralized_centralized,Salad,2,agents=2-model=centralized_centralized-recipe=Salad,37,24,0,True
trial_13,cooks,75.0,1,4,2,centralized_centralized,Salad,3,agents=2-model=centralized_centralized-recipe=Salad,33,14,0,True
trial_13,cooks,75.0,1,4,2,centralized_centralized,Salad,4,agents=2-model=centralized_centralized-recipe=Salad,100,0,0,False
trial_13,cooks,75.0,1,4,2,centralized_centralized,Salad,5,agents=2-model=centralized_centralized-recipe=Salad,30,18,0,True
trial_13,cooks,75.0,1,4,2,centralized_centralized,Salad,6,agents=2-model=centralized_centralized-recipe=Salad,100,0,0,False
trial_13,cooks,75.0,1,4,2,centralized_centralized,Salad,7,agents=2-model=centralized_centralized-recipe=Salad,31,6,0,True
trial_13,cooks,75.0,1,4,2,centralized_centralized,Salad,8,agents=2-model=centralized_centralized-recipe=Salad,100,0,0,False
trial_13,cooks,75.0,1,4,2,centralized_centralized,Salad,9,agents=2-model=centralized_centralized-recipe=Salad,33,20,0,True
trial_13,cooks,75.0,1,4,2,centralized_centralized,Salad,10,agents=2-model=centralized_centralized-recipe=Salad,100,0,0,False
trial_13,cooks,75.0,1,4,2,centralized_centralized,Salad,11,agents=2-model=centralized_centralized-recipe=Salad,35,22,0,True
trial_13,cooks,75.0,1,4,2,centralized_centralized,Salad,12,agents=2-model=centralized_centralized-recipe=Salad,100,0,0,False
trial_13,cooks,75.0,1,4,2,centralized_centralized,Salad,13,agents=2-model=centralized_centralized-recipe=Salad,100,0,0,False
trial_13,cooks,75.0,1,4,2,centralized_centralized,Salad,14,agents=2-model=centralized_centralized-recipe=Salad,100,0,0,False
trial_13,cooks,75.0,1,4,2,centralized_centralized,Salad,15,agents=2-model=centralized_centralized-recipe=Salad,31,6,0,True
trial_13,cooks,75.0,1,4,2,centralized_centralized,Salad,16,agents=2-model=centralized_centralized-recipe=Salad,100,0,0,False
trial_13,cooks,75.0,1,4,2,centralized_centralized,Salad,17,agents=2-model=centralized_centralized-recipe=Salad,31,18,0,True
trial_13,cooks,75.0,1,4,2,centralized_centralized,Salad,18,agents=2-model=centralized_centralized-recipe=Salad,40,22,0,True
trial_13,cooks,75.0,1,4,2,centralized_centralized,Salad,19,agents=2-model=centralized_centralized-recipe=Salad,100,0,0,False
trial_13,cooks,75.0,1,4,2,centralized_centralized,Salad,20,agents=2-model=centralized_centralized-recipe=Salad,31,18,0,True
trial_13,cooks,75.0,1,4,1,greedy,Salad,1,agents=1-model=greedy-recipe=Salad,54,0,0,True
trial_13,cooks,75.0,1,4,1,greedy,Salad,2,agents=1-model=greedy-recipe=Salad,52,0,0,True
trial_13,cooks,75.0,1,4,1,greedy,Salad,3,agents=1-model=greedy-recipe=Salad,54,0,0,True
trial_13,cooks,75.0,1,4,1,greedy,Salad,4,agents=1-model=greedy-recipe=Salad,54,0,0,True
trial_13,cooks,75.0,1,4,1,greedy,Salad,5,agents=1-model=greedy-recipe=Salad,54,0,0,True
trial_13,cooks,75.0,1,4,1,greedy,Salad,6,agents=1-model=greedy-recipe=Salad,54,0,0,True
trial_13,cooks,75.0,1,4,1,greedy,Salad,7,agents=1-model=greedy-recipe=Salad,54,0,0,True
trial_13,cooks,75.0,1,4,1,greedy,Salad,8,agents=1-model=greedy-recipe=Salad,52,0,0,True
trial_13,cooks,75.0,1,4,1,greedy,Salad,9,agents=1-model=greedy-recipe=Salad,52,0,0,True
trial_13,cooks,75.0,1,4,1,greedy,Salad,10,agents=1-model=greedy-recipe=Salad,52,0,0,True
trial_13,cooks,75.0,1,4,1,greedy,Salad,11,agents=1-model=greedy-recipe=Salad,52,0,0,True
trial_13,cooks,75.0,1,4,1,greedy,Salad,12,agents=1-model=greedy-recipe=Salad,52,0,0,True
trial_13,cooks,75.0,1,4,1,greedy,Salad,13,agents=1-model=greedy-recipe=Salad,52,0,0,True
trial_13,cooks,75.0,1,4,1,greedy,Salad,14,agents=1-model=greedy-recipe=Salad,52,0,0,True
trial_13,cooks,75.0,1,4,1,greedy,Salad,15,agents=1-model=greedy-recipe=Salad,52,0,0,True
trial_13,cooks,75.0,1,4,1,greedy,Salad,16,agents=1-model=greedy-recipe=Salad,54,0,0,True
trial_13,cooks,75.0,1,4,1,greedy,Salad,17,agents=1-model=greedy-recipe=Salad,54,0,0,True
trial_13,cooks,75.0,1,4,1,greedy,Salad,18,agents=1-model=greedy-recipe=Salad,52,0,0,True
trial_13,cooks,75.0,1,4,1,greedy,Salad,19,agents=1-model=greedy-recipe=Salad,52,0,0,True
trial_13,cooks,75.0,1,4,1,greedy,Salad,20,agents=1-model=greedy-recipe=Salad,54,0,0,True
trial_13,cooks,75.0,1,4,2,greedy_greedy,Salad,1,agents=2-model=greedy_greedy-recipe=Salad,100,0,0,False
trial_13,cooks,75.0,1,4,2,greedy_greedy,Salad,2,agents=2-model=greedy_greedy-recipe=Salad,46,21,0,True
trial_13,cooks,75.0,1,4,2,greedy_greedy,Salad,3,agents=2-model=greedy_greedy-recipe=Salad,36,8,0,True
trial_13,cooks,75.0,1,4,2,greedy_greedy,Salad,4,agents=2-model=greedy_greedy-recipe=Salad,100,0,0,False
trial_13,cooks,75.0,1,4,2,greedy_greedy,Salad,5,agents=2-model=greedy_greedy-recipe=Salad,61,8,22,True
trial_13,cooks,75.0,1,4,2,greedy_greedy,Salad,6,agents=2-model=greedy_greedy-recipe=Salad,39,7,0,True
trial_13,cooks,75.0,1,4,2,greedy_greedy,Salad,7,agents=2-model=greedy_greedy-recipe=Salad,44,9,0,True
trial_13,cooks,75.0,1,4,2,greedy_greedy,Salad,8,agents=2-model=greedy_greedy-recipe=Salad,46,9,1,True
trial_13,cooks,75.0,1,4,2,greedy_greedy,Salad,9,agents=2-model=greedy_greedy-recipe=Salad,28,4,0,True
trial_13,cooks,75.0,1,4,2,greedy_greedy,Salad,10,agents=2-model=greedy_greedy-recipe=Salad,100,0,0,False
trial_13,cooks,75.0,1,4,2,greedy_greedy,Salad,11,agents=2-model=greedy_greedy-recipe=Salad,36,7,0,True
trial_13,cooks,75.0,1,4,2,greedy_greedy,Salad,12,agents=2-model=greedy_greedy-recipe=Salad,100,0,0,False
trial_13,cooks,75.0,1,4,2,greedy_greedy,Salad,13,agents=2-model=greedy_greedy-recipe=Salad,100,0,0,False
trial_13,cooks,75.0,1,4,2,greedy_greedy,Salad,14,agents=2-model=greedy_greedy-recipe=Salad,38,7,0,True
trial_13,cooks,75.0,1,4,2,greedy_greedy,Salad,15,agents=2-model=greedy_greedy-recipe=Salad,100,0,0,False
trial_13,cooks,75.0,1,4,2,greedy_greedy,Salad,16,agents=2-model=greedy_greedy-recipe=Salad,100,0,0,False
trial_13,cooks,75.0,1,4,2,greedy_greedy,Salad,17,agents=2-model=greedy_greedy-recipe=Salad,100,0,0,False
trial_13,cooks,75.0,1,4,2,greedy_greedy,Salad,18,agents=2-model=greedy_greedy-recipe=Salad,100,0,0,False
trial_13,cooks,75.0,1,4,2,greedy_greedy,Salad,19,agents=2-model=greedy_greedy-recipe=Salad,31,7,0,True
trial_13,cooks,75.0,1,4,2,greedy_greedy,Salad,20,agents=2-model=greedy_greedy-recipe=Salad,100,0,0,False
trial_14,cooks,75.0,2,6,2,bd_bd,Salad,1,agents=2-model=bd_bd-recipe=Salad,26,5,0,True
trial_14,cooks,75.0,2,6,2,bd_bd,Salad,2,agents=2-model=bd_bd-recipe=Salad,28,5,0,True
trial_14,cooks,75.0,2,6,2,bd_bd,Salad,3,agents=2-model=bd_bd-recipe=Salad,100,132,0,False
trial_14,cooks,75.0,2,6,2,bd_bd,Salad,4,agents=2-model=bd_bd-recipe=Salad,27,7,0,True
trial_14,cooks,75.0,2,6,2,bd_bd,Salad,5,agents=2-model=bd_bd-recipe=Salad,28,6,0,True
trial_14,cooks,75.0,2,6,2,bd_bd,Salad,6,agents=2-model=bd_bd-recipe=Salad,26,4,0,True
trial_14,cooks,75.0,2,6,2,bd_bd,Salad,7,agents=2-model=bd_bd-recipe=Salad,26,5,0,True
trial_14,cooks,75.0,2,6,2,bd_bd,Salad,8,agents=2-model=bd_bd-recipe=Salad,27,6,0,True
trial_14,cooks,75.0,2,6,2,bd_bd,Salad,9,agents=2-model=bd_bd-recipe=Salad,29,6,0,True
trial_14,cooks,75.0,2,6,2,bd_bd,Salad,10,agents=2-model=bd_bd-recipe=Salad,26,4,0,True
trial_14,cooks,75.0,2,6,2,bd_bd,Salad,11,agents=2-model=bd_bd-recipe=Salad,27,7,0,True
trial_14,cooks,75.0,2,6,2,bd_bd,Salad,12,agents=2-model=bd_bd-recipe=Salad,27,4,0,True
trial_14,cooks,75.0,2,6,2,bd_bd,Salad,13,agents=2-model=bd_bd-recipe=Salad,27,2,0,True
trial_14,cooks,75.0,2,6,2,bd_bd,Salad,14,agents=2-model=bd_bd-recipe=Salad,25,2,0,True
trial_14,cooks,75.0,2,6,2,bd_bd,Salad,15,agents=2-model=bd_bd-recipe=Salad,26,4,0,True
trial_14,cooks,75.0,2,6,2,bd_bd,Salad,16,agents=2-model=bd_bd-recipe=Salad,25,2,0,True
trial_14,cooks,75.0,2,6,2,bd_bd,Salad,17,agents=2-model=bd_bd-recipe=Salad,34,10,0,True
trial_14,cooks,75.0,2,6,2,bd_bd,Salad,18,agents=2-model=bd_bd-recipe=Salad,28,4,0,True
trial_14,cooks,75.0,2,6,2,bd_bd,Salad,19,agents=2-model=bd_bd-recipe=Salad,27,7,0,True
trial_14,cooks,75.0,2,6,2,bd_bd,Salad,20,agents=2-model=bd_bd-recipe=Salad,27,6,0,True
trial_14,cooks,75.0,2,6,2,centralized_centralized,Salad,1,agents=2-model=centralized_centralized-recipe=Salad,23,5,0,True
trial_14,cooks,75.0,2,6,2,centralized_centralized,Salad,2,agents=2-model=centralized_centralized-recipe=Salad,23,5,0,True
trial_14,cooks,75.0,2,6,2,centralized_centralized,Salad,3,agents=2-model=centralized_centralized-recipe=Salad,23,5,0,True
trial_14,cooks,75.0,2,6,2,centralized_centralized,Salad,4,agents=2-model=centralized_centralized-recipe=Salad,23,5,0,True
trial_14,cooks,75.0,2,6,2,centralized_centralized,Salad,5,agents=2-model=centralized_centralized-recipe=Salad,23,5,0,True
trial_14,cooks,75.0,2,6,2,centralized_centralized,Salad,6,agents=2-model=centralized_centralized-recipe=Salad,23,5,0,True
trial_14,cooks,75.0,2,6,2,centralized_centralized,Salad,7,agents=2-model=centralized_centralized-recipe=Salad,23,5,0,True
trial_14,cooks,75.0,2,6,2,centralized_centralized,Salad,8,agents=2-model=centralized_centralized-recipe=Salad,23,5,0,True
trial_14,cooks,75.0,2,6,2,centralized_centralized,Salad,9,agents=2-model=centralized_centralized-recipe=Salad,23,5,0,True
trial_14,cooks,75.0,2,6,2,centralized_centralized,Salad,10,agents=2-model=centralized_centralized-recipe=Salad,21,3,0,True
trial_14,cooks,75.0,2,6,2,centralized_centralized,Salad,11,agents=2-model=centralized_centralized-recipe=Salad,23,5,0,True
trial_14,cooks,75.0,2,6,2,centralized_centralized,Salad,12,agents=2-model=centralized_centralized-recipe=Salad,23,5,0,True
trial_14,cooks,75.0,2,6,2,centralized_centralized,Salad,13,agents=2-model=centralized_centralized-recipe=Salad,23,5,0,True
trial_14,cooks,75.0,2,6,2,centralized_centralized,Salad,14,agents=2-model=centralized_centralized-recipe=Salad,23,5,0,True
trial_14,cooks,75.0,2,6,2,centralized_centralized,Salad,15,agents=2-model=centralized_centralized-recipe=Salad,21,3,0,True
trial_14,cooks,75.0,2,6,2,centralized_centralized,Salad,16,agents=2-model=centralized_centralized-recipe=Salad,23,5,0,True
trial_14,cooks,75.0,2,6,2,centralized_centralized,Salad,17,agents=2-model=centralized_centralized-recipe=Salad,21,3,0,True
trial_14,cooks,75.0,2,6,2,centralized_centralized,Salad,18,agents=2-model=centralized_centralized-recipe=Salad,23,5,0,True
trial_14,cooks,75.0,2,6,2,centralized_centralized,Salad,19,agents=2-model=centralized_centralized-recipe=Salad,23,5,0,True
trial_14,cooks,75.0,2,6,2,centralized_centralized,Salad,20,agents=2-model=centralized_centralized-recipe=Salad,23,5,0,True
trial_14,cooks,75.0,2,6,1,greedy,Salad,1,agents=1-model=greedy-recipe=Salad,38,0,0,True
trial_14,cooks,75.0,2,6,1,greedy,Salad,2,agents=1-model=greedy-recipe=Salad,38,0,0,True
trial_14,cooks,75.0,2,6,1,greedy,Salad,3,agents=1-model=greedy-recipe=Salad,38,0,0,True
trial_14,cooks,75.0,2,6,1,greedy,Salad,4,agents=1-model=greedy-recipe=Salad,38,0,0,True
trial_14,cooks,75.0,2,6,1,greedy,Salad,5,agents=1-model=greedy-recipe=Salad,38,0,0,True
trial_14,cooks,75.0,2,6,1,greedy,Salad,6,agents=1-model=greedy-recipe=Salad,38,0,0,True
trial_14,cooks,75.0,2,6,1,greedy,Salad,7,agents=1-model=greedy-recipe=Salad,38,0,0,True
trial_14,cooks,75.0,2,6,1,greedy,Salad,8,agents=1-model=greedy-recipe=Salad,38,0,0,True
trial_14,cooks,75.0,2,6,1,greedy,Salad,9,agents=1-model=greedy-recipe=Salad,38,0,0,True
trial_14,cooks,75.0,2,6,1,greedy,Salad,10,agents=1-model=greedy-recipe=Salad,38,0,0,True
trial_14,cooks,75.0,2,6,1,greedy,Salad,11,agents=1-model=greedy-recipe=Salad,38,0,0,True
trial_14,cooks,75.0,2,6,1,greedy,Salad,12,agents=1-model=greedy-recipe=Salad,38,0,0,True
trial_14,cooks,75.0,2,6,1,greedy,Salad,13,agents=1-model=greedy-recipe=Salad,38,0,0,True
trial_14,cooks,75.0,2,6,1,greedy,Salad,14,agents=1-model=greedy-recipe=Salad,38,0,0,True
trial_14,cooks,75.0,2,6,1,greedy,Salad,15,agents=1-model=greedy-recipe=Salad,38,0,0,True
trial_14,cooks,75.0,2,6,1,greedy,Salad,16,agents=1-model=greedy-recipe=Salad,38,0,0,True
trial_14,cooks,75.0,2,6,1,greedy,Salad,17,agents=1-model=greedy-recipe=Salad,38,0,0,True
trial_14,cooks,75.0,2,6,1,greedy,Salad,18,agents=1-model=greedy-recipe=Salad,38,0,0,True
trial_14,cooks,75.0,2,6,1,greedy,Salad,19,agents=1-model=greedy-recipe=Salad,38,0,0,True
trial_14,cooks,75.0,2,6,1,greedy,Salad,20,agents=1-model=greedy-recipe=Salad,38,0,0,True
trial_14,cooks,75.0,2,6,2,greedy_greedy,Salad,1,agents=2-model=greedy_greedy-recipe=Salad,38,15,1,True
trial_14,cooks,75.0,2,6,2,greedy_greedy,Salad,2,agents=2-model=greedy_greedy-recipe=Salad,27,8,0,True
trial_14,cooks,75.0,2,6,2,greedy_greedy,Salad,3,agents=2-model=greedy_greedy-recipe=Salad,34,9,0,True
trial_14,cooks,75.0,2,6,2,greedy_greedy,Salad,4,agents=2-model=greedy_greedy-recipe=Salad,38,14,0,True
trial_14,cooks,75.0,2,6,2,greedy_greedy,Salad,5,agents=2-model=greedy_greedy-recipe=Salad,38,12,1,True
trial_14,cooks,75.0,2,6,2,greedy_greedy,Salad,6,agents=2-model=greedy_greedy-recipe=Salad,37,10,0,True
trial_14,cooks,75.0,2,6,2,greedy_greedy,Salad,7,agents=2-model=greedy_greedy-recipe=Salad,26,3,0,True
trial_14,cooks,75.0,2,6,2,greedy_greedy,Salad,8,agents=2-model=greedy_greedy-recipe=Salad,35,6,0,True
trial_14,cooks,75.0,2,6,2,greedy_greedy,Salad,9,agents=2-model=greedy_greedy-recipe=Salad,33,7,0,True
trial_14,cooks,75.0,2,6,2,greedy_greedy,Salad,10,agents=2-model=greedy_greedy-recipe=Salad,27,3,0,True
trial_14,cooks,75.0,2,6,2,greedy_greedy,Salad,11,agents=2-model=greedy_greedy-recipe=Salad,37,12,0,True
trial_14,cooks,75.0,2,6,2,greedy_greedy,Salad,12,agents=2-model=greedy_greedy-recipe=Salad,23,3,0,True
trial_14,cooks,75.0,2,6,2,greedy_greedy,Salad,13,agents=2-model=greedy_greedy-recipe=Salad,64,34,0,True
trial_14,cooks,75.0,2,6,2,greedy_greedy,Salad,14,agents=2-model=greedy_greedy-recipe=Salad,29,4,0,True
trial_14,cooks,75.0,2,6,2,greedy_greedy,Salad,15,agents=2-model=greedy_greedy-recipe=Salad,57,16,0,True
trial_14,cooks,75.0,2,6,2,greedy_greedy,Salad,16,agents=2-model=greedy_greedy-recipe=Salad,27,8,0,True
trial_14,cooks,75.0,2,6,2,greedy_greedy,Salad,17,agents=2-model=greedy_greedy-recipe=Salad,28,9,0,True
trial_14,cooks,75.0,2,6,2,greedy_greedy,Salad,18,agents=2-model=greedy_greedy-recipe=Salad,46,22,0,True
trial_14,cooks,75.0,2,6,2,greedy_greedy,Salad,19,agents=2-model=greedy_greedy-recipe=Salad,28,8,0,True
trial_14,cooks,75.0,2,6,2,greedy_greedy,Salad,20,agents=2-model=greedy_greedy-recipe=Salad,28,6,2,True
trial_15,cooks,87.5,1,9,2,bd_bd,Salad,1,agents=2-model=bd_bd-recipe=Salad,100,49,0,False
trial_15,cooks,87.5,1,9,2,bd_bd,Salad,2,agents=2-model=bd_bd-recipe=Salad,100,47,0,False
trial_15,cooks,87.5,1,9,2,bd_bd,Salad,3,agents=2-model=bd_bd-recipe=Salad,100,49,0,False
trial_15,cooks,87.5,1,9,2,bd_bd,Salad,4,agents=2-model=bd_bd-recipe=Salad,100,49,0,False
trial_15,cooks,87.5,1,9,2,bd_bd,Salad,5,agents=2-model=bd_bd-recipe=Salad,100,47,0,False
trial_15,cooks,87.5,1,9,2,bd_bd,Salad,6,agents=2-model=bd_bd-recipe=Salad,100,49,0,False
trial_15,cooks,87.5,1,9,2,bd_bd,Salad,7,agents=2-model=bd_bd-recipe=Salad,100,49,0,False
trial_15,cooks,87.5,1,9,2,bd_bd,Salad,8,agents=2-model=bd_bd-recipe=Salad,100,49,0,False
trial_15,cooks,87.5,1,9,2,bd_bd,Salad,9,agents=2-model=bd_bd-recipe=Salad,100,49,0,False
trial_15,cooks,87.5,1,9,2,bd_bd,Salad,10,agents=2-model=bd_bd-recipe=Salad,100,49,0,False
trial_15,cooks,87.5,1,9,2,bd_bd,Salad,11,agents=2-model=bd_bd-recipe=Salad,100,49,0,False
trial_15,cooks,87.5,1,9,2,bd_bd,Salad,12,agents=2-model=bd_bd-recipe=Salad,100,49,0,False
trial_15,cooks,87.5,1,9,2,bd_bd,Salad,13,agents=2-model=bd_bd-recipe=Salad,100,49,0,False
trial_15,cooks,87.5,1,9,2,bd_bd,Salad,14,agents=2-model=bd_bd-recipe=Salad,100,49,0,False
trial_15,cooks,87.5,1,9,2,bd_bd,Salad,15,agents=2-model=bd_bd-recipe=Salad,100,49,0,False
trial_15,cooks,87.5,1,9,2,bd_bd,Salad,16,agents=2-model=bd_bd-recipe=Salad,100,49,0,False
trial_15,cooks,87.5,1,9,2,bd_bd,Salad,17,agents=2-model=bd_bd-recipe=Salad,100,49,0,False
trial_15,cooks,87.5,1,9,2,bd_bd,Salad,18,agents=2-model=bd_bd-recipe=Salad,100,49,0,False
trial_15,cooks,87.5,1,9,2,bd_bd,Salad,19,agents=2-model=bd_bd-recipe=Salad,100,49,0,False
trial_15,cooks,87.5,1,9,2,bd_bd,Salad,20,agents=2-model=bd_bd-recipe=Salad,100,49,0,False
trial_15,cooks,87.5,1,9,2,centralized_centralized,Salad,1,agents=2-model=centralized_centralized-recipe=Salad,36,17,0,True
trial_15,cooks,87.5,1,9,2,centralized_centralized,Salad,2,agents=2-model=centralized_centralized-recipe=Salad,43,20,0,True
trial_15,cooks,87.5,1,9,2,centralized_centralized,Salad,3,agents=2-model=centralized_centralized-recipe=Salad,40,21,0,True
trial_15,cooks,87.5,1,9,2,centralized_centralized,Salad,4,agents=2-model=centralized_centralized-recipe=Salad,46,22,0,True
trial_15,cooks,87.5,1,9,2,centralized_centralized,Salad,5,agents=2-model=centralized_centralized-recipe=Salad,40,18,0,True
trial_15,cooks,87.5,1,9,2,centralized_centralized,Salad,6,agents=2-model=centralized_centralized-recipe=Salad,34,22,0,True
trial_15,cooks,87.5,1,9,2,centralized_centralized,Salad,7,agents=2-model=centralized_centralized-recipe=Salad,40,14,0,True
trial_15,cooks,87.5,1,9,2,centralized_centralized,Salad,8,agents=2-model=centralized_centralized-recipe=Salad,36,14,0,True
trial_15,cooks,87.5,1,9,2,centralized_centralized,Salad,9,agents=2-model=centralized_centralized-recipe=Salad,36,17,0,True
trial_15,cooks,87.5,1,9,2,centralized_centralized,Salad,10,agents=2-model=centralized_centralized-recipe=Salad,36,17,0,True
trial_15,cooks,87.5,1,9,2,centralized_centralized,Salad,11,agents=2-model=centralized_centralized-recipe=Salad,47,26,0,True
trial_15,cooks,87.5,1,9,2,centralized_centralized,Salad,12,agents=2-model=centralized_centralized-recipe=Salad,38,19,0,True
trial_15,cooks,87.5,1,9,2,centralized_centralized,Salad,13,agents=2-model=centralized_centralized-recipe=Salad,38,19,0,True
trial_15,cooks,87.5,1,9,2,centralized_centralized,Salad,14,agents=2-model=centralized_centralized-recipe=Salad,38,17,0,True
trial_15,cooks,87.5,1,9,2,centralized_centralized,Salad,15,agents=2-model=centralized_centralized-recipe=Salad,48,25,0,True
trial_15,cooks,87.5,1,9,2,centralized_centralized,Salad,16,agents=2-model=centralized_centralized-recipe=Salad,47,27,1,True
trial_15,cooks,87.5,1,9,2,centralized_centralized,Salad,17,agents=2-model=centralized_centralized-recipe=Salad,34,22,0,True
trial_15,cooks,87.5,1,9,2,centralized_centralized,Salad,18,agents=2-model=centralized_centralized-recipe=Salad,36,17,0,True
trial_15,cooks,87.5,1,9,2,centralized_centralized,Salad,19,agents=2-model=centralized_centralized-recipe=Salad,42,18,0,True
trial_15,cooks,87.5,1,9,2,centralized_centralized,Salad,20,agents=2-model=centralized_centralized-recipe=Salad,36,14,0,True
trial_15,cooks,87.5,1,9,1,greedy,Salad,1,agents=1-model=greedy-recipe=Salad,61,0,0,True
trial_15,cooks,87.5,1,9,1,greedy,Salad,2,agents=1-model=greedy-recipe=Salad,61,0,0,True
trial_15,cooks,87.5,1,9,1,greedy,Salad,3,agents=1-model=greedy-recipe=Salad,61,0,0,True
trial_15,cooks,87.5,1,9,1,greedy,Salad,4,agents=1-model=greedy-recipe=Salad,57,0,0,True
trial_15,cooks,87.5,1,9,1,greedy,Salad,5,agents=1-model=greedy-recipe=Salad,61,0,0,True
trial_15,cooks,87.5,1,9,1,greedy,Salad,6,agents=1-model=greedy-recipe=Salad,61,0,0,True
trial_15,cooks,87.5,1,9,1,greedy,Salad,7,agents=1-model=greedy-recipe=Salad,61,0,0,True
trial_15,cooks,87.5,1,9,1,greedy,Salad,8,agents=1-model=greedy-recipe=Salad,59,0,0,True
trial_15,cooks,87.5,1,9,1,greedy,Salad,9,agents=1-model=greedy-recipe=Salad,61,0,0,True
trial_15,cooks,87.5,1,9,1,greedy,Salad,10,agents=1-model=greedy-recipe=Salad,59,0,0,True
trial_15,cooks,87.5,1,9,1,greedy,Salad,11,agents=1-model=greedy-recipe=Salad,59,0,0,True
trial_15,cooks,87.5,1,9,1,greedy,Salad,12,agents=1-model=greedy-recipe=Salad,57,0,0,True
trial_15,cooks,87.5,1,9,1,greedy,Salad,13,agents=1-model=greedy-recipe=Salad,57,0,0,True
trial_15,cooks,87.5,1,9,1,greedy,Salad,14,agents=1-model=greedy-recipe=Salad,61,0,0,True
trial_15,cooks,87.5,1,9,1,greedy,Salad,15,agents=1-model=greedy-recipe=Salad,61,0,0,True
trial_15,cooks,87.5,1,9,1,greedy,Salad,16,agents=1-model=greedy-recipe=Salad,59,0,0,True
trial_15,cooks,87.5,1,9,1,greedy,Salad,17,agents=1-model=greedy-recipe=Salad,61,0,0,True
trial_15,cooks,87.5,1,9,1,greedy,Salad,18,agents=1-model=greedy-recipe=Salad,59,0,0,True
trial_15,cooks,87.5,1,9,1,greedy,Salad,19,agents=1-model=greedy-recipe=Salad,59,0,0,True
trial_15,cooks,87.5,1,9,1,greedy,Salad,20,agents=1-model=greedy-recipe=Salad,57,0,0,True
trial_15,cooks,87.5,1,9,2,greedy_greedy,Salad,1,agents=2-model=greedy_greedy-recipe=Salad,63,24,0,True
trial_15,cooks,87.5,1,9,2,greedy_greedy,Salad,2,agents=2-model=greedy_greedy-recipe=Salad,52,12,0,True
trial_15,cooks,87.5,1,9,2,greedy_greedy,Salad,3,agents=2-model=greedy_greedy-recipe=Salad,91,32,0,True
trial_15,cooks,87.5,1,9,2,greedy_greedy,Salad,4,agents=2-model=greedy_greedy-recipe=Salad,73,42,1,True
trial_15,cooks,87.5,1,9,2,greedy_greedy,Salad,6,agents=2-model=greedy_greedy-recipe=Salad,80,33,1,True
trial_15,cooks,87.5,1,9,2,greedy_greedy,Salad,7,agents=2-model=greedy_greedy-recipe=Salad,71,25,2,True
trial_15,cooks,87.5,1,9,2,greedy_greedy,Salad,8,agents=2-model=greedy_greedy-recipe=Salad,100,27,1,False
trial_15,cooks,87.5,1,9,2,greedy_greedy,Salad,9,agents=2-model=greedy_greedy-recipe=Salad,70,18,1,True
trial_15,cooks,87.5,1,9,2,greedy_greedy,Salad,10,agents=2-model=greedy_greedy-recipe=Salad,66,15,0,True
trial_15,cooks,87.5,1,9,2,greedy_greedy,Salad,11,agents=2-model=greedy_greedy-recipe=Salad,68,31,0,True
trial_15,cooks,87.5,1,9,2,greedy_greedy,Salad,12,agents=2-model=greedy_greedy-recipe=Salad,100,31,0,False
trial_15,cooks,87.5,1,9,2,greedy_greedy,Salad,13,agents=2-model=greedy_greedy-recipe=Salad,77,23,0,True
trial_15,cooks,87.5,1,9,2,greedy_greedy,Salad,14,agents=2-model=greedy_greedy-recipe=Salad,70,23,1,True
trial_15,cooks,87.5,1,9,2,greedy_greedy,Salad,15,agents=2-model=greedy_greedy-recipe=Salad,71,16,2,True
trial_15,cooks,87.5,1,9,2,greedy_greedy,Salad,16,agents=2-model=greedy_greedy-recipe=Salad,100,6,0,False
trial_15,cooks,87.5,1,9,2,greedy_greedy,Salad,17,agents=2-model=greedy_greedy-recipe=Salad,100,27,1,False
trial_15,cooks,87.5,1,9,2,greedy_greedy,Salad,18,agents=2-model=greedy_greedy-recipe=Salad,81,38,2,True
trial_15,cooks,87.5,1,9,2,greedy_greedy,Salad,19,agents=2-model=greedy_greedy-recipe=Salad,95,23,0,True
trial_15,cooks,87.5,1,9,2,greedy_greedy,Salad,20,agents=2-model=greedy_greedy-recipe=Salad,83,26,2,True
trial_16,cooks,87.5,2,4,2,bd_bd,Salad,1,agents=2-model=bd_bd-recipe=Salad,30,13,0,True
trial_16,cooks,87.5,2,4,2,bd_bd,Salad,2,agents=2-model=bd_bd-recipe=Salad,34,8,0,True
trial_16,cooks,87.5,2,4,2,bd_bd,Salad,3,agents=2-model=bd_bd-recipe=Salad,100,47,0,False
trial_16,cooks,87.5,2,4,2,bd_bd,Salad,4,agents=2-model=bd_bd-recipe=Salad,34,10,0,True
trial_16,cooks,87.5,2,4,2,bd_bd,Salad,5,agents=2-model=bd_bd-recipe=Salad,100,47,0,False
trial_16,cooks,87.5,2,4,2,bd_bd,Salad,6,agents=2-model=bd_bd-recipe=Salad,100,50,0,False
trial_16,cooks,87.5,2,4,2,bd_bd,Salad,7,agents=2-model=bd_bd-recipe=Salad,35,15,0,True
trial_16,cooks,87.5,2,4,2,bd_bd,Salad,8,agents=2-model=bd_bd-recipe=Salad,33,4,0,True
trial_16,cooks,87.5,2,4,2,bd_bd,Salad,9,agents=2-model=bd_bd-recipe=Salad,31,16,0,True
trial_16,cooks,87.5,2,4,2,bd_bd,Salad,10,agents=2-model=bd_bd-recipe=Salad,45,22,2,True
trial_16,cooks,87.5,2,4,2,bd_bd,Salad,11,agents=2-model=bd_bd-recipe=Salad,29,7,0,True
trial_16,cooks,87.5,2,4,2,bd_bd,Salad,12,agents=2-model=bd_bd-recipe=Salad,37,15,0,True
trial_16,cooks,87.5,2,4,2,bd_bd,Salad,13,agents=2-model=bd_bd-recipe=Salad,100,4,1,False
trial_16,cooks,87.5,2,4,2,bd_bd,Salad,14,agents=2-model=bd_bd-recipe=Salad,37,14,1,True
trial_16,cooks,87.5,2,4,2,bd_bd,Salad,15,agents=2-model=bd_bd-recipe=Salad,30,10,0,True
trial_16,cooks,87.5,2,4,2,bd_bd,Salad,16,agents=2-model=bd_bd-recipe=Salad,33,4,0,True
trial_16,cooks,87.5,2,4,2,bd_bd,Salad,17,agents=2-model=bd_bd-recipe=Salad,37,10,1,True
trial_16,cooks,87.5,2,4,2,bd_bd,Salad,18,agents=2-model=bd_bd-recipe=Salad,30,7,0,True
trial_16,cooks,87.5,2,4,2,bd_bd,Salad,19,agents=2-model=bd_bd-recipe=Salad,100,46,0,False
trial_16,cooks,87.5,2,4,2,bd_bd,Salad,20,agents=2-model=bd_bd-recipe=Salad,30,12,0,True
trial_16,cooks,87.5,2,4,2,centralized_centralized,Salad,1,agents=2-model=centralized_centralized-recipe=Salad,33,7,0,True
trial_16,cooks,87.5,2,4,2,centralized_centralized,Salad,2,agents=2-model=centralized_centralized-recipe=Salad,100,0,0,False
trial_16,cooks,87.5,2,4,2,centralized_centralized,Salad,3,agents=2-model=centralized_centralized-recipe=Salad,29,12,0,True
trial_16,cooks,87.5,2,4,2,centralized_centralized,Salad,4,agents=2-model=centralized_centralized-recipe=Salad,30,14,0,True
trial_16,cooks,87.5,2,4,2,centralized_centralized,Salad,5,agents=2-model=centralized_centralized-recipe=Salad,100,1,83,False
trial_16,cooks,87.5,2,4,2,centralized_centralized,Salad,6,agents=2-model=centralized_centralized-recipe=Salad,100,0,0,False
trial_16,cooks,87.5,2,4,2,centralized_centralized,Salad,7,agents=2-model=centralized_centralized-recipe=Salad,100,0,0,False
trial_16,cooks,87.5,2,4,2,centralized_centralized,Salad,8,agents=2-model=centralized_centralized-recipe=Salad,32,14,2,True
trial_16,cooks,87.5,2,4,2,centralized_centralized,Salad,9,agents=2-model=centralized_centralized-recipe=Salad,32,14,2,True
trial_16,cooks,87.5,2,4,2,centralized_centralized,Salad,10,agents=2-model=centralized_centralized-recipe=Salad,100,0,0,False
trial_16,cooks,87.5,2,4,2,centralized_centralized,Salad,11,agents=2-model=centralized_centralized-recipe=Salad,100,0,0,False
trial_16,cooks,87.5,2,4,2,centralized_centralized,Salad,12,agents=2-model=centralized_centralized-recipe=Salad,30,14,0,True
trial_16,cooks,87.5,2,4,2,centralized_centralized,Salad,13,agents=2-model=centralized_centralized-recipe=Salad,100,0,0,False
trial_16,cooks,87.5,2,4,2,centralized_centralized,Salad,14,agents=2-model=centralized_centralized-recipe=Salad,30,16,0,True
trial_16,cooks,87.5,2,4,2,centralized_centralized,Salad,15,agents=2-model=centralized_centralized-recipe=Salad,100,0,0,False
trial_16,cooks,87.5,2,4,2,centralized_centralized,Salad,16,agents=2-model=centralized_centralized-recipe=Salad,29,14,0,True
trial_16,cooks,87.5,2,4,2,centralized_centralized,Salad,17,agents=2-model=centralized_centralized-recipe=Salad,100,0,0,False
trial_16,cooks,87.5,2,4,2,centralized_centralized,Salad,18,agents=2-model=centralized_centralized-recipe=Salad,100,0,0,False
trial_16,cooks,87.5,2,4,2,centralized_centralized,Salad,19,agents=2-model=centralized_centralized-recipe=Salad,100,0,0,False
trial_16,cooks,87.5,2,4,2,centralized_centralized,Salad,20,agents=2-model=centralized_centralized-recipe=Salad,100,0,0,False
trial_16,cooks,87.5,2,4,1,greedy,Salad,1,agents=1-model=greedy-recipe=Salad,56,0,0,True
trial_16,cooks,87.5,2,4,1,greedy,Salad,2,agents=1-model=greedy-recipe=Salad,56,0,0,True
trial_16,cooks,87.5,2,4,1,greedy,Salad,3,agents=1-model=greedy-recipe=Salad,56,0,0,True
trial_16,cooks,87.5,2,4,1,greedy,Salad,4,agents=1-model=greedy-recipe=Salad,58,0,0,True
trial_16,cooks,87.5,2,4,1,greedy,Salad,5,agents=1-model=greedy-recipe=Salad,56,0,0,True
trial_16,cooks,87.5,2,4,1,greedy,Salad,6,agents=1-model=greedy-recipe=Salad,56,0,0,True
trial_16,cooks,87.5,2,4,1,greedy,Salad,7,agents=1-model=greedy-recipe=Salad,56,0,0,True
trial_16,cooks,87.5,2,4,1,greedy,Salad,8,agents=1-model=greedy-recipe=Salad,56,0,0,True
trial_16,cooks,87.5,2,4,1,greedy,Salad,9,agents=1-model=greedy-recipe=Salad,56,0,0,True
trial_16,cooks,87.5,2,4,1,greedy,Salad,10,agents=1-model=greedy-recipe=Salad,56,0,0,True
trial_16,cooks,87.5,2,4,1,greedy,Salad,11,agents=1-model=greedy-recipe=Salad,56,0,0,True
trial_16,cooks,87.5,2,4,1,greedy,Salad,12,agents=1-model=greedy-recipe=Salad,56,0,0,True
trial_16,cooks,87.5,2,4,1,greedy,Salad,13,agents=1-model=greedy-recipe=Salad,56,0,0,True
trial_16,cooks,87.5,2,4,1,greedy,Salad,14,agents=1-model=greedy-recipe=Salad,56,0,0,True
trial_16,cooks,87.5,2,4,1,greedy,Salad,15,agents=1-model=greedy-recipe=Salad,56,0,0,True
trial_16,cooks,87.5,2,4,1,greedy,Salad,16,agents=1-model=greedy-recipe=Salad,56,0,0,True
trial_16,cooks,87.5,2,4,1,greedy,Salad,17,agents=1-model=greedy-recipe=Salad,56,0,0,True
trial_16,cooks,87.5,2,4,1,greedy,Salad,18,agents=1-model=greedy-recipe=Salad,56,0,0,True
trial_16,cooks,87.5,2,4,1,greedy,Salad,19,agents=1-model=greedy-recipe=Salad,56,0,0,True
trial_16,cooks,87.5,2,4,1,greedy,Salad,20,agents=1-model=greedy-recipe=Salad,56,0,0,True
trial_16,cooks,87.5,2,4,2,greedy_greedy,Salad,1,agents=2-model=greedy_greedy-recipe=Salad,100,0,0,False
trial_16,cooks,87.5,2,4,2,greedy_greedy,Salad,2,agents=2-model=greedy_greedy-recipe=Salad,53,8,0,True
trial_16,cooks,87.5,2,4,2,greedy_greedy,Salad,3,agents=2-model=greedy_greedy-recipe=Salad,100,1,83,False
trial_16,cooks,87.5,2,4,2,greedy_greedy,Salad,4,agents=2-model=greedy_greedy-recipe=Salad,100,0,0,False
trial_16,cooks,87.5,2,4,2,greedy_greedy,Salad,5,agents=2-model=greedy_greedy-recipe=Salad,100,0,0,False
trial_16,cooks,87.5,2,4,2,greedy_greedy,Salad,6,agents=2-model=greedy_greedy-recipe=Salad,100,0,0,False
trial_16,cooks,87.5,2,4,2,greedy_greedy,Salad,7,agents=2-model=greedy_greedy-recipe=Salad,100,0,0,False
trial_16,cooks,87.5,2,4,2,greedy_greedy,Salad,8,agents=2-model=greedy_greedy-recipe=Salad,56,21,0,True
trial_16,cooks,87.5,2,4,2,greedy_greedy,Salad,9,agents=2-model=greedy_greedy-recipe=Salad,63,22,0,True
trial_16,cooks,87.5,2,4,2,greedy_greedy,Salad,10,agents=2-model=greedy_greedy-recipe=Salad,53,15,0,True
trial_16,cooks,87.5,2,4,2,greedy_greedy,Salad,11,agents=2-model=greedy_greedy-recipe=Salad,41,5,0,True
trial_16,cooks,87.5,2,4,2,greedy_greedy,Salad,12,agents=2-model=greedy_greedy-recipe=Salad,100,0,0,False
trial_16,cooks,87.5,2,4,2,greedy_greedy,Salad,13,agents=2-model=greedy_greedy-recipe=Salad,48,10,0,True
trial_16,cooks,87.5,2,4,2,greedy_greedy,Salad,14,agents=2-model=greedy_greedy-recipe=Salad,100,0,0,False
trial_16,cooks,87.5,2,4,2,greedy_greedy,Salad,15,agents=2-model=greedy_greedy-recipe=Salad,53,17,0,True
trial_16,cooks,87.5,2,4,2,greedy_greedy,Salad,16,agents=2-model=greedy_greedy-recipe=Salad,70,21,1,True
trial_16,cooks,87.5,2,4,2,greedy_greedy,Salad,17,agents=2-model=greedy_greedy-recipe=Salad,54,16,0,True
trial_16,cooks,87.5,2,4,2,greedy_greedy,Salad,18,agents=2-model=greedy_greedy-recipe=Salad,66,21,3,True
trial_16,cooks,87.5,2,4,2,greedy_greedy,Salad,19,agents=2-model=greedy_greedy-recipe=Salad,100,0,0,False
trial_16,cooks,87.5,2,4,2,greedy_greedy,Salad,20,agents=2-model=greedy_greedy-recipe=Salad,100,0,0,False
trial_17,cooks,100.0,1,6,2,bd_bd,Salad,1,agents=2-model=bd_bd-recipe=Salad,31,20,0,True
trial_17,cooks,100.0,1,6,2,bd_bd,Salad,2,agents=2-model=bd_bd-recipe=Salad,29,14,0,True
trial_17,cooks,100.0,1,6,2,bd_bd,Salad,3,agents=2-model=bd_bd-recipe=Salad,40,22,0,True
trial_17,cooks,100.0,1,6,2,bd_bd,Salad,4,agents=2-model=bd_bd-recipe=Salad,33,17,0,True
trial_17,cooks,100.0,1,6,2,bd_bd,Salad,5,agents=2-model=bd_bd-recipe=Salad,34,20,0,True
trial_17,cooks,100.0,1,6,2,bd_bd,Salad,6,agents=2-model=bd_bd-recipe=Salad,100,43,0,False
trial_17,cooks,100.0,1,6,2,bd_bd,Salad,7,agents=2-model=bd_bd-recipe=Salad,32,19,0,True
trial_17,cooks,100.0,1,6,2,bd_bd,Salad,8,agents=2-model=bd_bd-recipe=Salad,38,27,0,True
trial_17,cooks,100.0,1,6,2,bd_bd,Salad,9,agents=2-model=bd_bd-recipe=Salad,32,18,0,True
trial_17,cooks,100.0,1,6,2,bd_bd,Salad,10,agents=2-model=bd_bd-recipe=Salad,31,14,0,True
trial_17,cooks,100.0,1,6,2,bd_bd,Salad,11,agents=2-model=bd_bd-recipe=Salad,34,20,0,True
trial_17,cooks,100.0,1,6,2,bd_bd,Salad,12,agents=2-model=bd_bd-recipe=Salad,33,21,0,True
trial_17,cooks,100.0,1,6,2,bd_bd,Salad,13,agents=2-model=bd_bd-recipe=Salad,32,17,0,True
trial_17,cooks,100.0,1,6,2,bd_bd,Salad,14,agents=2-model=bd_bd-recipe=Salad,32,13,0,True
trial_17,cooks,100.0,1,6,2,bd_bd,Salad,15,agents=2-model=bd_bd-recipe=Salad,31,19,0,True
trial_17,cooks,100.0,1,6,2,bd_bd,Salad,16,agents=2-model=bd_bd-recipe=Salad,34,19,0,True
trial_17,cooks,100.0,1,6,2,bd_bd,Salad,17,agents=2-model=bd_bd-recipe=Salad,30,22,0,True
trial_17,cooks,100.0,1,6,2,bd_bd,Salad,18,agents=2-model=bd_bd-recipe=Salad,48,24,0,True
trial_17,cooks,100.0,1,6,2,bd_bd,Salad,19,agents=2-model=bd_bd-recipe=Salad,32,21,0,True
trial_17,cooks,100.0,1,6,2,bd_bd,Salad,20,agents=2-model=bd_bd-recipe=Salad,36,20,0,True
trial_17,cooks,100.0,1,6,2,centralized_centralized,Salad,1,agents=2-model=centralized_centralized-recipe=Salad,29,23,0,True
trial_17,cooks,100.0,1,6,2,centralized_centralized,Salad,2,agents=2-model=centralized_centralized-recipe=Salad,29,25,0,True
trial_17,cooks,100.0,1,6,2,centralized_centralized,Salad,3,agents=2-model=centralized_centralized-recipe=Salad,100,77,0,False
trial_17,cooks,100.0,1,6,2,centralized_centralized,Salad,4,agents=2-model=centralized_centralized-recipe=Salad,32,25,0,True
trial_17,cooks,100.0,1,6,2,centralized_centralized,Salad,5,agents=2-model=centralized_centralized-recipe=Salad,30,23,0,True
trial_17,cooks,100.0,1,6,2,centralized_centralized,Salad,6,agents=2-model=centralized_centralized-recipe=Salad,30,25,0,True
trial_17,cooks,100.0,1,6,2,centralized_centralized,Salad,7,agents=2-model=centralized_centralized-recipe=Salad,31,23,0,True
trial_17,cooks,100.0,1,6,2,centralized_centralized,Salad,8,agents=2-model=centralized_centralized-recipe=Salad,32,25,0,True
trial_17,cooks,100.0,1,6,2,centralized_centralized,Salad,9,agents=2-model=centralized_centralized-recipe=Salad,30,23,0,True
trial_17,cooks,100.0,1,6,2,centralized_centralized,Salad,10,agents=2-model=centralized_centralized-recipe=Salad,30,23,0,True
trial_17,cooks,100.0,1,6,2,centralized_centralized,Salad,11,agents=2-model=centralized_centralized-recipe=Salad,30,23,0,True
trial_17,cooks,100.0,1,6,2,centralized_centralized,Salad,12,agents=2-model=centralized_centralized-recipe=Salad,32,25,0,True
trial_17,cooks,100.0,1,6,2,centralized_centralized,Salad,13,agents=2-model=centralized_centralized-recipe=Salad,31,25,0,True
trial_17,cooks,100.0,1,6,2,centralized_centralized,Salad,14,agents=2-model=centralized_centralized-recipe=Salad,29,23,0,True
trial_17,cooks,100.0,1,6,2,centralized_centralized,Salad,15,agents=2-model=centralized_centralized-recipe=Salad,28,23,0,True
trial_17,cooks,100.0,1,6,2,centralized_centralized,Salad,16,agents=2-model=centralized_centralized-recipe=Salad,100,77,0,False
trial_17,cooks,100.0,1,6,2,centralized_centralized,Salad,17,agents=2-model=centralized_centralized-recipe=Salad,100,74,0,False
trial_17,cooks,100.0,1,6,2,centralized_centralized,Salad,18,agents=2-model=centralized_centralized-recipe=Salad,100,75,0,False
trial_17,cooks,100.0,1,6,2,centralized_centralized,Salad,19,agents=2-model=centralized_centralized-recipe=Salad,29,23,0,True
trial_17,cooks,100.0,1,6,2,centralized_centralized,Salad,20,agents=2-model=centralized_centralized-recipe=Salad,30,23,0,True
trial_17,cooks,100.0,1,6,1,greedy,Salad,1,agents=1-model=greedy-recipe=Salad,100,49,0,False
trial_17,cooks,100.0,1,6,1,greedy,Salad,2,agents=1-model=greedy-recipe=Salad,100,44,0,False
trial_17,cooks,100.0,1,6,1,greedy,Salad,3,agents=1-model=greedy-recipe=Salad,100,47,0,False
trial_17,cooks,100.0,1,6,1,greedy,Salad,4,agents=1-model=greedy-recipe=Salad,100,56,0,False
trial_17,cooks,100.0,1,6,1,greedy,Salad,5,agents=1-model=greedy-recipe=Salad,100,49,0,False
trial_17,cooks,100.0,1,6,1,greedy,Salad,6,agents=1-model=greedy-recipe=Salad,100,55,0,False
trial_17,cooks,100.0,1,6,1,greedy,Salad,7,agents=1-model=greedy-recipe=Salad,100,48,0,False
trial_17,cooks,100.0,1,6,1,greedy,Salad,8,agents=1-model=greedy-recipe=Salad,100,52,0,False
trial_17,cooks,100.0,1,6,1,greedy,Salad,9,agents=1-model=greedy-recipe=Salad,100,44,0,False
trial_17,cooks,100.0,1,6,1,greedy,Salad,10,agents=1-model=greedy-recipe=Salad,100,49,0,False
trial_17,cooks,100.0,1,6,1,greedy,Salad,11,agents=1-model=greedy-recipe=Salad,100,50,0,False
trial_17,cooks,100.0,1,6,1,greedy,Salad,12,agents=1-model=greedy-recipe=Salad,100,50,0,False
trial_17,cooks,100.0,1,6,1,greedy,Salad,13,agents=1-model=greedy-recipe=Salad,100,46,0,False
trial_17,cooks,100.0,1,6,1,greedy,Salad,14,agents=1-model=greedy-recipe=Salad,100,48,0,False
trial_17,cooks,100.0,1,6,1,greedy,Salad,15,agents=1-model=greedy-recipe=Salad,100,40,0,False
trial_17,cooks,100.0,1,6,1,greedy,Salad,16,agents=1-model=greedy-recipe=Salad,100,51,0,False
trial_17,cooks,100.0,1,6,1,greedy,Salad,17,agents=1-model=greedy-recipe=Salad,100,55,0,False
trial_17,cooks,100.0,1,6,1,greedy,Salad,18,agents=1-model=greedy-recipe=Salad,100,51,0,False
trial_17,cooks,100.0,1,6,1,greedy,Salad,19,agents=1-model=greedy-recipe=Salad,100,50,0,False
trial_17,cooks,100.0,1,6,1,greedy,Salad,20,agents=1-model=greedy-recipe=Salad,100,57,0,False
trial_17,cooks,100.0,1,6,2,greedy_greedy,Salad,1,agents=2-model=greedy_greedy-recipe=Salad,100,95,0,False
trial_17,cooks,100.0,1,6,2,greedy_greedy,Salad,2,agents=2-model=greedy_greedy-recipe=Salad,100,84,0,False
trial_17,cooks,100.0,1,6,2,greedy_greedy,Salad,3,agents=2-model=greedy_greedy-recipe=Salad,100,95,0,False
trial_17,cooks,100.0,1,6,2,greedy_greedy,Salad,4,agents=2-model=greedy_greedy-recipe=Salad,71,57,0,True
trial_17,cooks,100.0,1,6,2,greedy_greedy,Salad,5,agents=2-model=greedy_greedy-recipe=Salad,100,93,0,False
trial_17,cooks,100.0,1,6,2,greedy_greedy,Salad,6,agents=2-model=greedy_greedy-recipe=Salad,100,70,0,False
trial_17,cooks,100.0,1,6,2,greedy_greedy,Salad,7,agents=2-model=greedy_greedy-recipe=Salad,56,39,0,True
trial_17,cooks,100.0,1,6,2,greedy_greedy,Salad,8,agents=2-model=greedy_greedy-recipe=Salad,56,43,0,True
trial_17,cooks,100.0,1,6,2,greedy_greedy,Salad,9,agents=2-model=greedy_greedy-recipe=Salad,93,85,0,True
trial_17,cooks,100.0,1,6,2,greedy_greedy,Salad,10,agents=2-model=greedy_greedy-recipe=Salad,60,43,0,True
trial_17,cooks,100.0,1,6,2,greedy_greedy,Salad,11,agents=2-model=greedy_greedy-recipe=Salad,100,88,0,False
trial_17,cooks,100.0,1,6,2,greedy_greedy,Salad,12,agents=2-model=greedy_greedy-recipe=Salad,47,21,0,True
trial_17,cooks,100.0,1,6,2,greedy_greedy,Salad,13,agents=2-model=greedy_greedy-recipe=Salad,93,69,0,True
trial_17,cooks,100.0,1,6,2,greedy_greedy,Salad,14,agents=2-model=greedy_greedy-recipe=Salad,96,77,0,True
trial_17,cooks,100.0,1,6,2,greedy_greedy,Salad,15,agents=2-model=greedy_greedy-recipe=Salad,50,30,0,True
trial_17,cooks,100.0,1,6,2,greedy_greedy,Salad,16,agents=2-model=greedy_greedy-recipe=Salad,100,89,0,False
trial_17,cooks,100.0,1,6,2,greedy_greedy,Salad,17,agents=2-model=greedy_greedy-recipe=Salad,100,89,0,False
trial_17,cooks,100.0,1,6,2,greedy_greedy,Salad,18,agents=2-model=greedy_greedy-recipe=Salad,100,101,0,False
trial_17,cooks,100.0,1,6,2,greedy_greedy,Salad,19,agents=2-model=greedy_greedy-recipe=Salad,100,85,0,False
trial_17,cooks,100.0,1,6,2,greedy_greedy,Salad,20,agents=2-model=greedy_greedy-recipe=Salad,100,115,0,False
trial_18,cooks,100.0,2,9,2,bd_bd,Salad,1,agents=2-model=bd_bd-recipe=Salad,40,21,0,True
trial_18,cooks,100.0,2,9,2,bd_bd,Salad,2,agents=2-model=bd_bd-recipe=Salad,54,28,0,True
trial_18,cooks,100.0,2,9,2,bd_bd,Salad,3,agents=2-model=bd_bd-recipe=Salad,40,24,0,True
trial_18,cooks,100.0,2,9,2,bd_bd,Salad,4,agents=2-model=bd_bd-recipe=Salad,33,13,0,True
trial_18,cooks,100.0,2,9,2,bd_bd,Salad,5,agents=2-model=bd_bd-recipe=Salad,36,18,0,True
trial_18,cooks,100.0,2,9,2,bd_bd,Salad,6,agents=2-model=bd_bd-recipe=Salad,35,17,0,True
trial_18,cooks,100.0,2,9,2,bd_bd,Salad,7,agents=2-model=bd_bd-recipe=Salad,39,26,0,True
trial_18,cooks,100.0,2,9,2,bd_bd,Salad,8,agents=2-model=bd_bd-recipe=Salad,40,19,0,True
trial_18,cooks,100.0,2,9,2,bd_bd,Salad,9,agents=2-model=bd_bd-recipe=Salad,49,35,0,True
trial_18,cooks,100.0,2,9,2,bd_bd,Salad,10,agents=2-model=bd_bd-recipe=Salad,41,28,0,True
trial_18,cooks,100.0,2,9,2,bd_bd,Salad,11,agents=2-model=bd_bd-recipe=Salad,39,20,0,True
trial_18,cooks,100.0,2,9,2,bd_bd,Salad,12,agents=2-model=bd_bd-recipe=Salad,39,21,0,True
trial_18,cooks,100.0,2,9,2,bd_bd,Salad,13,agents=2-model=bd_bd-recipe=Salad,55,40,0,True
trial_18,cooks,100.0,2,9,2,bd_bd,Salad,14,agents=2-model=bd_bd-recipe=Salad,38,19,0,True
trial_18,cooks,100.0,2,9,2,bd_bd,Salad,15,agents=2-model=bd_bd-recipe=Salad,39,23,0,True
trial_18,cooks,100.0,2,9,2,bd_bd,Salad,16,agents=2-model=bd_bd-recipe=Salad,39,21,0,True
trial_18,cooks,100.0,2,9,2,bd_bd,Salad,17,agents=2-model=bd_bd-recipe=Salad,37,16,0,True
trial_18,cooks,100.0,2,9,2,bd_bd,Salad,18,agents=2-model=bd_bd-recipe=Salad,37,22,0,True
trial_18,cooks,100.0,2,9,2,bd_bd,Salad,19,agents=2-model=bd_bd-recipe=Salad,39,21,0,True
trial_18,cooks,100.0,2,9,2,bd_bd,Salad,20,agents=2-model=bd_bd-recipe=Salad,37,17,0,True
trial_18,cooks,100.0,2,9,2,centralized_centralized,Salad,1,agents=2-model=centralized_centralized-recipe=Salad,40,30,0,True
trial_18,cooks,100.0,2,9,2,centralized_centralized,Salad,2,agents=2-model=centralized_centralized-recipe=Salad,39,26,0,True
trial_18,cooks,100.0,2,9,2,centralized_centralized,Salad,3,agents=2-model=centralized_centralized-recipe=Salad,40,28,0,True
trial_18,cooks,100.0,2,9,2,centralized_centralized,Salad,4,agents=2-model=centralized_centralized-recipe=Salad,40,28,0,True
trial_18,cooks,100.0,2,9,2,centralized_centralized,Salad,5,agents=2-model=centralized_centralized-recipe=Salad,39,26,0,True
trial_18,cooks,100.0,2,9,2,centralized_centralized,Salad,6,agents=2-model=centralized_centralized-recipe=Salad,40,30,0,True
trial_18,cooks,100.0,2,9,2,centralized_centralized,Salad,7,agents=2-model=centralized_centralized-recipe=Salad,36,20,0,True
trial_18,cooks,100.0,2,9,2,centralized_centralized,Salad,8,agents=2-model=centralized_centralized-recipe=Salad,40,28,0,True
trial_18,cooks,100.0,2,9,2,centralized_centralized,Salad,9,agents=2-model=centralized_centralized-recipe=Salad,41,30,0,True
trial_18,cooks,100.0,2,9,2,centralized_centralized,Salad,10,agents=2-model=centralized_centralized-recipe=Salad,40,30,0,True
trial_18,cooks,100.0,2,9,2,centralized_centralized,Salad,11,agents=2-model=centralized_centralized-recipe=Salad,38,24,0,True
trial_18,cooks,100.0,2,9,2,centralized_centralized,Salad,12,agents=2-model=centralized_centralized-recipe=Salad,40,28,0,True
trial_18,cooks,100.0,2,9,2,centralized_centralized,Salad,13,agents=2-model=centralized_centralized-recipe=Salad,39,26,0,True
trial_18,cooks,100.0,2,9,2,centralized_centralized,Salad,14,agents=2-model=centralized_centralized-recipe=Salad,40,28,0,True
trial_18,cooks,100.0,2,9,2,centralized_centralized,Salad,15,agents=2-model=centralized_centralized-recipe=Salad,40,30,0,True
trial_18,cooks,100.0,2,9,2,centralized_centralized,Salad,16,agents=2-model=centralized_centralized-recipe=Salad,38,24,0,True
trial_18,cooks,100.0,2,9,2,centralized_centralized,Salad,17,agents=2-model=centralized_centralized-recipe=Salad,39,26,0,True
trial_18,cooks,100.0,2,9,2,centralized_centralized,Salad,18,agents=2-model=centralized_centralized-recipe=Salad,39,26,0,True
trial_18,cooks,100.0,2,9,2,centralized_centralized,Salad,19,agents=2-model=centralized_centralized-recipe=Salad,39,26,0,True
trial_18,cooks,100.0,2,9,2,centralized_centralized,Salad,20,agents=2-model=centralized_centralized-recipe=Salad,39,26,0,True
trial_18,cooks,100.0,2,9,1,greedy,Salad,1,agents=1-model=greedy-recipe=Salad,100,49,0,False
trial_18,cooks,100.0,2,9,1,greedy,Salad,2,agents=1-model=greedy-recipe=Salad,100,44,0,False
trial_18,cooks,100.0,2,9,1,greedy,Salad,3,agents=1-model=greedy-recipe=Salad,100,47,0,False
trial_18,cooks,100.0,2,9,1,greedy,Salad,4,agents=1-model=greedy-recipe=Salad,100,56,0,False
trial_18,cooks,100.0,2,9,1,greedy,Salad,5,agents=1-model=greedy-recipe=Salad,100,49,0,False
trial_18,cooks,100.0,2,9,1,greedy,Salad,6,agents=1-model=greedy-recipe=Salad,100,55,0,False
trial_18,cooks,100.0,2,9,1,greedy,Salad,7,agents=1-model=greedy-recipe=Salad,100,48,0,False
trial_18,cooks,100.0,2,9,1,greedy,Salad,8,agents=1-model=greedy-recipe=Salad,100,52,0,False
trial_18,cooks,100.0,2,9,1,greedy,Salad,9,agents=1-model=greedy-recipe=Salad,100,44,0,False
trial_18,cooks,100.0,2,9,1,greedy,Salad,10,agents=1-model=greedy-recipe=Salad,100,49,0,False
trial_18,cooks,100.0,2,9,1,greedy,Salad,11,agents=1-model=greedy-recipe=Salad,100,50,0,False
trial_18,cooks,100.0,2,9,1,greedy,Salad,12,agents=1-model=greedy-recipe=Salad,100,50,0,False
trial_18,cooks,100.0,2,9,1,greedy,Salad,13,agents=1-model=greedy-recipe=Salad,100,46,0,False
trial_18,cooks,100.0,2,9,1,greedy,Salad,14,agents=1-model=greedy-recipe=Salad,100,48,0,False
trial_18,cooks,100.0,2,9,1,greedy,Salad,15,agents=1-model=greedy-recipe=Salad,100,40,0,False
trial_18,cooks,100.0,2,9,1,greedy,Salad,16,agents=1-model=greedy-recipe=Salad,100,51,0,False
trial_18,cooks,100.0,2,9,1,greedy,Salad,17,agents=1-model=greedy-recipe=Salad,100,55,0,False
trial_18,cooks,100.0,2,9,1,greedy,Salad,18,agents=1-model=greedy-recipe=Salad,100,51,0,False
trial_18,cooks,100.0,2,9,1,greedy,Salad,19,agents=1-model=greedy-recipe=Salad,100,50,0,False
trial_18,cooks,100.0,2,9,1,greedy,Salad,20,agents=1-model=greedy-recipe=Salad,100,57,0,False
trial_18,cooks,100.0,2,9,2,greedy_greedy,Salad,1,agents=2-model=greedy_greedy-recipe=Salad,100,103,0,False
trial_18,cooks,100.0,2,9,2,greedy_greedy,Salad,2,agents=2-model=greedy_greedy-recipe=Salad,100,92,0,False
trial_18,cooks,100.0,2,9,2,greedy_greedy,Salad,3,agents=2-model=greedy_greedy-recipe=Salad,100,99,0,False
trial_18,cooks,100.0,2,9,2,greedy_greedy,Salad,4,agents=2-model=greedy_greedy-recipe=Salad,100,110,0,False
trial_18,cooks,100.0,2,9,2,greedy_greedy,Salad,5,agents=2-model=greedy_greedy-recipe=Salad,100,102,0,False
trial_18,cooks,100.0,2,9,2,greedy_greedy,Salad,6,agents=2-model=greedy_greedy-recipe=Salad,100,99,0,False
trial_18,cooks,100.0,2,9,2,greedy_greedy,Salad,7,agents=2-model=greedy_greedy-recipe=Salad,100,93,0,False
trial_18,cooks,100.0,2,9,2,greedy_greedy,Salad,8,agents=2-model=greedy_greedy-recipe=Salad,100,105,0,False
trial_18,cooks,100.0,2,9,2,greedy_greedy,Salad,9,agents=2-model=greedy_greedy-recipe=Salad,100,97,0,False
trial_18,cooks,100.0,2,9,2,greedy_greedy,Salad,10,agents=2-model=greedy_greedy-recipe=Salad,100,97,0,False
trial_18,cooks,100.0,2,9,2,greedy_greedy,Salad,11,agents=2-model=greedy_greedy-recipe=Salad,100,84,0,False
trial_18,cooks,100.0,2,9,2,greedy_greedy,Salad,12,agents=2-model=greedy_greedy-recipe=Salad,100,102,0,False
trial_18,cooks,100.0,2,9,2,greedy_greedy,Salad,13,agents=2-model=greedy_greedy-recipe=Salad,100,91,0,False
trial_18,cooks,100.0,2,9,2,greedy_greedy,Salad,14,agents=2-model=greedy_greedy-recipe=Salad,100,82,0,False
trial_18,cooks,100.0,2,9,2,greedy_greedy,Salad,15,agents=2-model=greedy_greedy-recipe=Salad,100,90,0,False
trial_18,cooks,100.0,2,9,2,greedy_greedy,Salad,16,agents=2-model=greedy_greedy-recipe=Salad,100,87,0,False
trial_18,cooks,100.0,2,9,2,greedy_greedy,Salad,17,agents=2-model=greedy_greedy-recipe=Salad,100,109,0,False
trial_18,cooks,100.0,2,9,2,greedy_greedy,Salad,18,agents=2-model=greedy_greedy-recipe=Salad,100,110,0,False
trial_18,cooks,100.0,2,9,2,greedy_greedy,Salad,19,agents=2-model=greedy_greedy-recipe=Salad,100,92,0,False
trial_18,cooks,100.0,2,9,2,greedy_greedy,Salad,20,agents=2-model=greedy_greedy-recipe=Salad,100,115,0,False
trial_19,dish,0.0,1,4,1,greedy,Salad,1,agents=1-model=greedy-recipe=Salad,20,0,0,True
trial_19,dish,0.0,1,4,1,greedy,Salad,2,agents=1-model=greedy-recipe=Salad,20,0,0,True
trial_19,dish,0.0,1,4,1,greedy,Salad,3,agents=1-model=greedy-recipe=Salad,20,0,0,True
trial_19,dish,0.0,1,4,1,greedy,Salad,4,agents=1-model=greedy-recipe=Salad,20,0,0,True
trial_19,dish,0.0,1,4,1,greedy,Salad,5,agents=1-model=greedy-recipe=Salad,20,0,0,True
trial_19,dish,0.0,1,4,1,greedy,Salad,6,agents=1-model=greedy-recipe=Salad,20,0,0,True
trial_19,dish,0.0,1,4,1,greedy,Salad,7,agents=1-model=greedy-recipe=Salad,20,0,0,True
trial_19,dish,0.0,1,4,1,greedy,Salad,8,agents=1-model=greedy-recipe=Salad,20,0,0,True
trial_19,dish,0.0,1,4,1,greedy,Salad,9,agents=1-model=greedy-recipe=Salad,20,0,0,True
trial_19,dish,0.0,1,4,1,greedy,Salad,10,agents=1-model=greedy-recipe=Salad,20,0,0,True
trial_19,dish,0.0,1,4,1,greedy,Salad,11,agents=1-model=greedy-recipe=Salad,20,0,0,True
trial_19,dish,0.0,1,4,1,greedy,Salad,12,agents=1-model=greedy-recipe=Salad,20,0,0,True
trial_19,dish,0.0,1,4,1,greedy,Salad,13,agents=1-model=greedy-recipe=Salad,20,0,0,True
trial_19,dish,0.0,1,4,1,greedy,Salad,14,agents=1-model=greedy-recipe=Salad,20,0,0,True
trial_19,dish,0.0,1,4,1,greedy,Salad,15,agents=1-model=greedy-recipe=Salad,20,0,0,True
trial_19,dish,0.0,1,4,1,greedy,Salad,16,agents=1-model=greedy-recipe=Salad,20,0,0,True
trial_19,dish,0.0,1,4,1,greedy,Salad,17,agents=1-model=greedy-recipe=Salad,20,0,0,True
trial_19,dish,0.0,1,4,1,greedy,Salad,18,agents=1-model=greedy-recipe=Salad,20,0,0,True
trial_19,dish,0.0,1,4,1,greedy,Salad,19,agents=1-model=greedy-recipe=Salad,20,0,0,True
trial_19,dish,0.0,1,4,1,greedy,Salad,20,agents=1-model=greedy-recipe=Salad,20,0,0,True
trial_19,dish,0.0,1,4,1,greedy,SaladOL,1,agents=1-model=greedy-recipe=SaladOL,100,50,0,False
trial_19,dish,0.0,1,4,1,greedy,SaladOL,2,agents=1-model=greedy-recipe=SaladOL,100,47,0,False
trial_19,dish,0.0,1,4,1,greedy,SaladOL,3,agents=1-model=greedy-recipe=SaladOL,100,44,0,False
trial_19,dish,0.0,1,4,1,greedy,SaladOL,4,agents=1-model=greedy-recipe=SaladOL,100,51,0,False
trial_19,dish,0.0,1,4,1,greedy,SaladOL,5,agents=1-model=greedy-recipe=SaladOL,100,46,0,False
trial_19,dish,0.0,1,4,1,greedy,SaladOL,6,agents=1-model=greedy-recipe=SaladOL,100,45,0,False
trial_19,dish,0.0,1,4,1,greedy,SaladOL,7,agents=1-model=greedy-recipe=SaladOL,100,47,0,False
trial_19,dish,0.0,1,4,1,greedy,SaladOL,8,agents=1-model=greedy-recipe=SaladOL,100,55,0,False
trial_19,dish,0.0,1,4,1,greedy,SaladOL,9,agents=1-model=greedy-recipe=SaladOL,100,45,0,False
trial_19,dish,0.0,1,4,1,greedy,SaladOL,10,agents=1-model=greedy-recipe=SaladOL,100,41,0,False
trial_19,dish,0.0,1,4,1,greedy,SaladOL,11,agents=1-model=greedy-recipe=SaladOL,100,51,0,False
trial_19,dish,0.0,1,4,1,greedy,SaladOL,12,agents=1-model=greedy-recipe=SaladOL,100,42,0,False
trial_19,dish,0.0,1,4,1,greedy,SaladOL,13,agents=1-model=greedy-recipe=SaladOL,100,39,0,False
trial_19,dish,0.0,1,4,1,greedy,SaladOL,14,agents=1-model=greedy-recipe=SaladOL,100,40,0,False
trial_19,dish,0.0,1,4,1,greedy,SaladOL,15,agents=1-model=greedy-recipe=SaladOL,100,43,0,False
trial_19,dish,0.0,1,4,1,greedy,SaladOL,16,agents=1-model=greedy-recipe=SaladOL,100,54,0,False
trial_19,dish,0.0,1,4,1,greedy,SaladOL,17,agents=1-model=greedy-recipe=SaladOL,100,53,0,False
trial_19,dish,0.0,1,4,1,greedy,SaladOL,18,agents=1-model=greedy-recipe=SaladOL,100,48,0,False
trial_19,dish,0.0,1,4,1,greedy,SaladOL,19,agents=1-model=greedy-recipe=SaladOL,100,47,0,False
trial_19,dish,0.0,1,4,1,greedy,SaladOL,20,agents=1-model=greedy-recipe=SaladOL,100,47,0,False
trial_20,dish,0.0,2,6,1,greedy,Salad,1,agents=1-model=greedy-recipe=Salad,29,0,0,True
trial_20,dish,0.0,2,6,1,greedy,Salad,2,agents=1-model=greedy-recipe=Salad,29,0,0,True
trial_20,dish,0.0,2,6,1,greedy,Salad,3,agents=1-model=greedy-recipe=Salad,29,0,0,True
trial_20,dish,0.0,2,6,1,greedy,Salad,4,agents=1-model=greedy-recipe=Salad,29,0,0,True
trial_20,dish,0.0,2,6,1,greedy,Salad,5,agents=1-model=greedy-recipe=Salad,29,0,0,True
trial_20,dish,0.0,2,6,1,greedy,Salad,6,agents=1-model=greedy-recipe=Salad,29,0,0,True
trial_20,dish,0.0,2,6,1,greedy,Salad,7,agents=1-model=greedy-recipe=Salad,29,0,0,True
trial_20,dish,0.0,2,6,1,greedy,Salad,8,agents=1-model=greedy-recipe=Salad,29,0,0,True
trial_20,dish,0.0,2,6,1,greedy,Salad,9,agents=1-model=greedy-recipe=Salad,29,0,0,True
trial_20,dish,0.0,2,6,1,greedy,Salad,10,agents=1-model=greedy-recipe=Salad,29,0,0,True
trial_20,dish,0.0,2,6,1,greedy,Salad,11,agents=1-model=greedy-recipe=Salad,29,0,0,True
trial_20,dish,0.0,2,6,1,greedy,Salad,12,agents=1-model=greedy-recipe=Salad,29,0,0,True
trial_20,dish,0.0,2,6,1,greedy,Salad,13,agents=1-model=greedy-recipe=Salad,29,0,0,True
trial_20,dish,0.0,2,6,1,greedy,Salad,14,agents=1-model=greedy-recipe=Salad,29,0,0,True
trial_20,dish,0.0,2,6,1,greedy,Salad,15,agents=1-model=greedy-recipe=Salad,29,0,0,True
trial_20,dish,0.0,2,6,1,greedy,Salad,16,agents=1-model=greedy-recipe=Salad,29,0,0,True
trial_20,dish,0.0,2,6,1,greedy,Salad,17,agents=1-model=greedy-recipe=Salad,29,0,0,True
trial_20,dish,0.0,2,6,1,greedy,Salad,18,agents=1-model=greedy-recipe=Salad,29,0,0,True
trial_20,dish,0.0,2,6,1,greedy,Salad,19,agents=1-model=greedy-recipe=Salad,29,0,0,True
trial_20,dish,0.0,2,6,1,greedy,Salad,20,agents=1-model=greedy-recipe=Salad,29,0,0,True
trial_20,dish,0.0,2,6,1,greedy,SaladOL,1,agents=1-model=greedy-recipe=SaladOL,100,49,0,False
trial_20,dish,0.0,2,6,1,greedy,SaladOL,2,agents=1-model=greedy-recipe=SaladOL,100,38,0,False
trial_20,dish,0.0,2,6,1,greedy,SaladOL,3,agents=1-model=greedy-recipe=SaladOL,100,46,0,False
trial_20,dish,0.0,2,6,1,greedy,SaladOL,4,agents=1-model=greedy-recipe=SaladOL,100,47,0,False
trial_20,dish,0.0,2,6,1,greedy,SaladOL,5,agents=1-model=greedy-recipe=SaladOL,100,46,0,False
trial_20,dish,0.0,2,6,1,greedy,SaladOL,6,agents=1-model=greedy-recipe=SaladOL,100,40,0,False
trial_20,dish,0.0,2,6,1,greedy,SaladOL,7,agents=1-model=greedy-recipe=SaladOL,100,46,0,False
trial_20,dish,0.0,2,6,1,greedy,SaladOL,8,agents=1-model=greedy-recipe=SaladOL,100,45,0,False
trial_20,dish,0.0,2,6,1,greedy,SaladOL,9,agents=1-model=greedy-recipe=SaladOL,100,49,0,False
trial_20,dish,0.0,2,6,1,greedy,SaladOL,10,agents=1-model=greedy-recipe=SaladOL,100,41,0,False
trial_20,dish,0.0,2,6,1,greedy,SaladOL,11,agents=1-model=greedy-recipe=SaladOL,100,50,0,False
trial_20,dish,0.0,2,6,1,greedy,SaladOL,12,agents=1-model=greedy-recipe=SaladOL,100,41,0,False
trial_20,dish,0.0,2,6,1,greedy,SaladOL,13,agents=1-model=greedy-recipe=SaladOL,100,37,0,False
trial_20,dish,0.0,2,6,1,greedy,SaladOL,14,agents=1-model=greedy-recipe=SaladOL,100,38,0,False
trial_20,dish,0.0,2,6,1,greedy,SaladOL,15,agents=1-model=greedy-recipe=SaladOL,100,46,0,False
trial_20,dish,0.0,2,6,1,greedy,SaladOL,16,agents=1-model=greedy-recipe=SaladOL,100,52,0,False
trial_20,dish,0.0,2,6,1,greedy,SaladOL,17,agents=1-model=greedy-recipe=SaladOL,100,50,0,False
trial_20,dish,0.0,2,6,1,greedy,SaladOL,18,agents=1-model=greedy-recipe=SaladOL,100,47,0,False
trial_20,dish,0.0,2,6,1,greedy,SaladOL,19,agents=1-model=greedy-recipe=SaladOL,100,38,0,False
trial_20,dish,0.0,2,6,1,greedy,SaladOL,20,agents=1-model=greedy-recipe=SaladOL,100,43,0,False
trial_21,dish,12.5,1,9,1,greedy,Salad,1,agents=1-model=greedy-recipe=Salad,27,0,0,True
trial_21,dish,12.5,1,9,1,greedy,Salad,2,agents=1-model=greedy-recipe=Salad,27,0,0,True
trial_21,dish,12.5,1,9,1,greedy,Salad,3,agents=1-model=greedy-recipe=Salad,27,0,0,True
trial_21,dish,12.5,1,9,1,greedy,Salad,4,agents=1-model=greedy-recipe=Salad,27,0,0,True
trial_21,dish,12.5,1,9,1,greedy,Salad,5,agents=1-model=greedy-recipe=Salad,27,0,0,True
trial_21,dish,12.5,1,9,1,greedy,Salad,6,agents=1-model=greedy-recipe=Salad,27,0,0,True
trial_21,dish,12.5,1,9,1,greedy,Salad,7,agents=1-model=greedy-recipe=Salad,27,0,0,True
trial_21,dish,12.5,1,9,1,greedy,Salad,8,agents=1-model=greedy-recipe=Salad,27,0,0,True
trial_21,dish,12.5,1,9,1,greedy,Salad,9,agents=1-model=greedy-recipe=Salad,27,0,0,True
trial_21,dish,12.5,1,9,1,greedy,Salad,10,agents=1-model=greedy-recipe=Salad,27,0,0,True
trial_21,dish,12.5,1,9,1,greedy,Salad,11,agents=1-model=greedy-recipe=Salad,27,0,0,True
trial_21,dish,12.5,1,9,1,greedy,Salad,12,agents=1-model=greedy-recipe=Salad,27,0,0,True
trial_21,dish,12.5,1,9,1,greedy,Salad,13,agents=1-model=greedy-recipe=Salad,27,0,0,True
trial_21,dish,12.5,1,9,1,greedy,Salad,14,agents=1-model=greedy-recipe=Salad,27,0,0,True
trial_21,dish,12.5,1,9,1,greedy,Salad,15,agents=1-model=greedy-recipe=Salad,27,0,0,True
trial_21,dish,12.5,1,9,1,greedy,Salad,16,agents=1-model=greedy-recipe=Salad,27,0,0,True
trial_21,dish,12.5,1,9,1,greedy,Salad,17,agents=1-model=greedy-recipe=Salad,27,0,0,True
trial_21,dish,12.5,1,9,1,greedy,Salad,18,agents=1-model=greedy-recipe=Salad,27,0,0,True
trial_21,dish,12.5,1,9,1,greedy,Salad,19,agents=1-model=greedy-recipe=Salad,27,0,0,True
trial_21,dish,12.5,1,9,1,greedy,Salad,20,agents=1-model=greedy-recipe=Salad,27,0,0,True
trial_21,dish,12.5,1,9,1,greedy,SaladOL,1,agents=1-model=greedy-recipe=SaladOL,49,0,0,True
trial_21,dish,12.5,1,9,1,greedy,SaladOL,2,agents=1-model=greedy-recipe=SaladOL,49,0,0,True
trial_21,dish,12.5,1,9,1,greedy,SaladOL,3,agents=1-model=greedy-recipe=SaladOL,49,0,0,True
trial_21,dish,12.5,1,9,1,greedy,SaladOL,4,agents=1-model=greedy-recipe=SaladOL,49,0,0,True
trial_21,dish,12.5,1,9,1,greedy,SaladOL,5,agents=1-model=greedy-recipe=SaladOL,49,0,0,True
trial_21,dish,12.5,1,9,1,greedy,SaladOL,6,agents=1-model=greedy-recipe=SaladOL,49,0,0,True
trial_21,dish,12.5,1,9,1,greedy,SaladOL,7,agents=1-model=greedy-recipe=SaladOL,49,0,0,True
trial_21,dish,12.5,1,9,1,greedy,SaladOL,8,agents=1-model=greedy-recipe=SaladOL,49,0,0,True
trial_21,dish,12.5,1,9,1,greedy,SaladOL,9,agents=1-model=greedy-recipe=SaladOL,49,0,0,True
trial_21,dish,12.5,1,9,1,greedy,SaladOL,10,agents=1-model=greedy-recipe=SaladOL,49,0,0,True
trial_21,dish,12.5,1,9,1,greedy,SaladOL,11,agents=1-model=greedy-recipe=SaladOL,49,0,0,True
trial_21,dish,12.5,1,9,1,greedy,SaladOL,12,agents=1-model=greedy-recipe=SaladOL,49,0,0,True
trial_21,dish,12.5,1,9,1,greedy,SaladOL,13,agents=1-model=greedy-recipe=SaladOL,49,0,0,True
trial_21,dish,12.5,1,9,1,greedy,SaladOL,14,agents=1-model=greedy-recipe=SaladOL,49,0,0,True
trial_21,dish,12.5,1,9,1,greedy,SaladOL,15,agents=1-model=greedy-recipe=SaladOL,49,0,0,True
trial_21,dish,12.5,1,9,1,greedy,SaladOL,16,agents=1-model=greedy-recipe=SaladOL,49,0,0,True
trial_21,dish,12.5,1,9,1,greedy,SaladOL,17,agents=1-model=greedy-recipe=SaladOL,49,0,0,True
trial_21,dish,12.5,1,9,1,greedy,SaladOL,18,agents=1-model=greedy-recipe=SaladOL,49,0,0,True
trial_21,dish,12.5,1,9,1,greedy,SaladOL,19,agents=1-model=greedy-recipe=SaladOL,49,0,0,True
trial_21,dish,12.5,1,9,1,greedy,SaladOL,20,agents=1-model=greedy-recipe=SaladOL,49,0,0,True
trial_22,dish,12.5,2,4,1,greedy,Salad,1,agents=1-model=greedy-recipe=Salad,34,0,0,True
trial_22,dish,12.5,2,4,1,greedy,Salad,2,agents=1-model=greedy-recipe=Salad,30,0,0,True
trial_22,dish,12.5,2,4,1,greedy,Salad,3,agents=1-model=greedy-recipe=Salad,32,0,0,True
trial_22,dish,12.5,2,4,1,greedy,Salad,4,agents=1-model=greedy-recipe=Salad,30,0,0,True
trial_22,dish,12.5,2,4,1,greedy,Salad,5,agents=1-model=greedy-recipe=Salad,34,0,0,True
trial_22,dish,12.5,2,4,1,greedy,Salad,6,agents=1-model=greedy-recipe=Salad,32,0,0,True
trial_22,dish,12.5,2,4,1,greedy,Salad,7,agents=1-model=greedy-recipe=Salad,34,0,0,True
trial_22,dish,12.5,2,4,1,greedy,Salad,8,agents=1-model=greedy-recipe=Salad,34,0,0,True
trial_22,dish,12.5,2,4,1,greedy,Salad,9,agents=1-model=greedy-recipe=Salad,34,0,0,True
trial_22,dish,12.5,2,4,1,greedy,Salad,10,agents=1-model=greedy-recipe=Salad,30,0,0,True
trial_22,dish,12.5,2,4,1,greedy,Salad,11,agents=1-model=greedy-recipe=Salad,34,0,0,True
trial_22,dish,12.5,2,4,1,greedy,Salad,12,agents=1-model=greedy-recipe=Salad,34,0,0,True
trial_22,dish,12.5,2,4,1,greedy,Salad,13,agents=1-model=greedy-recipe=Salad,34,0,0,True
trial_22,dish,12.5,2,4,1,greedy,Salad,14,agents=1-model=greedy-recipe=Salad,30,0,0,True
trial_22,dish,12.5,2,4,1,greedy,Salad,15,agents=1-model=greedy-recipe=Salad,32,0,0,True
trial_22,dish,12.5,2,4,1,greedy,Salad,16,agents=1-model=greedy-recipe=Salad,30,0,0,True
trial_22,dish,12.5,2,4,1,greedy,Salad,17,agents=1-model=greedy-recipe=Salad,34,0,0,True
trial_22,dish,12.5,2,4,1,greedy,Salad,18,agents=1-model=greedy-recipe=Salad,34,0,0,True
trial_22,dish,12.5,2,4,1,greedy,Salad,19,agents=1-model=greedy-recipe=Salad,34,0,0,True
trial_22,dish,12.5,2,4,1,greedy,Salad,20,agents=1-model=greedy-recipe=Salad,30,0,0,True
trial_22,dish,12.5,2,4,1,greedy,SaladOL,1,agents=1-model=greedy-recipe=SaladOL,38,0,0,True
trial_22,dish,12.5,2,4,1,greedy,SaladOL,2,agents=1-model=greedy-recipe=SaladOL,38,0,0,True
trial_22,dish,12.5,2,4,1,greedy,SaladOL,3,agents=1-model=greedy-recipe=SaladOL,38,0,0,True
trial_22,dish,12.5,2,4,1,greedy,SaladOL,4,agents=1-model=greedy-recipe=SaladOL,38,0,0,True
trial_22,dish,12.5,2,4,1,greedy,SaladOL,5,agents=1-model=greedy-recipe=SaladOL,38,0,0,True
trial_22,dish,12.5,2,4,1,greedy,SaladOL,6,agents=1-model=greedy-recipe=SaladOL,38,0,0,True
trial_22,dish,12.5,2,4,1,greedy,SaladOL,7,agents=1-model=greedy-recipe=SaladOL,38,0,0,True
trial_22,dish,12.5,2,4,1,greedy,SaladOL,8,agents=1-model=greedy-recipe=SaladOL,38,0,0,True
trial_22,dish,12.5,2,4,1,greedy,SaladOL,9,agents=1-model=greedy-recipe=SaladOL,38,0,0,True
trial_22,dish,12.5,2,4,1,greedy,SaladOL,10,agents=1-model=greedy-recipe=SaladOL,38,0,0,True
trial_22,dish,12.5,2,4,1,greedy,SaladOL,11,agents=1-model=greedy-recipe=SaladOL,38,0,0,True
trial_22,dish,12.5,2,4,1,greedy,SaladOL,12,agents=1-model=greedy-recipe=SaladOL,38,0,0,True
trial_22,dish,12.5,2,4,1,greedy,SaladOL,13,agents=1-model=greedy-recipe=SaladOL,38,0,0,True
trial_22,dish,12.5,2,4,1,greedy,SaladOL,14,agents=1-model=greedy-recipe=SaladOL,38,0,0,True
trial_22,dish,12.5,2,4,1,greedy,SaladOL,15,agents=1-model=greedy-recipe=SaladOL,38,0,0,True
trial_22,dish,12.5,2,4,1,greedy,SaladOL,16,agents=1-model=greedy-recipe=SaladOL,38,0,0,True
trial_22,dish,12.5,2,4,1,greedy,SaladOL,17,agents=1-model=greedy-recipe=SaladOL,38,0,0,True
trial_22,dish,12.5,2,4,1,greedy,SaladOL,18,agents=1-model=greedy-recipe=SaladOL,38,0,0,True
trial_22,dish,12.5,2,4,1,greedy,SaladOL,19,agents=1-model=greedy-recipe=SaladOL,38,0,0,True
trial_22,dish,12.5,2,4,1,greedy,SaladOL,20,agents=1-model=greedy-recipe=SaladOL,38,0,0,True
trial_23,dish,25.0,1,6,1,greedy,Salad,1,agents=1-model=greedy-recipe=Salad,40,0,0,True
trial_23,dish,25.0,1,6,1,greedy,Salad,2,agents=1-model=greedy-recipe=Salad,40,0,0,True
trial_23,dish,25.0,1,6,1,greedy,Salad,3,agents=1-model=greedy-recipe=Salad,40,0,0,True
trial_23,dish,25.0,1,6,1,greedy,Salad,4,agents=1-model=greedy-recipe=Salad,40,0,0,True
trial_23,dish,25.0,1,6,1,greedy,Salad,5,agents=1-model=greedy-recipe=Salad,40,0,0,True
trial_23,dish,25.0,1,6,1,greedy,Salad,6,agents=1-model=greedy-recipe=Salad,40,0,0,True
trial_23,dish,25.0,1,6,1,greedy,Salad,7,agents=1-model=greedy-recipe=Salad,40,0,0,True
trial_23,dish,25.0,1,6,1,greedy,Salad,8,agents=1-model=greedy-recipe=Salad,40,0,0,True
trial_23,dish,25.0,1,6,1,greedy,Salad,9,agents=1-model=greedy-recipe=Salad,40,0,0,True
trial_23,dish,25.0,1,6,1,greedy,Salad,10,agents=1-model=greedy-recipe=Salad,40,0,0,True
trial_23,dish,25.0,1,6,1,greedy,Salad,11,agents=1-model=greedy-recipe=Salad,40,0,0,True
trial_23,dish,25.0,1,6,1,greedy,Salad,12,agents=1-model=greedy-recipe=Salad,40,0,0,True
trial_23,dish,25.0,1,6,1,greedy,Salad,13,agents=1-model=greedy-recipe=Salad,40,0,0,True
trial_23,dish,25.0,1,6,1,greedy,Salad,14,agents=1-model=greedy-recipe=Salad,40,0,0,True
trial_23,dish,25.0,1,6,1,greedy,Salad,15,agents=1-model=greedy-recipe=Salad,40,0,0,True
trial_23,dish,25.0,1,6,1,greedy,Salad,16,agents=1-model=greedy-recipe=Salad,40,0,0,True
trial_23,dish,25.0,1,6,1,greedy,Salad,17,agents=1-model=greedy-recipe=Salad,40,0,0,True
trial_23,dish,25.0,1,6,1,greedy,Salad,18,agents=1-model=greedy-recipe=Salad,40,0,0,True
trial_23,dish,25.0,1,6,1,greedy,Salad,19,agents=1-model=greedy-recipe=Salad,40,0,0,True
trial_23,dish,25.0,1,6,1,greedy,Salad,20,agents=1-model=greedy-recipe=Salad,40,0,0,True
trial_23,dish,25.0,1,6,1,greedy,SaladOL,1,agents=1-model=greedy-recipe=SaladOL,64,2,0,True
trial_23,dish,25.0,1,6,1,greedy,SaladOL,2,agents=1-model=greedy-recipe=SaladOL,60,0,0,True
trial_23,dish,25.0,1,6,1,greedy,SaladOL,3,agents=1-model=greedy-recipe=SaladOL,60,0,0,True
trial_23,dish,25.0,1,6,1,greedy,SaladOL,4,agents=1-model=greedy-recipe=SaladOL,62,0,0,True
trial_23,dish,25.0,1,6,1,greedy,SaladOL,5,agents=1-model=greedy-recipe=SaladOL,68,4,0,True
trial_23,dish,25.0,1,6,1,greedy,SaladOL,6,agents=1-model=greedy-recipe=SaladOL,64,2,0,True
trial_23,dish,25.0,1,6,1,greedy,SaladOL,7,agents=1-model=greedy-recipe=SaladOL,60,0,0,True
trial_23,dish,25.0,1,6,1,greedy,SaladOL,8,agents=1-model=greedy-recipe=SaladOL,62,2,0,True
trial_23,dish,25.0,1,6,1,greedy,SaladOL,9,agents=1-model=greedy-recipe=SaladOL,60,0,0,True
trial_23,dish,25.0,1,6,1,greedy,SaladOL,10,agents=1-model=greedy-recipe=SaladOL,64,2,0,True
trial_23,dish,25.0,1,6,1,greedy,SaladOL,11,agents=1-model=greedy-recipe=SaladOL,69,5,0,True
trial_23,dish,25.0,1,6,1,greedy,SaladOL,12,agents=1-model=greedy-recipe=SaladOL,60,0,0,True
trial_23,dish,25.0,1,6,1,greedy,SaladOL,13,agents=1-model=greedy-recipe=SaladOL,61,1,0,True
trial_23,dish,25.0,1,6,1,greedy,SaladOL,14,agents=1-model=greedy-recipe=SaladOL,65,3,0,True
trial_23,dish,25.0,1,6,1,greedy,SaladOL,15,agents=1-model=greedy-recipe=SaladOL,61,1,0,True
trial_23,dish,25.0,1,6,1,greedy,SaladOL,16,agents=1-model=greedy-recipe=SaladOL,64,2,0,True
trial_23,dish,25.0,1,6,1,greedy,SaladOL,17,agents=1-model=greedy-recipe=SaladOL,69,5,0,True
trial_23,dish,25.0,1,6,1,greedy,SaladOL,18,agents=1-model=greedy-recipe=SaladOL,60,0,0,True
trial_23,dish,25.0,1,6,1,greedy,SaladOL,19,agents=1-model=greedy-recipe=SaladOL,64,2,0,True
trial_23,dish,25.0,1,6,1,greedy,SaladOL,20,agents=1-model=greedy-recipe=SaladOL,63,1,0,True
trial_24,dish,25.0,2,9,1,greedy,Salad,1,agents=1-model=greedy-recipe=Salad,37,0,0,True
trial_24,dish,25.0,2,9,1,greedy,Salad,2,agents=1-model=greedy-recipe=Salad,41,0,0,True
trial_24,dish,25.0,2,9,1,greedy,Salad,3,agents=1-model=greedy-recipe=Salad,41,0,0,True
trial_24,dish,25.0,2,9,1,greedy,Salad,4,agents=1-model=greedy-recipe=Salad,41,0,0,True
trial_24,dish,25.0,2,9,1,greedy,Salad,5,agents=1-model=greedy-recipe=Salad,41,0,0,True
trial_24,dish,25.0,2,9,1,greedy,Salad,6,agents=1-model=greedy-recipe=Salad,41,0,0,True
trial_24,dish,25.0,2,9,1,greedy,Salad,7,agents=1-model=greedy-recipe=Salad,35,0,0,True
trial_24,dish,25.0,2,9,1,greedy,Salad,8,agents=1-model=greedy-recipe=Salad,41,0,0,True
trial_24,dish,25.0,2,9,1,greedy,Salad,9,agents=1-model=greedy-recipe=Salad,35,0,0,True
trial_24,dish,25.0,2,9,1,greedy,Salad,10,agents=1-model=greedy-recipe=Salad,37,0,0,True
trial_24,dish,25.0,2,9,1,greedy,Salad,11,agents=1-model=greedy-recipe=Salad,37,0,0,True
trial_24,dish,25.0,2,9,1,greedy,Salad,12,agents=1-model=greedy-recipe=Salad,41,0,0,True
trial_24,dish,25.0,2,9,1,greedy,Salad,13,agents=1-model=greedy-recipe=Salad,37,0,0,True
trial_24,dish,25.0,2,9,1,greedy,Salad,14,agents=1-model=greedy-recipe=Salad,41,0,0,True
trial_24,dish,25.0,2,9,1,greedy,Salad,15,agents=1-model=greedy-recipe=Salad,37,0,0,True
trial_24,dish,25.0,2,9,1,greedy,Salad,16,agents=1-model=greedy-recipe=Salad,35,0,0,True
trial_24,dish,25.0,2,9,1,greedy,Salad,17,agents=1-model=greedy-recipe=Salad,41,0,0,True
trial_24,dish,25.0,2,9,1,greedy,Salad,18,agents=1-model=greedy-recipe=Salad,35,0,0,True
trial_24,dish,25.0,2,9,1,greedy,Salad,19,agents=1-model=greedy-recipe=Salad,41,0,0,True
trial_24,dish,25.0,2,9,1,greedy,Salad,20,agents=1-model=greedy-recipe=Salad,37,0,0,True
trial_24,dish,25.0,2,9,1,greedy,SaladOL,1,agents=1-model=greedy-recipe=SaladOL,33,0,0,True
trial_24,dish,25.0,2,9,1,greedy,SaladOL,2,agents=1-model=greedy-recipe=SaladOL,33,0,0,True
trial_24,dish,25.0,2,9,1,greedy,SaladOL,3,agents=1-model=greedy-recipe=SaladOL,35,0,0,True
trial_24,dish,25.0,2,9,1,greedy,SaladOL,4,agents=1-model=greedy-recipe=SaladOL,33,0,0,True
trial_24,dish,25.0,2,9,1,greedy,SaladOL,5,agents=1-model=greedy-recipe=SaladOL,35,0,0,True
trial_24,dish,25.0,2,9,1,greedy,SaladOL,6,agents=1-model=greedy-recipe=SaladOL,35,0,0,True
trial_24,dish,25.0,2,9,1,greedy,SaladOL,7,agents=1-model=greedy-recipe=SaladOL,33,0,0,True
trial_24,dish,25.0,2,9,1,greedy,SaladOL,8,agents=1-model=greedy-recipe=SaladOL,35,0,0,True
trial_24,dish,25.0,2,9,1,greedy,SaladOL,9,agents=1-model=greedy-recipe=SaladOL,33,0,0,True
trial_24,dish,25.0,2,9,1,greedy,SaladOL,10,agents=1-model=greedy-recipe=SaladOL,35,0,0,True
trial_24,dish,25.0,2,9,1,greedy,SaladOL,11,agents=1-model=greedy-recipe=SaladOL,35,0,0,True
trial_24,dish,25.0,2,9,1,greedy,SaladOL,12,agents=1-model=greedy-recipe=SaladOL,33,0,0,True
trial_24,dish,25.0,2,9,1,greedy,SaladOL,13,agents=1-model=greedy-recipe=SaladOL,33,0,0,True
trial_24,dish,25.0,2,9,1,greedy,SaladOL,14,agents=1-model=greedy-recipe=SaladOL,35,0,0,True
trial_24,dish,25.0,2,9,1,greedy,SaladOL,15,agents=1-model=greedy-recipe=SaladOL,35,0,0,True
trial_24,dish,25.0,2,9,1,greedy,SaladOL,16,agents=1-model=greedy-recipe=SaladOL,35,0,0,True
trial_24,dish,25.0,2,9,1,greedy,SaladOL,17,agents=1-model=greedy-recipe=SaladOL,33,0,0,True
trial_24,dish,25.0,2,9,1,greedy,SaladOL,18,agents=1-model=greedy-recipe=SaladOL,35,0,0,True
trial_24,dish,25.0,2,9,1,greedy,SaladOL,19,agents=1-model=greedy-recipe=SaladOL,35,0,0,True
trial_24,dish,25.0,2,9,1,greedy,SaladOL,20,agents=1-model=greedy-recipe=SaladOL,33,0,0,True
trial_25,dish,37.5,1,4,1,greedy,Salad,1,agents=1-model=greedy-recipe=Salad,34,0,0,True
trial_25,dish,37.5,1,4,1,greedy,Salad,2,agents=1-model=greedy-recipe=Salad,34,0,0,True
trial_25,dish,37.5,1,4,1,greedy,Salad,3,agents=1-model=greedy-recipe=Salad,34,0,0,True
trial_25,dish,37.5,1,4,1,greedy,Salad,4,agents=1-model=greedy-recipe=Salad,34,0,0,True
trial_25,dish,37.5,1,4,1,greedy,Salad,5,agents=1-model=greedy-recipe=Salad,34,0,0,True
trial_25,dish,37.5,1,4,1,greedy,Salad,6,agents=1-model=greedy-recipe=Salad,34,0,0,True
trial_25,dish,37.5,1,4,1,greedy,Salad,7,agents=1-model=greedy-recipe=Salad,34,0,0,True
trial_25,dish,37.5,1,4,1,greedy,Salad,8,agents=1-model=greedy-recipe=Salad,34,0,0,True
trial_25,dish,37.5,1,4,1,greedy,Salad,9,agents=1-model=greedy-recipe=Salad,34,0,0,True
trial_25,dish,37.5,1,4,1,greedy,Salad,10,agents=1-model=greedy-recipe=Salad,34,0,0,True
trial_25,dish,37.5,1,4,1,greedy,Salad,11,agents=1-model=greedy-recipe=Salad,34,0,0,True
trial_25,dish,37.5,1,4,1,greedy,Salad,12,agents=1-model=greedy-recipe=Salad,34,0,0,True
trial_25,dish,37.5,1,4,1,greedy,Salad,13,agents=1-model=greedy-recipe=Salad,34,0,0,True
trial_25,dish,37.5,1,4,1,greedy,Salad,14,agents=1-model=greedy-recipe=Salad,34,0,0,True
trial_25,dish,37.5,1,4,1,greedy,Salad,15,agents=1-model=greedy-recipe=Salad,34,0,0,True
trial_25,dish,37.5,1,4,1,greedy,Salad,16,agents=1-model=greedy-recipe=Salad,34,0,0,True
trial_25,dish,37.5,1,4,1,greedy,Salad,17,agents=1-model=greedy-recipe=Salad,34,0,0,True
trial_25,dish,37.5,1,4,1,greedy,Salad,18,agents=1-model=greedy-recipe=Salad,34,0,0,True
trial_25,dish,37.5,1,4,1,greedy,Salad,19,agents=1-model=greedy-recipe=Salad,34,0,0,True
trial_25,dish,37.5,1,4,1,greedy,Salad,20,agents=1-model=greedy-recipe=Salad,34,0,0,True
trial_25,dish,37.5,1,4,1,greedy,SaladOL,1,agents=1-model=greedy-recipe=SaladOL,44,0,0,True
trial_25,dish,37.5,1,4,1,greedy,SaladOL,2,agents=1-model=greedy-recipe=SaladOL,44,0,0,True
trial_25,dish,37.5,1,4,1,greedy,SaladOL,3,agents=1-model=greedy-recipe=SaladOL,44,0,0,True
trial_25,dish,37.5,1,4,1,greedy,SaladOL,4,agents=1-model=greedy-recipe=SaladOL,44,0,0,True
trial_25,dish,37.5,1,4,1,greedy,SaladOL,5,agents=1-model=greedy-recipe=SaladOL,44,0,0,True
trial_25,dish,37.5,1,4,1,greedy,SaladOL,6,agents=1-model=greedy-recipe=SaladOL,44,0,0,True
trial_25,dish,37.5,1,4,1,greedy,SaladOL,7,agents=1-model=greedy-recipe=SaladOL,44,0,0,True
trial_25,dish,37.5,1,4,1,greedy,SaladOL,8,agents=1-model=greedy-recipe=SaladOL,44,0,0,True
trial_25,dish,37.5,1,4,1,greedy,SaladOL,9,agents=1-model=greedy-recipe=SaladOL,44,0,0,True
trial_25,dish,37.5,1,4,1,greedy,SaladOL,10,agents=1-model=greedy-recipe=SaladOL,44,0,0,True
trial_25,dish,37.5,1,4,1,greedy,SaladOL,11,agents=1-model=greedy-recipe=SaladOL,44,0,0,True
trial_25,dish,37.5,1,4,1,greedy,SaladOL,12,agents=1-model=greedy-recipe=SaladOL,44,0,0,True
trial_25,dish,37.5,1,4,1,greedy,SaladOL,13,agents=1-model=greedy-recipe=SaladOL,44,0,0,True
trial_25,dish,37.5,1,4,1,greedy,SaladOL,14,agents=1-model=greedy-recipe=SaladOL,44,0,0,True
trial_25,dish,37.5,1,4,1,greedy,SaladOL,15,agents=1-model=greedy-recipe=SaladOL,44,0,0,True
trial_25,dish,37.5,1,4,1,greedy,SaladOL,16,agents=1-model=greedy-recipe=SaladOL,44,0,0,True
trial_25,dish,37.5,1,4,1,greedy,SaladOL,17,agents=1-model=greedy-recipe=SaladOL,44,0,0,True
trial_25,dish,37.5,1,4,1,greedy,SaladOL,18,agents=1-model=greedy-recipe=SaladOL,44,0,0,True
trial_25,dish,37.5,1,4,1,greedy,SaladOL,19,agents=1-model=greedy-recipe=SaladOL,44,0,0,True
trial_25,dish,37.5,1,4,1,greedy,SaladOL,20,agents=1-model=greedy-recipe=SaladOL,44,0,0,True
trial_26,dish,37.5,2,6,1,greedy,Salad,1,agents=1-model=greedy-recipe=Salad,36,0,0,True
trial_26,dish,37.5,2,6,1,greedy,Salad,2,agents=1-model=greedy-recipe=Salad,38,0,0,True
trial_26,dish,37.5,2,6,1,greedy,Salad,3,agents=1-model=greedy-recipe=Salad,50,0,0,True
trial_26,dish,37.5,2,6,1,greedy,Salad,4,agents=1-model=greedy-recipe=Salad,50,0,0,True
trial_26,dish,37.5,2,6,1,greedy,Salad,5,agents=1-model=greedy-recipe=Salad,36,0,0,True
trial_26,dish,37.5,2,6,1,greedy,Salad,6,agents=1-model=greedy-recipe=Salad,38,0,0,True
trial_26,dish,37.5,2,6,1,greedy,Salad,7,agents=1-model=greedy-recipe=Salad,38,0,0,True
trial_26,dish,37.5,2,6,1,greedy,Salad,8,agents=1-model=greedy-recipe=Salad,36,0,0,True
trial_26,dish,37.5,2,6,1,greedy,Salad,9,agents=1-model=greedy-recipe=Salad,50,0,0,True
trial_26,dish,37.5,2,6,1,greedy,Salad,10,agents=1-model=greedy-recipe=Salad,36,0,0,True
trial_26,dish,37.5,2,6,1,greedy,Salad,11,agents=1-model=greedy-recipe=Salad,50,0,0,True
trial_26,dish,37.5,2,6,1,greedy,Salad,12,agents=1-model=greedy-recipe=Salad,38,0,0,True
trial_26,dish,37.5,2,6,1,greedy,Salad,13,agents=1-model=greedy-recipe=Salad,38,0,0,True
trial_26,dish,37.5,2,6,1,greedy,Salad,14,agents=1-model=greedy-recipe=Salad,36,0,0,True
trial_26,dish,37.5,2,6,1,greedy,Salad,15,agents=1-model=greedy-recipe=Salad,36,0,0,True
trial_26,dish,37.5,2,6,1,greedy,Salad,16,agents=1-model=greedy-recipe=Salad,50,0,0,True
trial_26,dish,37.5,2,6,1,greedy,Salad,17,agents=1-model=greedy-recipe=Salad,38,0,0,True
trial_26,dish,37.5,2,6,1,greedy,Salad,18,agents=1-model=greedy-recipe=Salad,38,0,0,True
trial_26,dish,37.5,2,6,1,greedy,Salad,19,agents=1-model=greedy-recipe=Salad,36,0,0,True
trial_26,dish,37.5,2,6,1,greedy,Salad,20,agents=1-model=greedy-recipe=Salad,38,0,0,True
trial_26,dish,37.5,2,6,1,greedy,SaladOL,1,agents=1-model=greedy-recipe=SaladOL,58,0,0,True
trial_26,dish,37.5,2,6,1,greedy,SaladOL,2,agents=1-model=greedy-recipe=SaladOL,36,0,0,True
trial_26,dish,37.5,2,6,1,greedy,SaladOL,3,agents=1-model=greedy-recipe=SaladOL,36,0,0,True
trial_26,dish,37.5,2,6,1,greedy,SaladOL,4,agents=1-model=greedy-recipe=SaladOL,36,0,0,True
trial_26,dish,37.5,2,6,1,greedy,SaladOL,5,agents=1-model=greedy-recipe=SaladOL,58,0,0,True
trial_26,dish,37.5,2,6,1,greedy,SaladOL,6,agents=1-model=greedy-recipe=SaladOL,36,0,0,True
trial_26,dish,37.5,2,6,1,greedy,SaladOL,7,agents=1-model=greedy-recipe=SaladOL,36,0,0,True
trial_26,dish,37.5,2,6,1,greedy,SaladOL,8,agents=1-model=greedy-recipe=SaladOL,58,0,0,True
trial_26,dish,37.5,2,6,1,greedy,SaladOL,9,agents=1-model=greedy-recipe=SaladOL,58,0,0,True
trial_26,dish,37.5,2,6,1,greedy,SaladOL,10,agents=1-model=greedy-recipe=SaladOL,58,0,0,True
trial_26,dish,37.5,2,6,1,greedy,SaladOL,11,agents=1-model=greedy-recipe=SaladOL,58,0,0,True
trial_26,dish,37.5,2,6,1,greedy,SaladOL,12,agents=1-model=greedy-recipe=SaladOL,58,0,0,True
trial_26,dish,37.5,2,6,1,greedy,SaladOL,13,agents=1-model=greedy-recipe=SaladOL,36,0,0,True
trial_26,dish,37.5,2,6,1,greedy,SaladOL,14,agents=1-model=greedy-recipe=SaladOL,36,0,0,True
trial_26,dish,37.5,2,6,1,greedy,SaladOL,15,agents=1-model=greedy-recipe=SaladOL,36,0,0,True
trial_26,dish,37.5,2,6,1,greedy,SaladOL,16,agents=1-model=greedy-recipe=SaladOL,58,0,0,True
trial_26,dish,37.5,2,6,1,greedy,SaladOL,17,agents=1-model=greedy-recipe=SaladOL,58,0,0,True
trial_26,dish,37.5,2,6,1,greedy,SaladOL,18,agents=1-model=greedy-recipe=SaladOL,36,0,0,True
trial_26,dish,37.5,2,6,1,greedy,SaladOL,19,agents=1-model=greedy-recipe=SaladOL,36,0,0,True
trial_26,dish,37.5,2,6,1,greedy,SaladOL,20,agents=1-model=greedy-recipe=SaladOL,58,0,0,True
trial_27,dish,50.0,1,9,1,greedy,Salad,1,agents=1-model=greedy-recipe=Salad,38,0,0,True
trial_27,dish,50.0,1,9,1,greedy,Salad,2,agents=1-model=greedy-recipe=Salad,38,0,0,True
trial_27,dish,50.0,1,9,1,greedy,Salad,3,agents=1-model=greedy-recipe=Salad,38,0,0,True
trial_27,dish,50.0,1,9,1,greedy,Salad,4,agents=1-model=greedy-recipe=Salad,38,0,0,True
trial_27,dish,50.0,1,9,1,greedy,Salad,5,agents=1-model=greedy-recipe=Salad,38,0,0,True
trial_27,dish,50.0,1,9,1,greedy,Salad,6,agents=1-model=greedy-recipe=Salad,38,0,0,True
trial_27,dish,50.0,1,9,1,greedy,Salad,7,agents=1-model=greedy-recipe=Salad,38,0,0,True
trial_27,dish,50.0,1,9,1,greedy,Salad,8,agents=1-model=greedy-recipe=Salad,38,0,0,True
trial_27,dish,50.0,1,9,1,greedy,Salad,9,agents=1-model=greedy-recipe=Salad,38,0,0,True
trial_27,dish,50.0,1,9,1,greedy,Salad,10,agents=1-model=greedy-recipe=Salad,38,0,0,True
trial_27,dish,50.0,1,9,1,greedy,Salad,11,agents=1-model=greedy-recipe=Salad,38,0,0,True
trial_27,dish,50.0,1,9,1,greedy,Salad,12,agents=1-model=greedy-recipe=Salad,38,0,0,True
trial_27,dish,50.0,1,9,1,greedy,Salad,13,agents=1-model=greedy-recipe=Salad,38,0,0,True
trial_27,dish,50.0,1,9,1,greedy,Salad,14,agents=1-model=greedy-recipe=Salad,38,0,0,True
trial_27,dish,50.0,1,9,1,greedy,Salad,15,agents=1-model=greedy-recipe=Salad,38,0,0,True
trial_27,dish,50.0,1,9,1,greedy,Salad,16,agents=1-model=greedy-recipe=Salad,38,0,0,True
trial_27,dish,50.0,1,9,1,greedy,Salad,17,agents=1-model=greedy-recipe=Salad,38,0,0,True
trial_27,dish,50.0,1,9,1,greedy,Salad,18,agents=1-model=greedy-recipe=Salad,38,0,0,True
trial_27,dish,50.0,1,9,1,greedy,Salad,19,agents=1-model=greedy-recipe=Salad,38,0,0,True
trial_27,dish,50.0,1,9,1,greedy,Salad,20,agents=1-model=greedy-recipe=Salad,38,0,0,True
trial_27,dish,50.0,1,9,1,greedy,SaladOL,1,agents=1-model=greedy-recipe=SaladOL,38,0,0,True
trial_27,dish,50.0,1,9,1,greedy,SaladOL,2,agents=1-model=greedy-recipe=SaladOL,38,0,0,True
trial_27,dish,50.0,1,9,1,greedy,SaladOL,3,agents=1-model=greedy-recipe=SaladOL,38,0,0,True
trial_27,dish,50.0,1,9,1,greedy,SaladOL,4,agents=1-model=greedy-recipe=SaladOL,38,0,0,True
trial_27,dish,50.0,1,9,1,greedy,SaladOL,5,agents=1-model=greedy-recipe=SaladOL,38,0,0,True
trial_27,dish,50.0,1,9,1,greedy,SaladOL,6,agents=1-model=greedy-recipe=SaladOL,38,0,0,True
trial_27,dish,50.0,1,9,1,greedy,SaladOL,7,agents=1-model=greedy-recipe=SaladOL,38,0,0,True
trial_27,dish,50.0,1,9,1,greedy,SaladOL,8,agents=1-model=greedy-recipe=SaladOL,38,0,0,True
trial_27,dish,50.0,1,9,1,greedy,SaladOL,9,agents=1-model=greedy-recipe=SaladOL,38,0,0,True
trial_27,dish,50.0,1,9,1,greedy,SaladOL,10,agents=1-model=greedy-recipe=SaladOL,38,0,0,True
trial_27,dish,50.0,1,9,1,greedy,SaladOL,11,agents=1-model=greedy-recipe=SaladOL,38,0,0,True
trial_27,dish,50.0,1,9,1,greedy,SaladOL,12,agents=1-model=greedy-recipe=SaladOL,38,0,0,True
trial_27,dish,50.0,1,9,1,greedy,SaladOL,13,agents=1-model=greedy-recipe=SaladOL,38,0,0,True
trial_27,dish,50.0,1,9,1,greedy,SaladOL,14,agents=1-model=greedy-recipe=SaladOL,38,0,0,True
trial_27,dish,50.0,1,9,1,greedy,SaladOL,15,agents=1-model=greedy-recipe=SaladOL,38,0,0,True
trial_27,dish,50.0,1,9,1,greedy,SaladOL,16,agents=1-model=greedy-recipe=SaladOL,38,0,0,True
trial_27,dish,50.0,1,9,1,greedy,SaladOL,17,agents=1-model=greedy-recipe=SaladOL,38,0,0,True
trial_27,dish,50.0,1,9,1,greedy,SaladOL,18,agents=1-model=greedy-recipe=SaladOL,38,0,0,True
trial_27,dish,50.0,1,9,1,greedy,SaladOL,19,agents=1-model=greedy-recipe=SaladOL,38,0,0,True
trial_27,dish,50.0,1,9,1,greedy,SaladOL,20,agents=1-model=greedy-recipe=SaladOL,38,0,0,True
trial_28,dish,50.0,2,4,1,greedy,Salad,1,agents=1-model=greedy-recipe=Salad,26,0,0,True
trial_28,dish,50.0,2,4,1,greedy,Salad,2,agents=1-model=greedy-recipe=Salad,26,0,0,True
trial_28,dish,50.0,2,4,1,greedy,Salad,3,agents=1-model=greedy-recipe=Salad,26,0,0,True
trial_28,dish,50.0,2,4,1,greedy,Salad,4,agents=1-model=greedy-recipe=Salad,26,0,0,True
trial_28,dish,50.0,2,4,1,greedy,Salad,5,agents=1-model=greedy-recipe=Salad,26,0,0,True
trial_28,dish,50.0,2,4,1,greedy,Salad,6,agents=1-model=greedy-recipe=Salad,26,0,0,True
trial_28,dish,50.0,2,4,1,greedy,Salad,7,agents=1-model=greedy-recipe=Salad,26,0,0,True
trial_28,dish,50.0,2,4,1,greedy,Salad,8,agents=1-model=greedy-recipe=Salad,26,0,0,True
trial_28,dish,50.0,2,4,1,greedy,Salad,9,agents=1-model=greedy-recipe=Salad,26,0,0,True
trial_28,dish,50.0,2,4,1,greedy,Salad,10,agents=1-model=greedy-recipe=Salad,26,0,0,True
trial_28,dish,50.0,2,4,1,greedy,Salad,11,agents=1-model=greedy-recipe=Salad,26,0,0,True
trial_28,dish,50.0,2,4,1,greedy,Salad,12,agents=1-model=greedy-recipe=Salad,26,0,0,True
trial_28,dish,50.0,2,4,1,greedy,Salad,13,agents=1-model=greedy-recipe=Salad,26,0,0,True
trial_28,dish,50.0,2,4,1,greedy,Salad,14,agents=1-model=greedy-recipe=Salad,26,0,0,True
trial_28,dish,50.0,2,4,1,greedy,Salad,15,agents=1-model=greedy-recipe=Salad,26,0,0,True
trial_28,dish,50.0,2,4,1,greedy,Salad,16,agents=1-model=greedy-recipe=Salad,26,0,0,True
trial_28,dish,50.0,2,4,1,greedy,Salad,17,agents=1-model=greedy-recipe=Salad,26,0,0,True
trial_28,dish,50.0,2,4,1,greedy,Salad,18,agents=1-model=greedy-recipe=Salad,26,0,0,True
trial_28,dish,50.0,2,4,1,greedy,Salad,19,agents=1-model=greedy-recipe=Salad,26,0,0,True
trial_28,dish,50.0,2,4,1,greedy,Salad,20,agents=1-model=greedy-recipe=Salad,26,0,0,True
trial_28,dish,50.0,2,4,1,greedy,SaladOL,1,agents=1-model=greedy-recipe=SaladOL,32,0,0,True
trial_28,dish,50.0,2,4,1,greedy,SaladOL,2,agents=1-model=greedy-recipe=SaladOL,32,0,0,True
trial_28,dish,50.0,2,4,1,greedy,SaladOL,3,agents=1-model=greedy-recipe=SaladOL,32,0,0,True
trial_28,dish,50.0,2,4,1,greedy,SaladOL,4,agents=1-model=greedy-recipe=SaladOL,32,0,0,True
trial_28,dish,50.0,2,4,1,greedy,SaladOL,5,agents=1-model=greedy-recipe=SaladOL,32,0,0,True
trial_28,dish,50.0,2,4,1,greedy,SaladOL,6,agents=1-model=greedy-recipe=SaladOL,32,0,0,True
trial_28,dish,50.0,2,4,1,greedy,SaladOL,7,agents=1-model=greedy-recipe=SaladOL,32,0,0,True
trial_28,dish,50.0,2,4,1,greedy,SaladOL,8,agents=1-model=greedy-recipe=SaladOL,32,0,0,True
trial_28,dish,50.0,2,4,1,greedy,SaladOL,9,agents=1-model=greedy-recipe=SaladOL,32,0,0,True
trial_28,dish,50.0,2,4,1,greedy,SaladOL,10,agents=1-model=greedy-recipe=SaladOL,32,0,0,True
trial_28,dish,50.0,2,4,1,greedy,SaladOL,11,agents=1-model=greedy-recipe=SaladOL,32,0,0,True
trial_28,dish,50.0,2,4,1,greedy,SaladOL,12,agents=1-model=greedy-recipe=SaladOL,32,0,0,True
trial_28,dish,50.0,2,4,1,greedy,SaladOL,13,agents=1-model=greedy-recipe=SaladOL,32,0,0,True
trial_28,dish,50.0,2,4,1,greedy,SaladOL,14,agents=1-model=greedy-recipe=SaladOL,32,0,0,True
trial_28,dish,50.0,2,4,1,greedy,SaladOL,15,agents=1-model=greedy-recipe=SaladOL,32,0,0,True
trial_28,dish,50.0,2,4,1,greedy,SaladOL,16,agents=1-model=greedy-recipe=SaladOL,32,0,0,True
trial_28,dish,50.0,2,4,1,greedy,SaladOL,17,agents=1-model=greedy-recipe=SaladOL,32,0,0,True
trial_28,dish,50.0,2,4,1,greedy,SaladOL,18,agents=1-model=greedy-recipe=SaladOL,34,0,0,True
trial_28,dish,50.0,2,4,1,greedy,SaladOL,19,agents=1-model=greedy-recipe=SaladOL,32,0,0,True
trial_28,dish,50.0,2,4,1,greedy,SaladOL,20,agents=1-model=greedy-recipe=SaladOL,32,0,0,True
trial_29,dish,62.5,1,6,1,greedy,Salad,1,agents=1-model=greedy-recipe=Salad,34,0,0,True
trial_29,dish,62.5,1,6,1,greedy,Salad,2,agents=1-model=greedy-recipe=Salad,34,0,0,True
trial_29,dish,62.5,1,6,1,greedy,Salad,3,agents=1-model=greedy-recipe=Salad,28,0,0,True
trial_29,dish,62.5,1,6,1,greedy,Salad,4,agents=1-model=greedy-recipe=Salad,34,0,0,True
trial_29,dish,62.5,1,6,1,greedy,Salad,5,agents=1-model=greedy-recipe=Salad,34,0,0,True
trial_29,dish,62.5,1,6,1,greedy,Salad,6,agents=1-model=greedy-recipe=Salad,34,0,0,True
trial_29,dish,62.5,1,6,1,greedy,Salad,7,agents=1-model=greedy-recipe=Salad,28,0,0,True
trial_29,dish,62.5,1,6,1,greedy,Salad,8,agents=1-model=greedy-recipe=Salad,34,0,0,True
trial_29,dish,62.5,1,6,1,greedy,Salad,9,agents=1-model=greedy-recipe=Salad,34,0,0,True
trial_29,dish,62.5,1,6,1,greedy,Salad,10,agents=1-model=greedy-recipe=Salad,28,0,0,True
trial_29,dish,62.5,1,6,1,greedy,Salad,11,agents=1-model=greedy-recipe=Salad,34,0,0,True
trial_29,dish,62.5,1,6,1,greedy,Salad,12,agents=1-model=greedy-recipe=Salad,28,0,0,True
trial_29,dish,62.5,1,6,1,greedy,Salad,13,agents=1-model=greedy-recipe=Salad,28,0,0,True
trial_29,dish,62.5,1,6,1,greedy,Salad,14,agents=1-model=greedy-recipe=Salad,28,0,0,True
trial_29,dish,62.5,1,6,1,greedy,Salad,15,agents=1-model=greedy-recipe=Salad,28,0,0,True
trial_29,dish,62.5,1,6,1,greedy,Salad,16,agents=1-model=greedy-recipe=Salad,34,0,0,True
trial_29,dish,62.5,1,6,1,greedy,Salad,17,agents=1-model=greedy-recipe=Salad,28,0,0,True
trial_29,dish,62.5,1,6,1,greedy,Salad,18,agents=1-model=greedy-recipe=Salad,34,0,0,True
trial_29,dish,62.5,1,6,1,greedy,Salad,19,agents=1-model=greedy-recipe=Salad,28,0,0,True
trial_29,dish,62.5,1,6,1,greedy,Salad,20,agents=1-model=greedy-recipe=Salad,28,0,0,True
trial_29,dish,62.5,1,6,1,greedy,SaladOL,1,agents=1-model=greedy-recipe=SaladOL,30,0,0,True
trial_29,dish,62.5,1,6,1,greedy,SaladOL,2,agents=1-model=greedy-recipe=SaladOL,30,0,0,True
trial_29,dish,62.5,1,6,1,greedy,SaladOL,3,agents=1-model=greedy-recipe=SaladOL,30,0,0,True
trial_29,dish,62.5,1,6,1,greedy,SaladOL,4,agents=1-model=greedy-recipe=SaladOL,30,0,0,True
trial_29,dish,62.5,1,6,1,greedy,SaladOL,5,agents=1-model=greedy-recipe=SaladOL,30,0,0,True
trial_29,dish,62.5,1,6,1,greedy,SaladOL,6,agents=1-model=greedy-recipe=SaladOL,30,0,0,True
trial_29,dish,62.5,1,6,1,greedy,SaladOL,7,agents=1-model=greedy-recipe=SaladOL,30,0,0,True
trial_29,dish,62.5,1,6,1,greedy,SaladOL,8,agents=1-model=greedy-recipe=SaladOL,30,0,0,True
trial_29,dish,62.5,1,6,1,greedy,SaladOL,9,agents=1-model=greedy-recipe=SaladOL,30,0,0,True
trial_29,dish,62.5,1,6,1,greedy,SaladOL,10,agents=1-model=greedy-recipe=SaladOL,30,0,0,True
trial_29,dish,62.5,1,6,1,greedy,SaladOL,11,agents=1-model=greedy-recipe=SaladOL,30,0,0,True
trial_29,dish,62.5,1,6,1,greedy,SaladOL,12,agents=1-model=greedy-recipe=SaladOL,30,0,0,True
trial_29,dish,62.5,1,6,1,greedy,SaladOL,13,agents=1-model=greedy-recipe=SaladOL,30,0,0,True
trial_29,dish,62.5,1,6,1,greedy,SaladOL,14,agents=1-model=greedy-recipe=SaladOL,30,0,0,True
trial_29,dish,62.5,1,6,1,greedy,SaladOL,15,agents=1-model=greedy-recipe=SaladOL,30,0,0,True
trial_29,dish,62.5,1,6,1,greedy,SaladOL,16,agents=1-model=greedy-recipe=SaladOL,30,0,0,True
trial_29,dish,62.5,1,6,1,greedy,SaladOL,17,agents=1-model=greedy-recipe=SaladOL,30,0,0,True
trial_29,dish,62.5,1,6,1,greedy,SaladOL,18,agents=1-model=greedy-recipe=SaladOL,30,0,0,True
trial_29,dish,62.5,1,6,1,greedy,SaladOL,19,agents=1-model=greedy-recipe=SaladOL,30,0,0,True
trial_29,dish,62.5,1,6,1,greedy,SaladOL,20,agents=1-model=greedy-recipe=SaladOL,30,0,0,True
trial_30,dish,62.5,2,9,1,greedy,Salad,1,agents=1-model=greedy-recipe=Salad,32,0,0,True
trial_30,dish,62.5,2,9,1,greedy,Salad,2,agents=1-model=greedy-recipe=Salad,32,0,0,True
trial_30,dish,62.5,2,9,1,greedy,Salad,3,agents=1-model=greedy-recipe=Salad,32,0,0,True
trial_30,dish,62.5,2,9,1,greedy,Salad,4,agents=1-model=greedy-recipe=Salad,34,0,0,True
trial_30,dish,62.5,2,9,1,greedy,Salad,5,agents=1-model=greedy-recipe=Salad,32,0,0,True
trial_30,dish,62.5,2,9,1,greedy,Salad,6,agents=1-model=greedy-recipe=Salad,32,0,0,True
trial_30,dish,62.5,2,9,1,greedy,Salad,7,agents=1-model=greedy-recipe=Salad,34,0,0,True
trial_30,dish,62.5,2,9,1,greedy,Salad,8,agents=1-model=greedy-recipe=Salad,34,0,0,True
trial_30,dish,62.5,2,9,1,greedy,Salad,9,agents=1-model=greedy-recipe=Salad,34,0,0,True
trial_30,dish,62.5,2,9,1,greedy,Salad,10,agents=1-model=greedy-recipe=Salad,32,0,0,True
trial_30,dish,62.5,2,9,1,greedy,Salad,11,agents=1-model=greedy-recipe=Salad,32,0,0,True
trial_30,dish,62.5,2,9,1,greedy,Salad,12,agents=1-model=greedy-recipe=Salad,34,0,0,True
trial_30,dish,62.5,2,9,1,greedy,Salad,13,agents=1-model=greedy-recipe=Salad,34,0,0,True
trial_30,dish,62.5,2,9,1,greedy,Salad,14,agents=1-model=greedy-recipe=Salad,32,0,0,True
trial_30,dish,62.5,2,9,1,greedy,Salad,15,agents=1-model=greedy-recipe=Salad,32,0,0,True
trial_30,dish,62.5,2,9,1,greedy,Salad,16,agents=1-model=greedy-recipe=Salad,34,0,0,True
trial_30,dish,62.5,2,9,1,greedy,Salad,17,agents=1-model=greedy-recipe=Salad,32,0,0,True
trial_30,dish,62.5,2,9,1,greedy,Salad,18,agents=1-model=greedy-recipe=Salad,32,0,0,True
trial_30,dish,62.5,2,9,1,greedy,Salad,19,agents=1-model=greedy-recipe=Salad,32,0,0,True
trial_30,dish,62.5,2,9,1,greedy,Salad,20,agents=1-model=greedy-recipe=Salad,32,0,0,True
trial_30,dish,62.5,2,9,1,greedy,SaladOL,1,agents=1-model=greedy-recipe=SaladOL,30,0,0,True
trial_30,dish,62.5,2,9,1,greedy,SaladOL,2,agents=1-model=greedy-recipe=SaladOL,28,0,0,True
trial_30,dish,62.5,2,9,1,greedy,SaladOL,3,agents=1-model=greedy-recipe=SaladOL,30,0,0,True
trial_30,dish,62.5,2,9,1,greedy,SaladOL,4,agents=1-model=greedy-recipe=SaladOL,30,0,0,True
trial_30,dish,62.5,2,9,1,greedy,SaladOL,5,agents=1-model=greedy-recipe=SaladOL,28,0,0,True
trial_30,dish,62.5,2,9,1,greedy,SaladOL,6,agents=1-model=greedy-recipe=SaladOL,28,0,0,True
trial_30,dish,62.5,2,9,1,greedy,SaladOL,7,agents=1-model=greedy-recipe=SaladOL,28,0,0,True
trial_30,dish,62.5,2,9,1,greedy,SaladOL,8,agents=1-model=greedy-recipe=SaladOL,30,0,0,True
trial_30,dish,62.5,2,9,1,greedy,SaladOL,9,agents=1-model=greedy-recipe=SaladOL,28,0,0,True
trial_30,dish,62.5,2,9,1,greedy,SaladOL,10,agents=1-model=greedy-recipe=SaladOL,30,0,0,True
trial_30,dish,62.5,2,9,1,greedy,SaladOL,11,agents=1-model=greedy-recipe=SaladOL,28,0,0,True
trial_30,dish,62.5,2,9,1,greedy,SaladOL,12,agents=1-model=greedy-recipe=SaladOL,30,0,0,True
trial_30,dish,62.5,2,9,1,greedy,SaladOL,13,agents=1-model=greedy-recipe=SaladOL,28,0,0,True
trial_30,dish,62.5,2,9,1,greedy,SaladOL,14,agents=1-model=greedy-recipe=SaladOL,28,0,0,True
trial_30,dish,62.5,2,9,1,greedy,SaladOL,15,agents=1-model=greedy-recipe=SaladOL,28,0,0,True
trial_30,dish,62.5,2,9,1,greedy,SaladOL,16,agents=1-model=greedy-recipe=SaladOL,28,0,0,True
trial_30,dish,62.5,2,9,1,greedy,SaladOL,17,agents=1-model=greedy-recipe=SaladOL,28,0,0,True
trial_30,dish,62.5,2,9,1,greedy,SaladOL,18,agents=1-model=greedy-recipe=SaladOL,30,0,0,True
trial_30,dish,62.5,2,9,1,greedy,SaladOL,19,agents=1-model=greedy-recipe=SaladOL,30,0,0,True
trial_30,dish,62.5,2,9,1,greedy,SaladOL,20,agents=1-model=greedy-recipe=SaladOL,28,0,0,True
trial_31,dish,75.0,1,4,1,greedy,Salad,1,agents=1-model=greedy-recipe=Salad,42,0,0,True
trial_31,dish,75.0,1,4,1,greedy,Salad,2,agents=1-model=greedy-recipe=Salad,42,0,0,True
trial_31,dish,75.0,1,4,1,greedy,Salad,3,agents=1-model=greedy-recipe=Salad,42,0,0,True
trial_31,dish,75.0,1,4,1,greedy,Salad,4,agents=1-model=greedy-recipe=Salad,42,0,0,True
trial_31,dish,75.0,1,4,1,greedy,Salad,5,agents=1-model=greedy-recipe=Salad,42,0,0,True
trial_31,dish,75.0,1,4,1,greedy,Salad,6,agents=1-model=greedy-recipe=Salad,42,0,0,True
trial_31,dish,75.0,1,4,1,greedy,Salad,7,agents=1-model=greedy-recipe=Salad,42,0,0,True
trial_31,dish,75.0,1,4,1,greedy,Salad,8,agents=1-model=greedy-recipe=Salad,42,0,0,True
trial_31,dish,75.0,1,4,1,greedy,Salad,9,agents=1-model=greedy-recipe=Salad,42,0,0,True
trial_31,dish,75.0,1,4,1,greedy,Salad,10,agents=1-model=greedy-recipe=Salad,42,0,0,True
trial_31,dish,75.0,1,4,1,greedy,Salad,11,agents=1-model=greedy-recipe=Salad,42,0,0,True
trial_31,dish,75.0,1,4,1,greedy,Salad,12,agents=1-model=greedy-recipe=Salad,42,0,0,True
trial_31,dish,75.0,1,4,1,greedy,Salad,13,agents=1-model=greedy-recipe=Salad,42,0,0,True
trial_31,dish,75.0,1,4,1,greedy,Salad,14,agents=1-model=greedy-recipe=Salad,42,0,0,True
trial_31,dish,75.0,1,4,1,greedy,Salad,15,agents=1-model=greedy-recipe=Salad,42,0,0,True
trial_31,dish,75.0,1,4,1,greedy,Salad,16,agents=1-model=greedy-recipe=Salad,42,0,0,True
trial_31,dish,75.0,1,4,1,greedy,Salad,17,agents=1-model=greedy-recipe=Salad,42,0,0,True
trial_31,dish,75.0,1,4,1,greedy,Salad,18,agents=1-model=greedy-recipe=Salad,42,0,0,True
trial_31,dish,75.0,1,4,1,greedy,Salad,19,agents=1-model=greedy-recipe=Salad,42,0,0,True
trial_31,dish,75.0,1,4,1,greedy,Salad,20,agents=1-model=greedy-recipe=Salad,42,0,0,True
trial_31,dish,75.0,1,4,1,greedy,SaladOL,1,agents=1-model=greedy-recipe=SaladOL,30,0,0,True
trial_31,dish,75.0,1,4,1,greedy,SaladOL,2,agents=1-model=greedy-recipe=SaladOL,30,0,0,True
trial_31,dish,75.0,1,4,1,greedy,SaladOL,3,agents=1-model=greedy-recipe=SaladOL,30,0,0,True
trial_31,dish,75.0,1,4,1,greedy,SaladOL,4,agents=1-model=greedy-recipe=SaladOL,30,0,0,True
trial_31,dish,75.0,1,4,1,greedy,SaladOL,5,agents=1-model=greedy-recipe=SaladOL,30,0,0,True
trial_31,dish,75.0,1,4,1,greedy,SaladOL,6,agents=1-model=greedy-recipe=SaladOL,30,0,0,True
trial_31,dish,75.0,1,4,1,greedy,SaladOL,7,agents=1-model=greedy-recipe=SaladOL,30,0,0,True
trial_31,dish,75.0,1,4,1,greedy,SaladOL,8,agents=1-model=greedy-recipe=SaladOL,30,0,0,True
trial_31,dish,75.0,1,4,1,greedy,SaladOL,9,agents=1-model=greedy-recipe=SaladOL,30,0,0,True
trial_31,dish,75.0,1,4,1,greedy,SaladOL,10,agents=1-model=greedy-recipe=SaladOL,30,0,0,True
trial_31,dish,75.0,1,4,1,greedy,SaladOL,11,agents=1-model=greedy-recipe=SaladOL,30,0,0,True
trial_31,dish,75.0,1,4,1,greedy,SaladOL,12,agents=1-model=greedy-recipe=SaladOL,30,0,0,True
trial_31,dish,75.0,1,4,1,greedy,SaladOL,13,agents=1-model=greedy-recipe=SaladOL,30,0,0,True
trial_31,dish,75.0,1,4,1,greedy,SaladOL,14,agents=1-model=greedy-recipe=SaladOL,30,0,0,True
trial_31,dish,75.0,1,4,1,greedy,SaladOL,15,agents=1-model=greedy-recipe=SaladOL,30,0,0,True
trial_31,dish,75.0,1,4,1,greedy,SaladOL,16,agents=1-model=greedy-recipe=SaladOL,30,0,0,True
trial_31,dish,75.0,1,4,1,greedy,SaladOL,17,agents=1-model=greedy-recipe=SaladOL,30,0,0,True
trial_31,dish,75.0,1,4,1,greedy,SaladOL,18,agents=1-model=greedy-recipe=SaladOL,30,0,0,True
trial_31,dish,75.0,1,4,1,greedy,SaladOL,19,agents=1-model=greedy-recipe=SaladOL,30,0,0,True
trial_31,dish,75.0,1,4,1,greedy,SaladOL,20,agents=1-model=greedy-recipe=SaladOL,30,0,0,True
trial_32,dish,75.0,2,6,1,greedy,Salad,1,agents=1-model=greedy-recipe=Salad,46,0,0,True
trial_32,dish,75.0,2,6,1,greedy,Salad,2,agents=1-model=greedy-recipe=Salad,46,0,0,True
trial_32,dish,75.0,2,6,1,greedy,Salad,3,agents=1-model=greedy-recipe=Salad,46,0,0,True
trial_32,dish,75.0,2,6,1,greedy,Salad,4,agents=1-model=greedy-recipe=Salad,46,0,0,True
trial_32,dish,75.0,2,6,1,greedy,Salad,5,agents=1-model=greedy-recipe=Salad,46,0,0,True
trial_32,dish,75.0,2,6,1,greedy,Salad,6,agents=1-model=greedy-recipe=Salad,44,0,0,True
trial_32,dish,75.0,2,6,1,greedy,Salad,7,agents=1-model=greedy-recipe=Salad,46,0,0,True
trial_32,dish,75.0,2,6,1,greedy,Salad,8,agents=1-model=greedy-recipe=Salad,46,0,0,True
trial_32,dish,75.0,2,6,1,greedy,Salad,9,agents=1-model=greedy-recipe=Salad,46,0,0,True
trial_32,dish,75.0,2,6,1,greedy,Salad,10,agents=1-model=greedy-recipe=Salad,46,0,0,True
trial_32,dish,75.0,2,6,1,greedy,Salad,11,agents=1-model=greedy-recipe=Salad,46,0,0,True
trial_32,dish,75.0,2,6,1,greedy,Salad,12,agents=1-model=greedy-recipe=Salad,46,0,0,True
trial_32,dish,75.0,2,6,1,greedy,Salad,13,agents=1-model=greedy-recipe=Salad,46,0,0,True
trial_32,dish,75.0,2,6,1,greedy,Salad,14,agents=1-model=greedy-recipe=Salad,46,0,0,True
trial_32,dish,75.0,2,6,1,greedy,Salad,15,agents=1-model=greedy-recipe=Salad,46,0,0,True
trial_32,dish,75.0,2,6,1,greedy,Salad,16,agents=1-model=greedy-recipe=Salad,46,0,0,True
trial_32,dish,75.0,2,6,1,greedy,Salad,17,agents=1-model=greedy-recipe=Salad,46,0,0,True
trial_32,dish,75.0,2,6,1,greedy,Salad,18,agents=1-model=greedy-recipe=Salad,46,0,0,True
trial_32,dish,75.0,2,6,1,greedy,Salad,19,agents=1-model=greedy-recipe=Salad,46,0,0,True
trial_32,dish,75.0,2,6,1,greedy,Salad,20,agents=1-model=greedy-recipe=Salad,46,0,0,True
trial_32,dish,75.0,2,6,1,greedy,SaladOL,1,agents=1-model=greedy-recipe=SaladOL,28,0,0,True
trial_32,dish,75.0,2,6,1,greedy,SaladOL,2,agents=1-model=greedy-recipe=SaladOL,28,0,0,True
trial_32,dish,75.0,2,6,1,greedy,SaladOL,3,agents=1-model=greedy-recipe=SaladOL,28,0,0,True
trial_32,dish,75.0,2,6,1,greedy,SaladOL,4,agents=1-model=greedy-recipe=SaladOL,26,0,0,True
trial_32,dish,75.0,2,6,1,greedy,SaladOL,5,agents=1-model=greedy-recipe=SaladOL,28,0,0,True
trial_32,dish,75.0,2,6,1,greedy,SaladOL,6,agents=1-model=greedy-recipe=SaladOL,26,0,0,True
trial_32,dish,75.0,2,6,1,greedy,SaladOL,7,agents=1-model=greedy-recipe=SaladOL,26,0,0,True
trial_32,dish,75.0,2,6,1,greedy,SaladOL,8,agents=1-model=greedy-recipe=SaladOL,26,0,0,True
trial_32,dish,75.0,2,6,1,greedy,SaladOL,9,agents=1-model=greedy-recipe=SaladOL,26,0,0,True
trial_32,dish,75.0,2,6,1,greedy,SaladOL,10,agents=1-model=greedy-recipe=SaladOL,28,0,0,True
trial_32,dish,75.0,2,6,1,greedy,SaladOL,11,agents=1-model=greedy-recipe=SaladOL,28,0,0,True
trial_32,dish,75.0,2,6,1,greedy,SaladOL,12,agents=1-model=greedy-recipe=SaladOL,28,0,0,True
trial_32,dish,75.0,2,6,1,greedy,SaladOL,13,agents=1-model=greedy-recipe=SaladOL,28,0,0,True
trial_32,dish,75.0,2,6,1,greedy,SaladOL,14,agents=1-model=greedy-recipe=SaladOL,28,0,0,True
trial_32,dish,75.0,2,6,1,greedy,SaladOL,15,agents=1-model=greedy-recipe=SaladOL,28,0,0,True
trial_32,dish,75.0,2,6,1,greedy,SaladOL,16,agents=1-model=greedy-recipe=SaladOL,26,0,0,True
trial_32,dish,75.0,2,6,1,greedy,SaladOL,17,agents=1-model=greedy-recipe=SaladOL,26,0,0,True
trial_32,dish,75.0,2,6,1,greedy,SaladOL,18,agents=1-model=greedy-recipe=SaladOL,26,0,0,True
trial_32,dish,75.0,2,6,1,greedy,SaladOL,19,agents=1-model=greedy-recipe=SaladOL,28,0,0,True
trial_32,dish,75.0,2,6,1,greedy,SaladOL,20,agents=1-model=greedy-recipe=SaladOL,28,0,0,True
trial_33,dish,87.5,1,9,1,greedy,Salad,1,agents=1-model=greedy-recipe=Salad,44,0,0,True
trial_33,dish,87.5,1,9,1,greedy,Salad,2,agents=1-model=greedy-recipe=Salad,44,0,0,True
trial_33,dish,87.5,1,9,1,greedy,Salad,3,agents=1-model=greedy-recipe=Salad,44,0,0,True
trial_33,dish,87.5,1,9,1,greedy,Salad,4,agents=1-model=greedy-recipe=Salad,44,0,0,True
trial_33,dish,87.5,1,9,1,greedy,Salad,5,agents=1-model=greedy-recipe=Salad,44,0,0,True
trial_33,dish,87.5,1,9,1,greedy,Salad,6,agents=1-model=greedy-recipe=Salad,44,0,0,True
trial_33,dish,87.5,1,9,1,greedy,Salad,7,agents=1-model=greedy-recipe=Salad,44,0,0,True
trial_33,dish,87.5,1,9,1,greedy,Salad,8,agents=1-model=greedy-recipe=Salad,44,0,0,True
trial_33,dish,87.5,1,9,1,greedy,Salad,9,agents=1-model=greedy-recipe=Salad,44,0,0,True
trial_33,dish,87.5,1,9,1,greedy,Salad,10,agents=1-model=greedy-recipe=Salad,44,0,0,True
trial_33,dish,87.5,1,9,1,greedy,Salad,11,agents=1-model=greedy-recipe=Salad,44,0,0,True
trial_33,dish,87.5,1,9,1,greedy,Salad,12,agents=1-model=greedy-recipe=Salad,44,0,0,True
trial_33,dish,87.5,1,9,1,greedy,Salad,13,agents=1-model=greedy-recipe=Salad,44,0,0,True
trial_33,dish,87.5,1,9,1,greedy,Salad,14,agents=1-model=greedy-recipe=Salad,44,0,0,True
trial_33,dish,87.5,1,9,1,greedy,Salad,15,agents=1-model=greedy-recipe=Salad,44,0,0,True
trial_33,dish,87.5,1,9,1,greedy,Salad,16,agents=1-model=greedy-recipe=Salad,44,0,0,True
trial_33,dish,87.5,1,9,1,greedy,Salad,17,agents=1-model=greedy-recipe=Salad,44,0,0,True
trial_33,dish,87.5,1,9,1,greedy,Salad,18,agents=1-model=greedy-recipe=Salad,44,0,0,True
trial_33,dish,87.5,1,9,1,greedy,Salad,19,agents=1-model=greedy-recipe=Salad,44,0,0,True
trial_33,dish,87.5,1,9,1,greedy,Salad,20,agents=1-model=greedy-recipe=Salad,44,0,0,True
trial_33,dish,87.5,1,9,1,greedy,SaladOL,1,agents=1-model=greedy-recipe=SaladOL,30,0,0,True
trial_33,dish,87.5,1,9,1,greedy,SaladOL,2,agents=1-model=greedy-recipe=SaladOL,30,0,0,True
trial_33,dish,87.5,1,9,1,greedy,SaladOL,3,agents=1-model=greedy-recipe=SaladOL,30,0,0,True
trial_33,dish,87.5,1,9,1,greedy,SaladOL,4,agents=1-model=greedy-recipe=SaladOL,30,0,0,True
trial_33,dish,87.5,1,9,1,greedy,SaladOL,5,agents=1-model=greedy-recipe=SaladOL,30,0,0,True
trial_33,dish,87.5,1,9,1,greedy,SaladOL,6,agents=1-model=greedy-recipe=SaladOL,30,0,0,True
trial_33,dish,87.5,1,9,1,greedy,SaladOL,7,agents=1-model=greedy-recipe=SaladOL,30,0,0,True
trial_33,dish,87.5,1,9,1,greedy,SaladOL,8,agents=1-model=greedy-recipe=SaladOL,30,0,0,True
trial_33,dish,87.5,1,9,1,greedy,SaladOL,9,agents=1-model=greedy-recipe=SaladOL,30,0,0,True
trial_33,dish,87.5,1,9,1,greedy,SaladOL,10,agents=1-model=greedy-recipe=SaladOL,30,0,0,True
trial_33,dish,87.5,1,9,1,greedy,SaladOL,11,agents=1-model=greedy-recipe=SaladOL,30,0,0,True
trial_33,dish,87.5,1,9,1,greedy,SaladOL,12,agents=1-model=greedy-recipe=SaladOL,30,0,0,True
trial_33,dish,87.5,1,9,1,greedy,SaladOL,13,agents=1-model=greedy-recipe=SaladOL,30,0,0,True
trial_33,dish,87.5,1,9,1,greedy,SaladOL,14,agents=1-model=greedy-recipe=SaladOL,30,0,0,True
trial_33,dish,87.5,1,9,1,greedy,SaladOL,15,agents=1-model=greedy-recipe=SaladOL,30,0,0,True
trial_33,dish,87.5,1,9,1,greedy,SaladOL,16,agents=1-model=greedy-recipe=SaladOL,30,0,0,True
trial_33,dish,87.5,1,9,1,greedy,SaladOL,17,agents=1-model=greedy-recipe=SaladOL,30,0,0,True
trial_33,dish,87.5,1,9,1,greedy,SaladOL,18,agents=1-model=greedy-recipe=SaladOL,30,0,0,True
trial_33,dish,87.5,1,9,1,greedy,SaladOL,19,agents=1-model=greedy-recipe=SaladOL,30,0,0,True
trial_33,dish,87.5,1,9,1,greedy,SaladOL,20,agents=1-model=greedy-recipe=SaladOL,30,0,0,True
trial_34,dish,87.5,2,4,1,greedy,Salad,1,agents=1-model=greedy-recipe=Salad,42,0,0,True
trial_34,dish,87.5,2,4,1,greedy,Salad,2,agents=1-model=greedy-recipe=Salad,42,0,0,True
trial_34,dish,87.5,2,4,1,greedy,Salad,3,agents=1-model=greedy-recipe=Salad,42,0,0,True
trial_34,dish,87.5,2,4,1,greedy,Salad,4,agents=1-model=greedy-recipe=Salad,42,0,0,True
trial_34,dish,87.5,2,4,1,greedy,Salad,5,agents=1-model=greedy-recipe=Salad,42,0,0,True
trial_34,dish,87.5,2,4,1,greedy,Salad,6,agents=1-model=greedy-recipe=Salad,42,0,0,True
trial_34,dish,87.5,2,4,1,greedy,Salad,7,agents=1-model=greedy-recipe=Salad,42,0,0,True
trial_34,dish,87.5,2,4,1,greedy,Salad,8,agents=1-model=greedy-recipe=Salad,42,0,0,True
trial_34,dish,87.5,2,4,1,greedy,Salad,9,agents=1-model=greedy-recipe=Salad,42,0,0,True
trial_34,dish,87.5,2,4,1,greedy,Salad,10,agents=1-model=greedy-recipe=Salad,42,0,0,True
trial_34,dish,87.5,2,4,1,greedy,Salad,11,agents=1-model=greedy-recipe=Salad,42,0,0,True
trial_34,dish,87.5,2,4,1,greedy,Salad,12,agents=1-model=greedy-recipe=Salad,42,0,0,True
trial_34,dish,87.5,2,4,1,greedy,Salad,13,agents=1-model=greedy-recipe=Salad,42,0,0,True
trial_34,dish,87.5,2,4,1,greedy,Salad,14,agents=1-model=greedy-recipe=Salad,42,0,0,True
trial_34,dish,87.5,2,4,1,greedy,Salad,15,agents=1-model=greedy-recipe=Salad,42,0,0,True
trial_34,dish,87.5,2,4,1,greedy,Salad,16,agents=1-model=greedy-recipe=Salad,42,0,0,True
trial_34,dish,87.5,2,4,1,greedy,Salad,17,agents=1-model=greedy-recipe=Salad,42,0,0,True
trial_34,dish,87.5,2,4,1,greedy,Salad,18,agents=1-model=greedy-recipe=Salad,42,0,0,True
trial_34,dish,87.5,2,4,1,greedy,Salad,19,agents=1-model=greedy-recipe=Salad,42,0,0,True
trial_34,dish,87.5,2,4,1,greedy,Salad,20,agents=1-model=greedy-recipe=Salad,42,0,0,True
trial_34,dish,87.5,2,4,1,greedy,SaladOL,1,agents=1-model=greedy-recipe=SaladOL,32,0,0,True
trial_34,dish,87.5,2,4,1,greedy,SaladOL,2,agents=1-model=greedy-recipe=SaladOL,30,0,0,True
trial_34,dish,87.5,2,4,1,greedy,SaladOL,3,agents=1-model=greedy-recipe=SaladOL,32,0,0,True
trial_34,dish,87.5,2,4,1,greedy,SaladOL,4,agents=1-model=greedy-recipe=SaladOL,32,0,0,True
trial_34,dish,87.5,2,4,1,greedy,SaladOL,5,agents=1-model=greedy-recipe=SaladOL,28,0,0,True
trial_34,dish,87.5,2,4,1,greedy,SaladOL,6,agents=1-model=greedy-recipe=SaladOL,30,0,0,True
trial_34,dish,87.5,2,4,1,greedy,SaladOL,7,agents=1-model=greedy-recipe=SaladOL,28,0,0,True
trial_34,dish,87.5,2,4,1,greedy,SaladOL,8,agents=1-model=greedy-recipe=SaladOL,32,0,0,True
trial_34,dish,87.5,2,4,1,greedy,SaladOL,9,agents=1-model=greedy-recipe=SaladOL,30,0,0,True
trial_34,dish,87.5,2,4,1,greedy,SaladOL,10,agents=1-model=greedy-recipe=SaladOL,32,0,0,True
trial_34,dish,87.5,2,4,1,greedy,SaladOL,11,agents=1-model=greedy-recipe=SaladOL,30,0,0,True
trial_34,dish,87.5,2,4,1,greedy,SaladOL,12,agents=1-model=greedy-recipe=SaladOL,32,0,0,True
trial_34,dish,87.5,2,4,1,greedy,SaladOL,13,agents=1-model=greedy-recipe=SaladOL,32,0,0,True
trial_34,dish,87.5,2,4,1,greedy,SaladOL,14,agents=1-model=greedy-recipe=SaladOL,28,0,0,True
trial_34,dish,87.5,2,4,1,greedy,SaladOL,15,agents=1-model=greedy-recipe=SaladOL,30,0,0,True
trial_34,dish,87.5,2,4,1,greedy,SaladOL,16,agents=1-model=greedy-recipe=SaladOL,30,0,0,True
trial_34,dish,87.5,2,4,1,greedy,SaladOL,17,agents=1-model=greedy-recipe=SaladOL,32,0,0,True
trial_34,dish,87.5,2,4,1,greedy,SaladOL,18,agents=1-model=greedy-recipe=SaladOL,30,0,0,True
trial_34,dish,87.5,2,4,1,greedy,SaladOL,19,agents=1-model=greedy-recipe=SaladOL,32,0,0,True
trial_34,dish,87.5,2,4,1,greedy,SaladOL,20,agents=1-model=greedy-recipe=SaladOL,32,0,0,True
trial_35,dish,100.0,1,6,1,greedy,Salad,1,agents=1-model=greedy-recipe=Salad,100,47,0,False
trial_35,dish,100.0,1,6,1,greedy,Salad,2,agents=1-model=greedy-recipe=Salad,100,41,0,False
trial_35,dish,100.0,1,6,1,greedy,Salad,3,agents=1-model=greedy-recipe=Salad,100,45,0,False
trial_35,dish,100.0,1,6,1,greedy,Salad,4,agents=1-model=greedy-recipe=Salad,100,47,0,False
trial_35,dish,100.0,1,6,1,greedy,Salad,5,agents=1-model=greedy-recipe=Salad,100,49,0,False
trial_35,dish,100.0,1,6,1,greedy,Salad,6,agents=1-model=greedy-recipe=Salad,100,41,0,False
trial_35,dish,100.0,1,6,1,greedy,Salad,7,agents=1-model=greedy-recipe=Salad,100,42,0,False
trial_35,dish,100.0,1,6,1,greedy,Salad,8,agents=1-model=greedy-recipe=Salad,100,43,0,False
trial_35,dish,100.0,1,6,1,greedy,Salad,9,agents=1-model=greedy-recipe=Salad,100,52,0,False
trial_35,dish,100.0,1,6,1,greedy,Salad,10,agents=1-model=greedy-recipe=Salad,100,43,0,False
trial_35,dish,100.0,1,6,1,greedy,Salad,11,agents=1-model=greedy-recipe=Salad,100,48,0,False
trial_35,dish,100.0,1,6,1,greedy,Salad,12,agents=1-model=greedy-recipe=Salad,100,44,0,False
trial_35,dish,100.0,1,6,1,greedy,Salad,13,agents=1-model=greedy-recipe=Salad,100,39,0,False
trial_35,dish,100.0,1,6,1,greedy,Salad,14,agents=1-model=greedy-recipe=Salad,100,38,0,False
trial_35,dish,100.0,1,6,1,greedy,Salad,15,agents=1-model=greedy-recipe=Salad,100,48,0,False
trial_35,dish,100.0,1,6,1,greedy,Salad,16,agents=1-model=greedy-recipe=Salad,100,51,0,False
trial_35,dish,100.0,1,6,1,greedy,Salad,17,agents=1-model=greedy-recipe=Salad,100,48,0,False
trial_35,dish,100.0,1,6,1,greedy,Salad,18,agents=1-model=greedy-recipe=Salad,100,52,0,False
trial_35,dish,100.0,1,6,1,greedy,Salad,19,agents=1-model=greedy-recipe=Salad,100,37,0,False
trial_35,dish,100.0,1,6,1,greedy,Salad,20,agents=1-model=greedy-recipe=Salad,100,46,0,False
trial_35,dish,100.0,1,6,1,greedy,SaladOL,1,agents=1-model=greedy-recipe=SaladOL,33,0,0,True
trial_35,dish,100.0,1,6,1,greedy,SaladOL,2,agents=1-model=greedy-recipe=SaladOL,33,0,0,True
trial_35,dish,100.0,1,6,1,greedy,SaladOL,3,agents=1-model=greedy-recipe=SaladOL,33,0,0,True
trial_35,dish,100.0,1,6,1,greedy,SaladOL,4,agents=1-model=greedy-recipe=SaladOL,33,0,0,True
trial_35,dish,100.0,1,6,1,greedy,SaladOL,5,agents=1-model=greedy-recipe=SaladOL,33,0,0,True
trial_35,dish,100.0,1,6,1,greedy,SaladOL,6,agents=1-model=greedy-recipe=SaladOL,33,0,0,True
trial_35,dish,100.0,1,6,1,greedy,SaladOL,7,agents=1-model=greedy-recipe=SaladOL,33,0,0,True
trial_35,dish,100.0,1,6,1,greedy,SaladOL,8,agents=1-model=greedy-recipe=SaladOL,33,0,0,True
trial_35,dish,100.0,1,6,1,greedy,SaladOL,9,agents=1-model=greedy-recipe=SaladOL,33,0,0,True
trial_35,dish,100.0,1,6,1,greedy,SaladOL,10,agents=1-model=greedy-recipe=SaladOL,33,0,0,True
trial_35,dish,100.0,1,6,1,greedy,SaladOL,11,agents=1-model=greedy-recipe=SaladOL,33,0,0,True
trial_35,dish,100.0,1,6,1,greedy,SaladOL,12,agents=1-model=greedy-recipe=SaladOL,33,0,0,True
trial_35,dish,100.0,1,6,1,greedy,SaladOL,13,agents=1-model=greedy-recipe=SaladOL,33,0,0,True
trial_35,dish,100.0,1,6,1,greedy,SaladOL,14,agents=1-model=greedy-recipe=SaladOL,33,0,0,True
trial_35,dish,100.0,1,6,1,greedy,SaladOL,15,agents=1-model=greedy-recipe=SaladOL,33,0,0,True
trial_35,dish,100.0,1,6,1,greedy,SaladOL,16,agents=1-model=greedy-recipe=SaladOL,33,0,0,True
trial_35,dish,100.0,1,6,1,greedy,SaladOL,17,agents=1-model=greedy-recipe=SaladOL,33,0,0,True
trial_35,dish,100.0,1,6,1,greedy,SaladOL,18,agents=1-model=greedy-recipe=SaladOL,33,0,0,True
trial_35,dish,100.0,1,6,1,greedy,SaladOL,19,agents=1-model=greedy-recipe=SaladOL,33,0,0,True
trial_35,dish,100.0,1,6,1,greedy,SaladOL,20,agents=1-model=greedy-recipe=SaladOL,33,0,0,True
trial_36,dish,100.0,2,9,1,greedy,Salad,1,agents=1-model=greedy-recipe=Salad,100,52,0,False
trial_36,dish,100.0,2,9,1,greedy,Salad,2,agents=1-model=greedy-recipe=Salad,100,42,0,False
trial_36,dish,100.0,2,9,1,greedy,Salad,3,agents=1-model=greedy-recipe=Salad,100,45,0,False
trial_36,dish,100.0,2,9,1,greedy,Salad,4,agents=1-model=greedy-recipe=Salad,100,49,0,False
trial_36,dish,100.0,2,9,1,greedy,Salad,5,agents=1-model=greedy-recipe=Salad,100,47,0,False
trial_36,dish,100.0,2,9,1,greedy,Salad,6,agents=1-model=greedy-recipe=Salad,100,43,0,False
trial_36,dish,100.0,2,9,1,greedy,Salad,7,agents=1-model=greedy-recipe=Salad,100,48,0,False
trial_36,dish,100.0,2,9,1,greedy,Salad,8,agents=1-model=greedy-recipe=Salad,100,50,0,False
trial_36,dish,100.0,2,9,1,greedy,Salad,9,agents=1-model=greedy-recipe=Salad,100,44,0,False
trial_36,dish,100.0,2,9,1,greedy,Salad,10,agents=1-model=greedy-recipe=Salad,100,39,0,False
trial_36,dish,100.0,2,9,1,greedy,Salad,11,agents=1-model=greedy-recipe=Salad,100,52,0,False
trial_36,dish,100.0,2,9,1,greedy,Salad,12,agents=1-model=greedy-recipe=Salad,100,42,0,False
trial_36,dish,100.0,2,9,1,greedy,Salad,13,agents=1-model=greedy-recipe=Salad,100,41,0,False
trial_36,dish,100.0,2,9,1,greedy,Salad,14,agents=1-model=greedy-recipe=Salad,100,39,0,False
trial_36,dish,100.0,2,9,1,greedy,Salad,15,agents=1-model=greedy-recipe=Salad,100,46,0,False
trial_36,dish,100.0,2,9,1,greedy,Salad,16,agents=1-model=greedy-recipe=Salad,100,54,0,False
trial_36,dish,100.0,2,9,1,greedy,Salad,17,agents=1-model=greedy-recipe=Salad,100,51,0,False
trial_36,dish,100.0,2,9,1,greedy,Salad,18,agents=1-model=greedy-recipe=Salad,100,47,0,False
trial_36,dish,100.0,2,9,1,greedy,Salad,19,agents=1-model=greedy-recipe=Salad,100,44,0,False
trial_36,dish,100.0,2,9,1,greedy,Salad,20,agents=1-model=greedy-recipe=Salad,100,50,0,False
trial_36,dish,100.0,2,9,1,greedy,SaladOL,1,agents=1-model=greedy-recipe=SaladOL,30,0,0,True
trial_36,dish,100.0,2,9,1,greedy,SaladOL,2,agents=1-model=greedy-recipe=SaladOL,30,0,0,True
trial_36,dish,100.0,2,9,1,greedy,SaladOL,3,agents=1-model=greedy-recipe=SaladOL,30,0,0,True
trial_36,dish,100.0,2,9,1,greedy,SaladOL,4,agents=1-model=greedy-recipe=SaladOL,30,0,0,True
trial_36,dish,100.0,2,9,1,greedy,SaladOL,5,agents=1-model=greedy-recipe=SaladOL,30,0,0,True
trial_36,dish,100.0,2,9,1,greedy,SaladOL,6,agents=1-model=greedy-recipe=SaladOL,30,0,0,True
trial_36,dish,100.0,2,9,1,greedy,SaladOL,7,agents=1-model=greedy-recipe=SaladOL,30,0,0,True
trial_36,dish,100.0,2,9,1,greedy,SaladOL,8,agents=1-model=greedy-recipe=SaladOL,30,0,0,True
trial_36,dish,100.0,2,9,1,greedy,SaladOL,9,agents=1-model=greedy-recipe=SaladOL,30,0,0,True
trial_36,dish,100.0,2,9,1,greedy,SaladOL,10,agents=1-model=greedy-recipe=SaladOL,30,0,0,True
trial_36,dish,100.0,2,9,1,greedy,SaladOL,11,agents=1-model=greedy-recipe=SaladOL,30,0,0,True
trial_36,dish,100.0,2,9,1,greedy,SaladOL,12,agents=1-model=greedy-recipe=SaladOL,30,0,0,True
trial_36,dish,100.0,2,9,1,greedy,SaladOL,13,agents=1-model=greedy-recipe=SaladOL,30,0,0,True
trial_36,dish,100.0,2,9,1,greedy,SaladOL,14,agents=1-model=greedy-recipe=SaladOL,30,0,0,True
trial_36,dish,100.0,2,9,1,greedy,SaladOL,15,agents=1-model=greedy-recipe=SaladOL,30,0,0,True
trial_36,dish,100.0,2,9,1,greedy,SaladOL,16,agents=1-model=greedy-recipe=SaladOL,30,0,0,True
trial_36,dish,100.0,2,9,1,greedy,SaladOL,17,agents=1-model=greedy-recipe=SaladOL,30,0,0,True
trial_36,dish,100.0,2,9,1,greedy,SaladOL,18,agents=1-model=greedy-recipe=SaladOL,30,0,0,True
trial_36,dish,100.0,2,9,1,greedy,SaladOL,19,agents=1-model=greedy-recipe=SaladOL,30,0,0,True
trial_36,dish,100.0,2,9,1,greedy,SaladOL,20,agents=1-model=greedy-recipe=SaladOL,30,0,0,True
